feature_id,attribute,value,source,source_url,license,retrieved_at,observed_at,confidence,status
node/206270454,wheelchair,yes,OpenStreetMap,https://www.openstreetmap.org/node/206270454,ODbL 1.0,2026-10-03,,0.5,prawdopodobne
node/274115129,wheelchair,limited,OpenStreetMap,https://www.openstreetmap.org/node/274115129,ODbL 1.0,2026-10-03,,0.5,prawdopodobne
node/274115129,level,-1,OpenStreetMap,https://www.openstreetmap.org/node/274115129,ODbL 1.0,2026-10-03,,0.5,prawdopodobne
node/278167557,wheelchair,yes,OpenStreetMap,https://www.openstreetmap.org/node/278167557,ODbL 1.0,2026-10-03,2026-08-21,0.8,potwierdzone
node/278167557,changing_table,no,OpenStreetMap,https://www.openstreetmap.org/node/278167557,ODbL 1.0,2026-10-03,2026-08-21,0.8,potwierdzone
node/279040195,wheelchair,no,OpenStreetMap,https://www.openstreetmap.org/node/279040195,ODbL 1.0,2026-10-03,2025-12-20,0.8,potwierdzone
node/279040195,level,-1,OpenStreetMap,https://www.openstreetmap.org/node/279040195,ODbL 1.0,2026-10-03,2025-12-20,0.8,potwierdzone
node/280316850,wheelchair,yes,OpenStreetMap,https://www.openstreetmap.org/node/280316850,ODbL 1.0,2026-10-03,,0.5,prawdopodobne
node/283018590,wheelchair,yes,OpenStreetMap,https://www.openstreetmap.org/node/283018590,ODbL 1.0,2026-10-03,,0.5,prawdopodobne
node/283018590,level,-1,OpenStreetMap,https://www.openstreetmap.org/node/283018590,ODbL 1.0,2026-10-03,,0.5,prawdopodobne
node/289259039,wheelchair,yes,OpenStreetMap,https://www.openstreetmap.org/node/289259039,ODbL 1.0,2026-10-03,,0.5,prawdopodobne
node/289259039,lit,no,OpenStreetMap,https://www.openstreetmap.org/node/289259039,ODbL 1.0,2026-10-03,,0.5,prawdopodobne
node/469988995,level,1,OpenStreetMap,https://www.openstreetmap.org/node/469988995,ODbL 1.0,2026-10-03,,0.5,prawdopodobne
node/470637599,wheelchair,yes,OpenStreetMap,https://www.openstreetmap.org/node/470637599,ODbL 1.0,2026-10-03,2025-10-24,0.8,potwierdzone
node/470643346,wheelchair,yes,OpenStreetMap,https://www.openstreetmap.org/node/470643346,ODbL 1.0,2026-10-03,,0.5,prawdopodobne
node/475387250,wheelchair,limited,OpenStreetMap,https://www.openstreetmap.org/node/475387250,ODbL 1.0,2026-10-03,2025-07-24,0.8,potwierdzone
node/475387250,toilets:wheelchair,no,OpenStreetMap,https://www.openstreetmap.org/node/475387250,ODbL 1.0,2026-10-03,2025-07-24,0.8,potwierdzone
node/475387262,level,-1,OpenStreetMap,https://www.openstreetmap.org/node/475387262,ODbL 1.0,2026-10-03,2026-06-30,0.8,potwierdzone
node/475387295,level,-1,OpenStreetMap,https://www.openstreetmap.org/node/475387295,ODbL 1.0,2026-10-03,,0.5,prawdopodobne
node/475387314,wheelchair,yes,OpenStreetMap,https://www.openstreetmap.org/node/475387314,ODbL 1.0,2026-10-03,,0.5,prawdopodobne
node/475387315,wheelchair,yes,OpenStreetMap,https://www.openstreetmap.org/node/475387315,ODbL 1.0,2026-10-03,,0.5,prawdopodobne
node/475613547,wheelchair,yes,OpenStreetMap,https://www.openstreetmap.org/node/475613547,ODbL 1.0,2026-10-03,,0.5,prawdopodobne
node/475613557,wheelchair,no,OpenStreetMap,https://www.openstreetmap.org/node/475613557,ODbL 1.0,2026-10-03,,0.5,prawdopodobne
node/475613633,level,-1,OpenStreetMap,https://www.openstreetmap.org/node/475613633,ODbL 1.0,2026-10-03,,0.5,prawdopodobne
node/475613639,wheelchair,limited,OpenStreetMap,https://www.openstreetmap.org/node/475613639,ODbL 1.0,2026-10-03,,0.5,prawdopodobne
node/475613654,wheelchair,no,OpenStreetMap,https://www.openstreetmap.org/node/475613654,ODbL 1.0,2026-10-03,,0.5,prawdopodobne
node/475613690,wheelchair,limited,OpenStreetMap,https://www.openstreetmap.org/node/475613690,ODbL 1.0,2026-10-03,,0.5,prawdopodobne
node/475613690,toilets:wheelchair,limited,OpenStreetMap,https://www.openstreetmap.org/node/475613690,ODbL 1.0,2026-10-03,,0.5,prawdopodobne
node/475613690,changing_table,yes,OpenStreetMap,https://www.openstreetmap.org/node/475613690,ODbL 1.0,2026-10-03,,0.5,prawdopodobne
node/475613695,wheelchair,yes,OpenStreetMap,https://www.openstreetmap.org/node/475613695,ODbL 1.0,2026-10-03,2025-07-28,0.8,potwierdzone
node/475613710,wheelchair,yes,OpenStreetMap,https://www.openstreetmap.org/node/475613710,ODbL 1.0,2026-10-03,,0.5,prawdopodobne
node/475613712,level,-1,OpenStreetMap,https://www.openstreetmap.org/node/475613712,ODbL 1.0,2026-10-03,2025-12-22,0.8,potwierdzone
node/475613715,wheelchair,yes,OpenStreetMap,https://www.openstreetmap.org/node/475613715,ODbL 1.0,2026-10-03,2025-12-22,0.8,potwierdzone
node/475613715,changing_table,yes,OpenStreetMap,https://www.openstreetmap.org/node/475613715,ODbL 1.0,2026-10-03,2025-12-22,0.8,potwierdzone
node/475613726,wheelchair,limited,OpenStreetMap,https://www.openstreetmap.org/node/475613726,ODbL 1.0,2026-10-03,,0.5,prawdopodobne
node/475613735,level,0,OpenStreetMap,https://www.openstreetmap.org/node/475613735,ODbL 1.0,2026-10-03,2025-12-22,0.8,potwierdzone
node/488257828,level,-1;0,OpenStreetMap,https://www.openstreetmap.org/node/488257828,ODbL 1.0,2026-10-03,2026-03-13,0.8,potwierdzone
node/488257861,wheelchair,no,OpenStreetMap,https://www.openstreetmap.org/node/488257861,ODbL 1.0,2026-10-03,,0.5,prawdopodobne
node/488257930,wheelchair,no,OpenStreetMap,https://www.openstreetmap.org/node/488257930,ODbL 1.0,2026-10-03,,0.5,prawdopodobne
node/488257947,wheelchair,no,OpenStreetMap,https://www.openstreetmap.org/node/488257947,ODbL 1.0,2026-10-03,,0.5,prawdopodobne
node/488258023,wheelchair,no,OpenStreetMap,https://www.openstreetmap.org/node/488258023,ODbL 1.0,2026-10-03,2023-06-04,0.62,prawdopodobne
node/490986139,wheelchair,yes,OpenStreetMap,https://www.openstreetmap.org/node/490986139,ODbL 1.0,2026-10-03,,0.5,prawdopodobne
node/490986145,level,-1,OpenStreetMap,https://www.openstreetmap.org/node/490986145,ODbL 1.0,2026-10-03,,0.5,prawdopodobne
node/490986171,wheelchair,no,OpenStreetMap,https://www.openstreetmap.org/node/490986171,ODbL 1.0,2026-10-03,2025-08-26,0.8,potwierdzone
node/490986192,wheelchair,no,OpenStreetMap,https://www.openstreetmap.org/node/490986192,ODbL 1.0,2026-10-03,,0.5,prawdopodobne
node/490986228,wheelchair,no,OpenStreetMap,https://www.openstreetmap.org/node/490986228,ODbL 1.0,2026-10-03,,0.5,prawdopodobne
node/490986256,wheelchair,no,OpenStreetMap,https://www.openstreetmap.org/node/490986256,ODbL 1.0,2026-10-03,,0.5,prawdopodobne
node/490986259,wheelchair,limited,OpenStreetMap,https://www.openstreetmap.org/node/490986259,ODbL 1.0,2026-10-03,,0.5,prawdopodobne
node/490986264,level,-1,OpenStreetMap,https://www.openstreetmap.org/node/490986264,ODbL 1.0,2026-10-03,,0.5,prawdopodobne
node/490986318,level,-1,OpenStreetMap,https://www.openstreetmap.org/node/490986318,ODbL 1.0,2026-10-03,,0.5,prawdopodobne
node/490986331,wheelchair,limited,OpenStreetMap,https://www.openstreetmap.org/node/490986331,ODbL 1.0,2026-10-03,,0.5,prawdopodobne
node/490986385,wheelchair,no,OpenStreetMap,https://www.openstreetmap.org/node/490986385,ODbL 1.0,2026-10-03,,0.5,prawdopodobne
node/490986395,wheelchair,no,OpenStreetMap,https://www.openstreetmap.org/node/490986395,ODbL 1.0,2026-10-03,,0.5,prawdopodobne
node/490986401,wheelchair,no,OpenStreetMap,https://www.openstreetmap.org/node/490986401,ODbL 1.0,2026-10-03,,0.5,prawdopodobne
node/490986417,wheelchair,yes,OpenStreetMap,https://www.openstreetmap.org/node/490986417,ODbL 1.0,2026-10-03,,0.5,prawdopodobne
node/490986424,wheelchair,no,OpenStreetMap,https://www.openstreetmap.org/node/490986424,ODbL 1.0,2026-10-03,,0.5,prawdopodobne
node/490986424,level,-1,OpenStreetMap,https://www.openstreetmap.org/node/490986424,ODbL 1.0,2026-10-03,,0.5,prawdopodobne
node/490986443,wheelchair,no,OpenStreetMap,https://www.openstreetmap.org/node/490986443,ODbL 1.0,2026-10-03,,0.5,prawdopodobne
node/490986462,wheelchair,no,OpenStreetMap,https://www.openstreetmap.org/node/490986462,ODbL 1.0,2026-10-03,,0.5,prawdopodobne
node/490986491,wheelchair,no,OpenStreetMap,https://www.openstreetmap.org/node/490986491,ODbL 1.0,2026-10-03,2026-07-14,0.8,potwierdzone
node/490986508,wheelchair,no,OpenStreetMap,https://www.openstreetmap.org/node/490986508,ODbL 1.0,2026-10-03,,0.5,prawdopodobne
node/601062459,level,0;-0.5;-1.5,OpenStreetMap,https://www.openstreetmap.org/node/601062459,ODbL 1.0,2026-10-03,,0.5,prawdopodobne
node/630945148,wheelchair,yes,OpenStreetMap,https://www.openstreetmap.org/node/630945148,ODbL 1.0,2026-10-03,,0.5,prawdopodobne
node/630945148,bench,yes,OpenStreetMap,https://www.openstreetmap.org/node/630945148,ODbL 1.0,2026-10-03,,0.5,prawdopodobne
node/651848336,wheelchair,limited,OpenStreetMap,https://www.openstreetmap.org/node/651848336,ODbL 1.0,2026-10-03,,0.5,prawdopodobne
node/724399297,bench,yes,OpenStreetMap,https://www.openstreetmap.org/node/724399297,ODbL 1.0,2026-10-03,,0.5,prawdopodobne
node/724399297,tactile_paving,no,OpenStreetMap,https://www.openstreetmap.org/node/724399297,ODbL 1.0,2026-10-03,,0.5,prawdopodobne
node/724399297,lit,yes,OpenStreetMap,https://www.openstreetmap.org/node/724399297,ODbL 1.0,2026-10-03,,0.5,prawdopodobne
node/724399302,bench,yes,OpenStreetMap,https://www.openstreetmap.org/node/724399302,ODbL 1.0,2026-10-03,,0.5,prawdopodobne
node/724399302,tactile_paving,yes,OpenStreetMap,https://www.openstreetmap.org/node/724399302,ODbL 1.0,2026-10-03,,0.5,prawdopodobne
node/724399302,lit,yes,OpenStreetMap,https://www.openstreetmap.org/node/724399302,ODbL 1.0,2026-10-03,,0.5,prawdopodobne
node/724399310,bench,yes,OpenStreetMap,https://www.openstreetmap.org/node/724399310,ODbL 1.0,2026-10-03,,0.5,prawdopodobne
node/724399310,tactile_paving,no,OpenStreetMap,https://www.openstreetmap.org/node/724399310,ODbL 1.0,2026-10-03,,0.5,prawdopodobne
node/724399310,lit,yes,OpenStreetMap,https://www.openstreetmap.org/node/724399310,ODbL 1.0,2026-10-03,,0.5,prawdopodobne
node/724399315,bench,yes,OpenStreetMap,https://www.openstreetmap.org/node/724399315,ODbL 1.0,2026-10-03,,0.5,prawdopodobne
node/724399315,tactile_paving,no,OpenStreetMap,https://www.openstreetmap.org/node/724399315,ODbL 1.0,2026-10-03,,0.5,prawdopodobne
node/724399315,lit,yes,OpenStreetMap,https://www.openstreetmap.org/node/724399315,ODbL 1.0,2026-10-03,,0.5,prawdopodobne
node/752177408,wheelchair,no,OpenStreetMap,https://www.openstreetmap.org/node/752177408,ODbL 1.0,2026-10-03,2025-04-20,0.8,potwierdzone
node/935797788,wheelchair,no,OpenStreetMap,https://www.openstreetmap.org/node/935797788,ODbL 1.0,2026-10-03,2025-10-24,0.8,potwierdzone
node/957908480,wheelchair,yes,OpenStreetMap,https://www.openstreetmap.org/node/957908480,ODbL 1.0,2026-10-03,,0.5,prawdopodobne
node/973922057,wheelchair,yes,OpenStreetMap,https://www.openstreetmap.org/node/973922057,ODbL 1.0,2026-10-03,,0.5,prawdopodobne
node/979972831,wheelchair,limited,OpenStreetMap,https://www.openstreetmap.org/node/979972831,ODbL 1.0,2026-10-03,,0.5,prawdopodobne
node/979972831,wheelchair:description,jest wyciągana dostawka na schody,OpenStreetMap,https://www.openstreetmap.org/node/979972831,ODbL 1.0,2026-10-03,,0.5,prawdopodobne
node/984437038,wheelchair,limited,OpenStreetMap,https://www.openstreetmap.org/node/984437038,ODbL 1.0,2026-10-03,,0.5,prawdopodobne
node/1018233520,wheelchair,yes,OpenStreetMap,https://www.openstreetmap.org/node/1018233520,ODbL 1.0,2026-10-03,,0.5,prawdopodobne
node/1027047776,wheelchair,yes,OpenStreetMap,https://www.openstreetmap.org/node/1027047776,ODbL 1.0,2026-10-03,,0.5,prawdopodobne
node/1118677968,bench,no,OpenStreetMap,https://www.openstreetmap.org/node/1118677968,ODbL 1.0,2026-10-03,,0.5,prawdopodobne
node/1118677968,tactile_paving,no,OpenStreetMap,https://www.openstreetmap.org/node/1118677968,ODbL 1.0,2026-10-03,,0.5,prawdopodobne
node/1118677968,lit,no,OpenStreetMap,https://www.openstreetmap.org/node/1118677968,ODbL 1.0,2026-10-03,,0.5,prawdopodobne
node/1118677969,wheelchair,yes,OpenStreetMap,https://www.openstreetmap.org/node/1118677969,ODbL 1.0,2026-10-03,,0.5,prawdopodobne
node/1118677969,bench,no,OpenStreetMap,https://www.openstreetmap.org/node/1118677969,ODbL 1.0,2026-10-03,,0.5,prawdopodobne
node/1118677969,tactile_paving,no,OpenStreetMap,https://www.openstreetmap.org/node/1118677969,ODbL 1.0,2026-10-03,,0.5,prawdopodobne
node/1316407578,wheelchair,yes,OpenStreetMap,https://www.openstreetmap.org/node/1316407578,ODbL 1.0,2026-10-03,,0.5,prawdopodobne
node/1325894841,wheelchair,yes,OpenStreetMap,https://www.openstreetmap.org/node/1325894841,ODbL 1.0,2026-10-03,,0.5,prawdopodobne
node/1332072202,level,-1,OpenStreetMap,https://www.openstreetmap.org/node/1332072202,ODbL 1.0,2026-10-03,,0.5,prawdopodobne
node/1332080339,wheelchair,limited,OpenStreetMap,https://www.openstreetmap.org/node/1332080339,ODbL 1.0,2026-10-03,,0.5,prawdopodobne
node/1373921681,level,1,OpenStreetMap,https://www.openstreetmap.org/node/1373921681,ODbL 1.0,2026-10-03,,0.5,prawdopodobne
node/1387769462,wheelchair,no,OpenStreetMap,https://www.openstreetmap.org/node/1387769462,ODbL 1.0,2026-10-03,,0.5,prawdopodobne
node/1415949187,wheelchair,limited,OpenStreetMap,https://www.openstreetmap.org/node/1415949187,ODbL 1.0,2026-10-03,,0.5,prawdopodobne
node/1415992689,wheelchair,yes,OpenStreetMap,https://www.openstreetmap.org/node/1415992689,ODbL 1.0,2026-10-03,,0.5,prawdopodobne
node/1415992739,wheelchair,no,OpenStreetMap,https://www.openstreetmap.org/node/1415992739,ODbL 1.0,2026-10-03,2026-08-06,0.8,potwierdzone
node/1416390054,wheelchair,no,OpenStreetMap,https://www.openstreetmap.org/node/1416390054,ODbL 1.0,2026-10-03,,0.5,prawdopodobne
node/1416547482,wheelchair,yes,OpenStreetMap,https://www.openstreetmap.org/node/1416547482,ODbL 1.0,2026-10-03,2026-03-24,0.8,potwierdzone
node/1481757256,wheelchair,yes,OpenStreetMap,https://www.openstreetmap.org/node/1481757256,ODbL 1.0,2026-10-03,,0.5,prawdopodobne
node/1497915909,wheelchair,no,OpenStreetMap,https://www.openstreetmap.org/node/1497915909,ODbL 1.0,2026-10-03,,0.5,prawdopodobne
node/1506291294,wheelchair,no,OpenStreetMap,https://www.openstreetmap.org/node/1506291294,ODbL 1.0,2026-10-03,,0.5,prawdopodobne
node/1506803153,wheelchair,yes,OpenStreetMap,https://www.openstreetmap.org/node/1506803153,ODbL 1.0,2026-10-03,2026-10-01,0.8,potwierdzone
node/1511848926,level,1,OpenStreetMap,https://www.openstreetmap.org/node/1511848926,ODbL 1.0,2026-10-03,,0.5,prawdopodobne
node/1516840253,wheelchair,yes,OpenStreetMap,https://www.openstreetmap.org/node/1516840253,ODbL 1.0,2026-10-03,,0.5,prawdopodobne
node/1516840253,wheelchair:description,"niemal nieograniczony, część jednej sali w galerii sztuki cerkiewnej ma stopień bez podjazdu",OpenStreetMap,https://www.openstreetmap.org/node/1516840253,ODbL 1.0,2026-10-03,,0.5,prawdopodobne
node/1517262415,wheelchair,yes,OpenStreetMap,https://www.openstreetmap.org/node/1517262415,ODbL 1.0,2026-10-03,,0.5,prawdopodobne
node/1518864572,wheelchair,no,OpenStreetMap,https://www.openstreetmap.org/node/1518864572,ODbL 1.0,2026-10-03,,0.5,prawdopodobne
node/1642467402,wheelchair,yes,OpenStreetMap,https://www.openstreetmap.org/node/1642467402,ODbL 1.0,2026-10-03,2025-06-09,0.8,potwierdzone
node/1762294622,wheelchair,no,OpenStreetMap,https://www.openstreetmap.org/node/1762294622,ODbL 1.0,2026-10-03,2025-04-24,0.8,potwierdzone
node/1777611396,wheelchair,limited,OpenStreetMap,https://www.openstreetmap.org/node/1777611396,ODbL 1.0,2026-10-03,2022-09-18,0.53,prawdopodobne
node/1780416580,wheelchair,yes,OpenStreetMap,https://www.openstreetmap.org/node/1780416580,ODbL 1.0,2026-10-03,,0.5,prawdopodobne
node/1785983842,level,0,OpenStreetMap,https://www.openstreetmap.org/node/1785983842,ODbL 1.0,2026-10-03,,0.5,prawdopodobne
node/1861988490,changing_table,no,OpenStreetMap,https://www.openstreetmap.org/node/1861988490,ODbL 1.0,2026-10-03,2025-10-25,0.8,potwierdzone
node/1862001165,wheelchair,yes,OpenStreetMap,https://www.openstreetmap.org/node/1862001165,ODbL 1.0,2026-10-03,2025-11-13,0.8,potwierdzone
node/1862014424,wheelchair,no,OpenStreetMap,https://www.openstreetmap.org/node/1862014424,ODbL 1.0,2026-10-03,2025-10-24,0.8,potwierdzone
node/1862014424,changing_table,yes,OpenStreetMap,https://www.openstreetmap.org/node/1862014424,ODbL 1.0,2026-10-03,2025-10-24,0.8,potwierdzone
node/1862026177,wheelchair,no,OpenStreetMap,https://www.openstreetmap.org/node/1862026177,ODbL 1.0,2026-10-03,2025-08-06,0.8,potwierdzone
node/1862180723,wheelchair,yes,OpenStreetMap,https://www.openstreetmap.org/node/1862180723,ODbL 1.0,2026-10-03,2026-01-12,0.8,potwierdzone
node/1862650799,wheelchair,no,OpenStreetMap,https://www.openstreetmap.org/node/1862650799,ODbL 1.0,2026-10-03,2023-11-18,0.68,prawdopodobne
node/1862650799,level,0,OpenStreetMap,https://www.openstreetmap.org/node/1862650799,ODbL 1.0,2026-10-03,2023-11-18,0.68,prawdopodobne
node/1862710829,wheelchair,yes,OpenStreetMap,https://www.openstreetmap.org/node/1862710829,ODbL 1.0,2026-10-03,2023-06-06,0.62,prawdopodobne
node/1862710829,toilets:wheelchair,no,OpenStreetMap,https://www.openstreetmap.org/node/1862710829,ODbL 1.0,2026-10-03,2023-06-06,0.62,prawdopodobne
node/1862717372,wheelchair,no,OpenStreetMap,https://www.openstreetmap.org/node/1862717372,ODbL 1.0,2026-10-03,2026-03-24,0.8,potwierdzone
node/1864018187,wheelchair,no,OpenStreetMap,https://www.openstreetmap.org/node/1864018187,ODbL 1.0,2026-10-03,,0.5,prawdopodobne
node/1887821312,wheelchair,limited,OpenStreetMap,https://www.openstreetmap.org/node/1887821312,ODbL 1.0,2026-10-03,,0.5,prawdopodobne
node/1892990326,wheelchair,no,OpenStreetMap,https://www.openstreetmap.org/node/1892990326,ODbL 1.0,2026-10-03,,0.5,prawdopodobne
node/1907768635,level,-1,OpenStreetMap,https://www.openstreetmap.org/node/1907768635,ODbL 1.0,2026-10-03,2025-07-14,0.8,potwierdzone
node/1917767026,wheelchair,no,OpenStreetMap,https://www.openstreetmap.org/node/1917767026,ODbL 1.0,2026-10-03,,0.5,prawdopodobne
node/1919370568,entrance,yes,OpenStreetMap,https://www.openstreetmap.org/node/1919370568,ODbL 1.0,2026-10-03,,0.5,prawdopodobne
node/1919685631,wheelchair,yes,OpenStreetMap,https://www.openstreetmap.org/node/1919685631,ODbL 1.0,2026-10-03,,0.5,prawdopodobne
node/1922573619,wheelchair,yes,OpenStreetMap,https://www.openstreetmap.org/node/1922573619,ODbL 1.0,2026-10-03,,0.5,prawdopodobne
node/1922573960,wheelchair,limited,OpenStreetMap,https://www.openstreetmap.org/node/1922573960,ODbL 1.0,2026-10-03,,0.5,prawdopodobne
node/1922574081,wheelchair,yes,OpenStreetMap,https://www.openstreetmap.org/node/1922574081,ODbL 1.0,2026-10-03,,0.5,prawdopodobne
node/1939178497,wheelchair,no,OpenStreetMap,https://www.openstreetmap.org/node/1939178497,ODbL 1.0,2026-10-03,,0.5,prawdopodobne
node/1939178497,level,0,OpenStreetMap,https://www.openstreetmap.org/node/1939178497,ODbL 1.0,2026-10-03,,0.5,prawdopodobne
node/1963377120,wheelchair,yes,OpenStreetMap,https://www.openstreetmap.org/node/1963377120,ODbL 1.0,2026-10-03,,0.5,prawdopodobne
node/1977179021,level,-1,OpenStreetMap,https://www.openstreetmap.org/node/1977179021,ODbL 1.0,2026-10-03,,0.5,prawdopodobne
node/1977201840,level,-1,OpenStreetMap,https://www.openstreetmap.org/node/1977201840,ODbL 1.0,2026-10-03,,0.5,prawdopodobne
node/1977231655,level,-1,OpenStreetMap,https://www.openstreetmap.org/node/1977231655,ODbL 1.0,2026-10-03,,0.5,prawdopodobne
node/1977231660,level,-1,OpenStreetMap,https://www.openstreetmap.org/node/1977231660,ODbL 1.0,2026-10-03,,0.5,prawdopodobne
node/1977630028,level,-1,OpenStreetMap,https://www.openstreetmap.org/node/1977630028,ODbL 1.0,2026-10-03,,0.5,prawdopodobne
node/1977636612,level,-1,OpenStreetMap,https://www.openstreetmap.org/node/1977636612,ODbL 1.0,2026-10-03,,0.5,prawdopodobne
node/1977636621,level,-1,OpenStreetMap,https://www.openstreetmap.org/node/1977636621,ODbL 1.0,2026-10-03,,0.5,prawdopodobne
node/1977636626,level,-1,OpenStreetMap,https://www.openstreetmap.org/node/1977636626,ODbL 1.0,2026-10-03,,0.5,prawdopodobne
node/1979745695,wheelchair,limited,OpenStreetMap,https://www.openstreetmap.org/node/1979745695,ODbL 1.0,2026-10-03,,0.5,prawdopodobne
node/1979745709,wheelchair,no,OpenStreetMap,https://www.openstreetmap.org/node/1979745709,ODbL 1.0,2026-10-03,2026-08-08,0.8,potwierdzone
node/1979745709,level,-1,OpenStreetMap,https://www.openstreetmap.org/node/1979745709,ODbL 1.0,2026-10-03,2026-08-08,0.8,potwierdzone
node/2000514300,wheelchair,yes,OpenStreetMap,https://www.openstreetmap.org/node/2000514300,ODbL 1.0,2026-10-03,2025-09-13,0.8,potwierdzone
node/2000514300,level,0,OpenStreetMap,https://www.openstreetmap.org/node/2000514300,ODbL 1.0,2026-10-03,2025-09-13,0.8,potwierdzone
node/2000515371,wheelchair,limited,OpenStreetMap,https://www.openstreetmap.org/node/2000515371,ODbL 1.0,2026-10-03,,0.5,prawdopodobne
node/2000515371,level,0;0.5,OpenStreetMap,https://www.openstreetmap.org/node/2000515371,ODbL 1.0,2026-10-03,,0.5,prawdopodobne
node/2098694987,bench,no,OpenStreetMap,https://www.openstreetmap.org/node/2098694987,ODbL 1.0,2026-10-03,,0.5,prawdopodobne
node/2098694987,tactile_paving,no,OpenStreetMap,https://www.openstreetmap.org/node/2098694987,ODbL 1.0,2026-10-03,,0.5,prawdopodobne
node/2098694987,lit,yes,OpenStreetMap,https://www.openstreetmap.org/node/2098694987,ODbL 1.0,2026-10-03,,0.5,prawdopodobne
node/2098739200,level,0,OpenStreetMap,https://www.openstreetmap.org/node/2098739200,ODbL 1.0,2026-10-03,,0.5,prawdopodobne
node/2098927138,wheelchair,yes,OpenStreetMap,https://www.openstreetmap.org/node/2098927138,ODbL 1.0,2026-10-03,,0.5,prawdopodobne
node/2099485803,wheelchair,yes,OpenStreetMap,https://www.openstreetmap.org/node/2099485803,ODbL 1.0,2026-10-03,,0.5,prawdopodobne
node/2121835233,wheelchair,yes,OpenStreetMap,https://www.openstreetmap.org/node/2121835233,ODbL 1.0,2026-10-03,,0.5,prawdopodobne
node/2122638847,wheelchair,yes,OpenStreetMap,https://www.openstreetmap.org/node/2122638847,ODbL 1.0,2026-10-03,,0.5,prawdopodobne
node/2135508850,wheelchair,limited,OpenStreetMap,https://www.openstreetmap.org/node/2135508850,ODbL 1.0,2026-10-03,2025-10-01,0.8,potwierdzone
node/2135508877,level,0,OpenStreetMap,https://www.openstreetmap.org/node/2135508877,ODbL 1.0,2026-10-03,2026-03-03,0.8,potwierdzone
node/2135508886,wheelchair,yes,OpenStreetMap,https://www.openstreetmap.org/node/2135508886,ODbL 1.0,2026-10-03,,0.5,prawdopodobne
node/2135606464,wheelchair,yes,OpenStreetMap,https://www.openstreetmap.org/node/2135606464,ODbL 1.0,2026-10-03,2025-09-11,0.8,potwierdzone
node/2135606464,toilets:wheelchair,yes,OpenStreetMap,https://www.openstreetmap.org/node/2135606464,ODbL 1.0,2026-10-03,2025-09-11,0.8,potwierdzone
node/2135606465,wheelchair,no,OpenStreetMap,https://www.openstreetmap.org/node/2135606465,ODbL 1.0,2026-10-03,2025-08-16,0.8,potwierdzone
node/2135606465,toilets:wheelchair,no,OpenStreetMap,https://www.openstreetmap.org/node/2135606465,ODbL 1.0,2026-10-03,2025-08-16,0.8,potwierdzone
node/2135606465,changing_table,no,OpenStreetMap,https://www.openstreetmap.org/node/2135606465,ODbL 1.0,2026-10-03,2025-08-16,0.8,potwierdzone
node/2135606465,level,0,OpenStreetMap,https://www.openstreetmap.org/node/2135606465,ODbL 1.0,2026-10-03,2025-08-16,0.8,potwierdzone
node/2140784654,level,-1,OpenStreetMap,https://www.openstreetmap.org/node/2140784654,ODbL 1.0,2026-10-03,,0.5,prawdopodobne
node/2177458944,bench,yes,OpenStreetMap,https://www.openstreetmap.org/node/2177458944,ODbL 1.0,2026-10-03,,0.5,prawdopodobne
node/2177458944,tactile_paving,yes,OpenStreetMap,https://www.openstreetmap.org/node/2177458944,ODbL 1.0,2026-10-03,,0.5,prawdopodobne
node/2177458944,lit,yes,OpenStreetMap,https://www.openstreetmap.org/node/2177458944,ODbL 1.0,2026-10-03,,0.5,prawdopodobne
node/2217193962,wheelchair,yes,OpenStreetMap,https://www.openstreetmap.org/node/2217193962,ODbL 1.0,2026-10-03,,0.5,prawdopodobne
node/2255631039,wheelchair,no,OpenStreetMap,https://www.openstreetmap.org/node/2255631039,ODbL 1.0,2026-10-03,,0.5,prawdopodobne
node/2263092334,lit,yes,OpenStreetMap,https://www.openstreetmap.org/node/2263092334,ODbL 1.0,2026-10-03,,0.5,prawdopodobne
node/2269267707,wheelchair,limited,OpenStreetMap,https://www.openstreetmap.org/node/2269267707,ODbL 1.0,2026-10-03,2025-04-21,0.8,potwierdzone
node/2269400771,wheelchair,limited,OpenStreetMap,https://www.openstreetmap.org/node/2269400771,ODbL 1.0,2026-10-03,,0.5,prawdopodobne
node/2269400771,level,1,OpenStreetMap,https://www.openstreetmap.org/node/2269400771,ODbL 1.0,2026-10-03,,0.5,prawdopodobne
node/2269400773,wheelchair,yes,OpenStreetMap,https://www.openstreetmap.org/node/2269400773,ODbL 1.0,2026-10-03,,0.5,prawdopodobne
node/2269400773,level,1,OpenStreetMap,https://www.openstreetmap.org/node/2269400773,ODbL 1.0,2026-10-03,,0.5,prawdopodobne
node/2290487936,wheelchair,yes,OpenStreetMap,https://www.openstreetmap.org/node/2290487936,ODbL 1.0,2026-10-03,,0.5,prawdopodobne
node/2319751946,entrance,yes,OpenStreetMap,https://www.openstreetmap.org/node/2319751946,ODbL 1.0,2026-10-03,,0.5,prawdopodobne
node/2348490961,wheelchair,limited,OpenStreetMap,https://www.openstreetmap.org/node/2348490961,ODbL 1.0,2026-10-03,,0.5,prawdopodobne
node/2353728942,wheelchair,limited,OpenStreetMap,https://www.openstreetmap.org/node/2353728942,ODbL 1.0,2026-10-03,,0.5,prawdopodobne
node/2353730601,wheelchair,no,OpenStreetMap,https://www.openstreetmap.org/node/2353730601,ODbL 1.0,2026-10-03,,0.5,prawdopodobne
node/2353730601,level,0,OpenStreetMap,https://www.openstreetmap.org/node/2353730601,ODbL 1.0,2026-10-03,,0.5,prawdopodobne
node/2389248574,wheelchair,yes,OpenStreetMap,https://www.openstreetmap.org/node/2389248574,ODbL 1.0,2026-10-03,,0.5,prawdopodobne
node/2389966924,level,0,OpenStreetMap,https://www.openstreetmap.org/node/2389966924,ODbL 1.0,2026-10-03,,0.5,prawdopodobne
node/2392774670,wheelchair,no,OpenStreetMap,https://www.openstreetmap.org/node/2392774670,ODbL 1.0,2026-10-03,2026-03-23,0.8,potwierdzone
node/2396896704,wheelchair,no,OpenStreetMap,https://www.openstreetmap.org/node/2396896704,ODbL 1.0,2026-10-03,,0.5,prawdopodobne
node/2418596862,wheelchair,no,OpenStreetMap,https://www.openstreetmap.org/node/2418596862,ODbL 1.0,2026-10-03,,0.5,prawdopodobne
node/2418610054,wheelchair,yes,OpenStreetMap,https://www.openstreetmap.org/node/2418610054,ODbL 1.0,2026-10-03,,0.5,prawdopodobne
node/2418766215,wheelchair,no,OpenStreetMap,https://www.openstreetmap.org/node/2418766215,ODbL 1.0,2026-10-03,,0.5,prawdopodobne
node/2419039772,wheelchair,yes,OpenStreetMap,https://www.openstreetmap.org/node/2419039772,ODbL 1.0,2026-10-03,,0.5,prawdopodobne
node/2419106061,wheelchair,no,OpenStreetMap,https://www.openstreetmap.org/node/2419106061,ODbL 1.0,2026-10-03,,0.5,prawdopodobne
node/2419106062,wheelchair,no,OpenStreetMap,https://www.openstreetmap.org/node/2419106062,ODbL 1.0,2026-10-03,,0.5,prawdopodobne
node/2419106073,wheelchair,no,OpenStreetMap,https://www.openstreetmap.org/node/2419106073,ODbL 1.0,2026-10-03,,0.5,prawdopodobne
node/2419367401,wheelchair,yes,OpenStreetMap,https://www.openstreetmap.org/node/2419367401,ODbL 1.0,2026-10-03,,0.5,prawdopodobne
node/2419768560,wheelchair,yes,OpenStreetMap,https://www.openstreetmap.org/node/2419768560,ODbL 1.0,2026-10-03,,0.5,prawdopodobne
node/2419768561,wheelchair,yes,OpenStreetMap,https://www.openstreetmap.org/node/2419768561,ODbL 1.0,2026-10-03,,0.5,prawdopodobne
node/2419768562,wheelchair,yes,OpenStreetMap,https://www.openstreetmap.org/node/2419768562,ODbL 1.0,2026-10-03,,0.5,prawdopodobne
node/2419768563,wheelchair,yes,OpenStreetMap,https://www.openstreetmap.org/node/2419768563,ODbL 1.0,2026-10-03,,0.5,prawdopodobne
node/2419768564,wheelchair,limited,OpenStreetMap,https://www.openstreetmap.org/node/2419768564,ODbL 1.0,2026-10-03,,0.5,prawdopodobne
node/2419768565,wheelchair,yes,OpenStreetMap,https://www.openstreetmap.org/node/2419768565,ODbL 1.0,2026-10-03,,0.5,prawdopodobne
node/2419768566,wheelchair,no,OpenStreetMap,https://www.openstreetmap.org/node/2419768566,ODbL 1.0,2026-10-03,,0.5,prawdopodobne
node/2419768567,wheelchair,yes,OpenStreetMap,https://www.openstreetmap.org/node/2419768567,ODbL 1.0,2026-10-03,,0.5,prawdopodobne
node/2419768568,wheelchair,yes,OpenStreetMap,https://www.openstreetmap.org/node/2419768568,ODbL 1.0,2026-10-03,,0.5,prawdopodobne
node/2419768586,wheelchair,no,OpenStreetMap,https://www.openstreetmap.org/node/2419768586,ODbL 1.0,2026-10-03,,0.5,prawdopodobne
node/2419821165,wheelchair,yes,OpenStreetMap,https://www.openstreetmap.org/node/2419821165,ODbL 1.0,2026-10-03,,0.5,prawdopodobne
node/2419821166,wheelchair,yes,OpenStreetMap,https://www.openstreetmap.org/node/2419821166,ODbL 1.0,2026-10-03,,0.5,prawdopodobne
node/2419894822,wheelchair,yes,OpenStreetMap,https://www.openstreetmap.org/node/2419894822,ODbL 1.0,2026-10-03,,0.5,prawdopodobne
node/2419959763,wheelchair,yes,OpenStreetMap,https://www.openstreetmap.org/node/2419959763,ODbL 1.0,2026-10-03,,0.5,prawdopodobne
node/2419959766,wheelchair,yes,OpenStreetMap,https://www.openstreetmap.org/node/2419959766,ODbL 1.0,2026-10-03,,0.5,prawdopodobne
node/2419959767,wheelchair,yes,OpenStreetMap,https://www.openstreetmap.org/node/2419959767,ODbL 1.0,2026-10-03,,0.5,prawdopodobne
node/2419959769,wheelchair,no,OpenStreetMap,https://www.openstreetmap.org/node/2419959769,ODbL 1.0,2026-10-03,,0.5,prawdopodobne
node/2420069703,wheelchair,yes,OpenStreetMap,https://www.openstreetmap.org/node/2420069703,ODbL 1.0,2026-10-03,,0.5,prawdopodobne
node/2420153432,wheelchair,no,OpenStreetMap,https://www.openstreetmap.org/node/2420153432,ODbL 1.0,2026-10-03,,0.5,prawdopodobne
node/2420153433,wheelchair,limited,OpenStreetMap,https://www.openstreetmap.org/node/2420153433,ODbL 1.0,2026-10-03,,0.5,prawdopodobne
node/2420200260,wheelchair,yes,OpenStreetMap,https://www.openstreetmap.org/node/2420200260,ODbL 1.0,2026-10-03,,0.5,prawdopodobne
node/2420216111,wheelchair,yes,OpenStreetMap,https://www.openstreetmap.org/node/2420216111,ODbL 1.0,2026-10-03,,0.5,prawdopodobne
node/2422656435,wheelchair,yes,OpenStreetMap,https://www.openstreetmap.org/node/2422656435,ODbL 1.0,2026-10-03,,0.5,prawdopodobne
node/2422656435,bench,yes,OpenStreetMap,https://www.openstreetmap.org/node/2422656435,ODbL 1.0,2026-10-03,,0.5,prawdopodobne
node/2422880689,wheelchair,no,OpenStreetMap,https://www.openstreetmap.org/node/2422880689,ODbL 1.0,2026-10-03,,0.5,prawdopodobne
node/2423056677,wheelchair,no,OpenStreetMap,https://www.openstreetmap.org/node/2423056677,ODbL 1.0,2026-10-03,,0.5,prawdopodobne
node/2423481568,wheelchair,yes,OpenStreetMap,https://www.openstreetmap.org/node/2423481568,ODbL 1.0,2026-10-03,,0.5,prawdopodobne
node/2423789750,wheelchair,no,OpenStreetMap,https://www.openstreetmap.org/node/2423789750,ODbL 1.0,2026-10-03,,0.5,prawdopodobne
node/2423789754,wheelchair,no,OpenStreetMap,https://www.openstreetmap.org/node/2423789754,ODbL 1.0,2026-10-03,,0.5,prawdopodobne
node/2429651484,wheelchair,no,OpenStreetMap,https://www.openstreetmap.org/node/2429651484,ODbL 1.0,2026-10-03,,0.5,prawdopodobne
node/2443511334,lit,yes,OpenStreetMap,https://www.openstreetmap.org/node/2443511334,ODbL 1.0,2026-10-03,,0.5,prawdopodobne
node/2443708235,level,0;-1,OpenStreetMap,https://www.openstreetmap.org/node/2443708235,ODbL 1.0,2026-10-03,,0.5,prawdopodobne
node/2443708237,level,0;-1,OpenStreetMap,https://www.openstreetmap.org/node/2443708237,ODbL 1.0,2026-10-03,,0.5,prawdopodobne
node/2454978211,wheelchair,limited,OpenStreetMap,https://www.openstreetmap.org/node/2454978211,ODbL 1.0,2026-10-03,,0.5,prawdopodobne
node/2455705383,wheelchair,no,OpenStreetMap,https://www.openstreetmap.org/node/2455705383,ODbL 1.0,2026-10-03,2025-08-02,0.8,potwierdzone
node/2482364654,wheelchair,no,OpenStreetMap,https://www.openstreetmap.org/node/2482364654,ODbL 1.0,2026-10-03,2025-10-03,0.8,potwierdzone
node/2495829379,wheelchair,no,OpenStreetMap,https://www.openstreetmap.org/node/2495829379,ODbL 1.0,2026-10-03,2026-07-14,0.8,potwierdzone
node/2495829379,toilets:wheelchair,no,OpenStreetMap,https://www.openstreetmap.org/node/2495829379,ODbL 1.0,2026-10-03,2026-07-14,0.8,potwierdzone
node/2495829379,changing_table,no,OpenStreetMap,https://www.openstreetmap.org/node/2495829379,ODbL 1.0,2026-10-03,2026-07-14,0.8,potwierdzone
node/2495829379,level,0,OpenStreetMap,https://www.openstreetmap.org/node/2495829379,ODbL 1.0,2026-10-03,2026-07-14,0.8,potwierdzone
node/2496179885,wheelchair,limited,OpenStreetMap,https://www.openstreetmap.org/node/2496179885,ODbL 1.0,2026-10-03,,0.5,prawdopodobne
node/2497531100,wheelchair,no,OpenStreetMap,https://www.openstreetmap.org/node/2497531100,ODbL 1.0,2026-10-03,2025-05-18,0.8,potwierdzone
node/2500686519,wheelchair,yes,OpenStreetMap,https://www.openstreetmap.org/node/2500686519,ODbL 1.0,2026-10-03,,0.5,prawdopodobne
node/2500686522,wheelchair,yes,OpenStreetMap,https://www.openstreetmap.org/node/2500686522,ODbL 1.0,2026-10-03,,0.5,prawdopodobne
node/2500686525,wheelchair,yes,OpenStreetMap,https://www.openstreetmap.org/node/2500686525,ODbL 1.0,2026-10-03,,0.5,prawdopodobne
node/2500686528,wheelchair,yes,OpenStreetMap,https://www.openstreetmap.org/node/2500686528,ODbL 1.0,2026-10-03,,0.5,prawdopodobne
node/2500686530,wheelchair,yes,OpenStreetMap,https://www.openstreetmap.org/node/2500686530,ODbL 1.0,2026-10-03,,0.5,prawdopodobne
node/2515652602,level,0,OpenStreetMap,https://www.openstreetmap.org/node/2515652602,ODbL 1.0,2026-10-03,,0.5,prawdopodobne
node/2532951022,wheelchair,no,OpenStreetMap,https://www.openstreetmap.org/node/2532951022,ODbL 1.0,2026-10-03,2026-01-12,0.8,potwierdzone
node/2532951022,level,0,OpenStreetMap,https://www.openstreetmap.org/node/2532951022,ODbL 1.0,2026-10-03,2026-01-12,0.8,potwierdzone
node/2559895798,level,0,OpenStreetMap,https://www.openstreetmap.org/node/2559895798,ODbL 1.0,2026-10-03,,0.5,prawdopodobne
node/2559906776,wheelchair,yes,OpenStreetMap,https://www.openstreetmap.org/node/2559906776,ODbL 1.0,2026-10-03,2025-06-12,0.8,potwierdzone
node/2611209886,wheelchair,no,OpenStreetMap,https://www.openstreetmap.org/node/2611209886,ODbL 1.0,2026-10-03,2025-12-05,0.8,potwierdzone
node/2611212705,wheelchair,yes,OpenStreetMap,https://www.openstreetmap.org/node/2611212705,ODbL 1.0,2026-10-03,2026-02-04,0.8,potwierdzone
node/2611219192,wheelchair,yes,OpenStreetMap,https://www.openstreetmap.org/node/2611219192,ODbL 1.0,2026-10-03,,0.5,prawdopodobne
node/2611219192,bench,yes,OpenStreetMap,https://www.openstreetmap.org/node/2611219192,ODbL 1.0,2026-10-03,,0.5,prawdopodobne
node/2611219192,tactile_paving,no,OpenStreetMap,https://www.openstreetmap.org/node/2611219192,ODbL 1.0,2026-10-03,,0.5,prawdopodobne
node/2611219192,lit,yes,OpenStreetMap,https://www.openstreetmap.org/node/2611219192,ODbL 1.0,2026-10-03,,0.5,prawdopodobne
node/2611470238,wheelchair,limited,OpenStreetMap,https://www.openstreetmap.org/node/2611470238,ODbL 1.0,2026-10-03,2026-01-29,0.8,potwierdzone
node/2611470238,changing_table,no,OpenStreetMap,https://www.openstreetmap.org/node/2611470238,ODbL 1.0,2026-10-03,2026-01-29,0.8,potwierdzone
node/2611470238,level,0,OpenStreetMap,https://www.openstreetmap.org/node/2611470238,ODbL 1.0,2026-10-03,2026-01-29,0.8,potwierdzone
node/2611470243,wheelchair,limited,OpenStreetMap,https://www.openstreetmap.org/node/2611470243,ODbL 1.0,2026-10-03,,0.5,prawdopodobne
node/2611470248,wheelchair,no,OpenStreetMap,https://www.openstreetmap.org/node/2611470248,ODbL 1.0,2026-10-03,,0.5,prawdopodobne
node/2611470252,wheelchair,no,OpenStreetMap,https://www.openstreetmap.org/node/2611470252,ODbL 1.0,2026-10-03,2026-08-06,0.8,potwierdzone
node/2611470254,wheelchair,no,OpenStreetMap,https://www.openstreetmap.org/node/2611470254,ODbL 1.0,2026-10-03,2025-10-27,0.8,potwierdzone
node/2611470257,level,-1,OpenStreetMap,https://www.openstreetmap.org/node/2611470257,ODbL 1.0,2026-10-03,2025-09-13,0.8,potwierdzone
node/2611470260,wheelchair,yes,OpenStreetMap,https://www.openstreetmap.org/node/2611470260,ODbL 1.0,2026-10-03,,0.5,prawdopodobne
node/2611470262,wheelchair,no,OpenStreetMap,https://www.openstreetmap.org/node/2611470262,ODbL 1.0,2026-10-03,,0.5,prawdopodobne
node/2611470284,wheelchair,limited,OpenStreetMap,https://www.openstreetmap.org/node/2611470284,ODbL 1.0,2026-10-03,,0.5,prawdopodobne
node/2628685538,wheelchair,no,OpenStreetMap,https://www.openstreetmap.org/node/2628685538,ODbL 1.0,2026-10-03,2026-01-16,0.8,potwierdzone
node/2628685540,wheelchair,no,OpenStreetMap,https://www.openstreetmap.org/node/2628685540,ODbL 1.0,2026-10-03,,0.5,prawdopodobne
node/2628685541,wheelchair,no,OpenStreetMap,https://www.openstreetmap.org/node/2628685541,ODbL 1.0,2026-10-03,,0.5,prawdopodobne
node/2628685544,wheelchair,no,OpenStreetMap,https://www.openstreetmap.org/node/2628685544,ODbL 1.0,2026-10-03,,0.5,prawdopodobne
node/2628685548,wheelchair,yes,OpenStreetMap,https://www.openstreetmap.org/node/2628685548,ODbL 1.0,2026-10-03,2025-10-23,0.8,potwierdzone
node/2682372390,wheelchair,limited,OpenStreetMap,https://www.openstreetmap.org/node/2682372390,ODbL 1.0,2026-10-03,2026-02-06,0.8,potwierdzone
node/2688604508,wheelchair,no,OpenStreetMap,https://www.openstreetmap.org/node/2688604508,ODbL 1.0,2026-10-03,,0.5,prawdopodobne
node/2817951266,wheelchair,limited,OpenStreetMap,https://www.openstreetmap.org/node/2817951266,ODbL 1.0,2026-10-03,,0.5,prawdopodobne
node/2817951266,wheelchair:description,1 step at entrance,OpenStreetMap,https://www.openstreetmap.org/node/2817951266,ODbL 1.0,2026-10-03,,0.5,prawdopodobne
node/2861451138,wheelchair,yes,OpenStreetMap,https://www.openstreetmap.org/node/2861451138,ODbL 1.0,2026-10-03,,0.5,prawdopodobne
node/2880152196,level,0,OpenStreetMap,https://www.openstreetmap.org/node/2880152196,ODbL 1.0,2026-10-03,,0.5,prawdopodobne
node/2910306864,wheelchair,yes,OpenStreetMap,https://www.openstreetmap.org/node/2910306864,ODbL 1.0,2026-10-03,,0.5,prawdopodobne
node/2977569882,wheelchair,yes,OpenStreetMap,https://www.openstreetmap.org/node/2977569882,ODbL 1.0,2026-10-03,,0.5,prawdopodobne
node/2984350171,wheelchair,yes,OpenStreetMap,https://www.openstreetmap.org/node/2984350171,ODbL 1.0,2026-10-03,,0.5,prawdopodobne
node/2989794545,lit,yes,OpenStreetMap,https://www.openstreetmap.org/node/2989794545,ODbL 1.0,2026-10-03,,0.5,prawdopodobne
node/2992128939,wheelchair,limited,OpenStreetMap,https://www.openstreetmap.org/node/2992128939,ODbL 1.0,2026-10-03,2026-07-21,0.8,potwierdzone
node/2992273250,wheelchair,no,OpenStreetMap,https://www.openstreetmap.org/node/2992273250,ODbL 1.0,2026-10-03,,0.5,prawdopodobne
node/3024754400,wheelchair,yes,OpenStreetMap,https://www.openstreetmap.org/node/3024754400,ODbL 1.0,2026-10-03,2025-06-27,0.8,potwierdzone
node/3036639036,wheelchair,no,OpenStreetMap,https://www.openstreetmap.org/node/3036639036,ODbL 1.0,2026-10-03,,0.5,prawdopodobne
node/3037227146,wheelchair,yes,OpenStreetMap,https://www.openstreetmap.org/node/3037227146,ODbL 1.0,2026-10-03,,0.5,prawdopodobne
node/3039442419,wheelchair,yes,OpenStreetMap,https://www.openstreetmap.org/node/3039442419,ODbL 1.0,2026-10-03,,0.5,prawdopodobne
node/3040858953,wheelchair,no,OpenStreetMap,https://www.openstreetmap.org/node/3040858953,ODbL 1.0,2026-10-03,2026-07-13,0.8,potwierdzone
node/3040858953,toilets:wheelchair,no,OpenStreetMap,https://www.openstreetmap.org/node/3040858953,ODbL 1.0,2026-10-03,2026-07-13,0.8,potwierdzone
node/3040858953,changing_table,no,OpenStreetMap,https://www.openstreetmap.org/node/3040858953,ODbL 1.0,2026-10-03,2026-07-13,0.8,potwierdzone
node/3040858953,level,-0.5,OpenStreetMap,https://www.openstreetmap.org/node/3040858953,ODbL 1.0,2026-10-03,2026-07-13,0.8,potwierdzone
node/3049001992,wheelchair,no,OpenStreetMap,https://www.openstreetmap.org/node/3049001992,ODbL 1.0,2026-10-03,,0.5,prawdopodobne
node/3049381669,wheelchair,no,OpenStreetMap,https://www.openstreetmap.org/node/3049381669,ODbL 1.0,2026-10-03,2023-06-06,0.62,prawdopodobne
node/3070618610,lit,yes,OpenStreetMap,https://www.openstreetmap.org/node/3070618610,ODbL 1.0,2026-10-03,,0.5,prawdopodobne
node/3071712527,wheelchair,no,OpenStreetMap,https://www.openstreetmap.org/node/3071712527,ODbL 1.0,2026-10-03,,0.5,prawdopodobne
node/3071745561,wheelchair,no,OpenStreetMap,https://www.openstreetmap.org/node/3071745561,ODbL 1.0,2026-10-03,,0.5,prawdopodobne
node/3071747052,wheelchair,no,OpenStreetMap,https://www.openstreetmap.org/node/3071747052,ODbL 1.0,2026-10-03,,0.5,prawdopodobne
node/3074574715,bench,yes,OpenStreetMap,https://www.openstreetmap.org/node/3074574715,ODbL 1.0,2026-10-03,,0.5,prawdopodobne
node/3074574715,tactile_paving,no,OpenStreetMap,https://www.openstreetmap.org/node/3074574715,ODbL 1.0,2026-10-03,,0.5,prawdopodobne
node/3074574715,lit,yes,OpenStreetMap,https://www.openstreetmap.org/node/3074574715,ODbL 1.0,2026-10-03,,0.5,prawdopodobne
node/3118491163,bench,yes,OpenStreetMap,https://www.openstreetmap.org/node/3118491163,ODbL 1.0,2026-10-03,,0.5,prawdopodobne
node/3118491163,tactile_paving,no,OpenStreetMap,https://www.openstreetmap.org/node/3118491163,ODbL 1.0,2026-10-03,,0.5,prawdopodobne
node/3118491163,lit,yes,OpenStreetMap,https://www.openstreetmap.org/node/3118491163,ODbL 1.0,2026-10-03,,0.5,prawdopodobne
node/3120751850,bench,no,OpenStreetMap,https://www.openstreetmap.org/node/3120751850,ODbL 1.0,2026-10-03,,0.5,prawdopodobne
node/3120751850,tactile_paving,no,OpenStreetMap,https://www.openstreetmap.org/node/3120751850,ODbL 1.0,2026-10-03,,0.5,prawdopodobne
node/3120751850,lit,yes,OpenStreetMap,https://www.openstreetmap.org/node/3120751850,ODbL 1.0,2026-10-03,,0.5,prawdopodobne
node/3162656084,wheelchair,limited,OpenStreetMap,https://www.openstreetmap.org/node/3162656084,ODbL 1.0,2026-10-03,,0.5,prawdopodobne
node/3177728039,lit,yes,OpenStreetMap,https://www.openstreetmap.org/node/3177728039,ODbL 1.0,2026-10-03,,0.5,prawdopodobne
node/3192289258,wheelchair,yes,OpenStreetMap,https://www.openstreetmap.org/node/3192289258,ODbL 1.0,2026-10-03,,0.5,prawdopodobne
node/3250835412,wheelchair,no,OpenStreetMap,https://www.openstreetmap.org/node/3250835412,ODbL 1.0,2026-10-03,,0.5,prawdopodobne
node/3260813494,wheelchair,no,OpenStreetMap,https://www.openstreetmap.org/node/3260813494,ODbL 1.0,2026-10-03,,0.5,prawdopodobne
node/3260836049,wheelchair,yes,OpenStreetMap,https://www.openstreetmap.org/node/3260836049,ODbL 1.0,2026-10-03,,0.5,prawdopodobne
node/3283873028,wheelchair,no,OpenStreetMap,https://www.openstreetmap.org/node/3283873028,ODbL 1.0,2026-10-03,,0.5,prawdopodobne
node/3283873028,level,-1,OpenStreetMap,https://www.openstreetmap.org/node/3283873028,ODbL 1.0,2026-10-03,,0.5,prawdopodobne
node/3283882813,wheelchair,no,OpenStreetMap,https://www.openstreetmap.org/node/3283882813,ODbL 1.0,2026-10-03,,0.5,prawdopodobne
node/3283882813,level,-1,OpenStreetMap,https://www.openstreetmap.org/node/3283882813,ODbL 1.0,2026-10-03,,0.5,prawdopodobne
node/3320712564,wheelchair,limited,OpenStreetMap,https://www.openstreetmap.org/node/3320712564,ODbL 1.0,2026-10-03,2023-06-04,0.62,prawdopodobne
node/3320712564,toilets:wheelchair,no,OpenStreetMap,https://www.openstreetmap.org/node/3320712564,ODbL 1.0,2026-10-03,2023-06-04,0.62,prawdopodobne
node/3368542501,level,0,OpenStreetMap,https://www.openstreetmap.org/node/3368542501,ODbL 1.0,2026-10-03,2022-07-24,0.51,prawdopodobne
node/3368718544,wheelchair,no,OpenStreetMap,https://www.openstreetmap.org/node/3368718544,ODbL 1.0,2026-10-03,,0.5,prawdopodobne
node/3368718546,wheelchair,no,OpenStreetMap,https://www.openstreetmap.org/node/3368718546,ODbL 1.0,2026-10-03,,0.5,prawdopodobne
node/3368741951,wheelchair,no,OpenStreetMap,https://www.openstreetmap.org/node/3368741951,ODbL 1.0,2026-10-03,,0.5,prawdopodobne
node/3368741952,level,0,OpenStreetMap,https://www.openstreetmap.org/node/3368741952,ODbL 1.0,2026-10-03,2025-10-26,0.8,potwierdzone
node/3370643242,wheelchair,no,OpenStreetMap,https://www.openstreetmap.org/node/3370643242,ODbL 1.0,2026-10-03,,0.5,prawdopodobne
node/3370643244,wheelchair,no,OpenStreetMap,https://www.openstreetmap.org/node/3370643244,ODbL 1.0,2026-10-03,,0.5,prawdopodobne
node/3372148216,wheelchair,no,OpenStreetMap,https://www.openstreetmap.org/node/3372148216,ODbL 1.0,2026-10-03,,0.5,prawdopodobne
node/3372158957,wheelchair,no,OpenStreetMap,https://www.openstreetmap.org/node/3372158957,ODbL 1.0,2026-10-03,,0.5,prawdopodobne
node/3373613937,wheelchair,limited,OpenStreetMap,https://www.openstreetmap.org/node/3373613937,ODbL 1.0,2026-10-03,2025-11-13,0.8,potwierdzone
node/3373626715,wheelchair,no,OpenStreetMap,https://www.openstreetmap.org/node/3373626715,ODbL 1.0,2026-10-03,,0.5,prawdopodobne
node/3373626715,level,0,OpenStreetMap,https://www.openstreetmap.org/node/3373626715,ODbL 1.0,2026-10-03,,0.5,prawdopodobne
node/3373626720,level,0,OpenStreetMap,https://www.openstreetmap.org/node/3373626720,ODbL 1.0,2026-10-03,2024-04-13,0.74,prawdopodobne
node/3373626721,wheelchair,no,OpenStreetMap,https://www.openstreetmap.org/node/3373626721,ODbL 1.0,2026-10-03,,0.5,prawdopodobne
node/3373626721,level,0,OpenStreetMap,https://www.openstreetmap.org/node/3373626721,ODbL 1.0,2026-10-03,,0.5,prawdopodobne
node/3484288553,wheelchair,no,OpenStreetMap,https://www.openstreetmap.org/node/3484288553,ODbL 1.0,2026-10-03,,0.5,prawdopodobne
node/3519691872,wheelchair,limited,OpenStreetMap,https://www.openstreetmap.org/node/3519691872,ODbL 1.0,2026-10-03,,0.5,prawdopodobne
node/3519691872,changing_table,yes,OpenStreetMap,https://www.openstreetmap.org/node/3519691872,ODbL 1.0,2026-10-03,,0.5,prawdopodobne
node/3533569749,wheelchair,limited,OpenStreetMap,https://www.openstreetmap.org/node/3533569749,ODbL 1.0,2026-10-03,,0.5,prawdopodobne
node/3533569749,changing_table,yes,OpenStreetMap,https://www.openstreetmap.org/node/3533569749,ODbL 1.0,2026-10-03,,0.5,prawdopodobne
node/3533569749,level,-1,OpenStreetMap,https://www.openstreetmap.org/node/3533569749,ODbL 1.0,2026-10-03,,0.5,prawdopodobne
node/3545840263,wheelchair,limited,OpenStreetMap,https://www.openstreetmap.org/node/3545840263,ODbL 1.0,2026-10-03,2024-10-13,0.8,potwierdzone
node/3545840282,wheelchair,limited,OpenStreetMap,https://www.openstreetmap.org/node/3545840282,ODbL 1.0,2026-10-03,2025-08-22,0.8,potwierdzone
node/3556258577,wheelchair,limited,OpenStreetMap,https://www.openstreetmap.org/node/3556258577,ODbL 1.0,2026-10-03,,0.5,prawdopodobne
node/3556258577,level,2,OpenStreetMap,https://www.openstreetmap.org/node/3556258577,ODbL 1.0,2026-10-03,,0.5,prawdopodobne
node/3626499184,wheelchair,no,OpenStreetMap,https://www.openstreetmap.org/node/3626499184,ODbL 1.0,2026-10-03,,0.5,prawdopodobne
node/3635992315,wheelchair,no,OpenStreetMap,https://www.openstreetmap.org/node/3635992315,ODbL 1.0,2026-10-03,,0.5,prawdopodobne
node/3640795501,wheelchair,no,OpenStreetMap,https://www.openstreetmap.org/node/3640795501,ODbL 1.0,2026-10-03,,0.5,prawdopodobne
node/3649039075,wheelchair,no,OpenStreetMap,https://www.openstreetmap.org/node/3649039075,ODbL 1.0,2026-10-03,,0.5,prawdopodobne
node/3649039076,wheelchair,yes,OpenStreetMap,https://www.openstreetmap.org/node/3649039076,ODbL 1.0,2026-10-03,2025-11-13,0.8,potwierdzone
node/3649039079,wheelchair,no,OpenStreetMap,https://www.openstreetmap.org/node/3649039079,ODbL 1.0,2026-10-03,,0.5,prawdopodobne
node/3649039080,wheelchair,no,OpenStreetMap,https://www.openstreetmap.org/node/3649039080,ODbL 1.0,2026-10-03,,0.5,prawdopodobne
node/3656292426,level,0,OpenStreetMap,https://www.openstreetmap.org/node/3656292426,ODbL 1.0,2026-10-03,,0.5,prawdopodobne
node/3656292435,level,0,OpenStreetMap,https://www.openstreetmap.org/node/3656292435,ODbL 1.0,2026-10-03,,0.5,prawdopodobne
node/3656292436,wheelchair,no,OpenStreetMap,https://www.openstreetmap.org/node/3656292436,ODbL 1.0,2026-10-03,,0.5,prawdopodobne
node/3656292436,level,0,OpenStreetMap,https://www.openstreetmap.org/node/3656292436,ODbL 1.0,2026-10-03,,0.5,prawdopodobne
node/3691938954,level,0,OpenStreetMap,https://www.openstreetmap.org/node/3691938954,ODbL 1.0,2026-10-03,2025-05-10,0.8,potwierdzone
node/3696160142,level,-1;-2,OpenStreetMap,https://www.openstreetmap.org/node/3696160142,ODbL 1.0,2026-10-03,,0.5,prawdopodobne
node/3720112720,wheelchair,yes,OpenStreetMap,https://www.openstreetmap.org/node/3720112720,ODbL 1.0,2026-10-03,,0.5,prawdopodobne
node/3720119231,wheelchair,yes,OpenStreetMap,https://www.openstreetmap.org/node/3720119231,ODbL 1.0,2026-10-03,,0.5,prawdopodobne
node/3720119296,wheelchair,yes,OpenStreetMap,https://www.openstreetmap.org/node/3720119296,ODbL 1.0,2026-10-03,,0.5,prawdopodobne
node/3748209429,wheelchair,no,OpenStreetMap,https://www.openstreetmap.org/node/3748209429,ODbL 1.0,2026-10-03,2026-09-06,0.8,potwierdzone
node/3752733193,wheelchair,yes,OpenStreetMap,https://www.openstreetmap.org/node/3752733193,ODbL 1.0,2026-10-03,2026-10-01,0.8,potwierdzone
node/3755919161,wheelchair,no,OpenStreetMap,https://www.openstreetmap.org/node/3755919161,ODbL 1.0,2026-10-03,,0.5,prawdopodobne
node/3779789104,wheelchair,yes,OpenStreetMap,https://www.openstreetmap.org/node/3779789104,ODbL 1.0,2026-10-03,,0.5,prawdopodobne
node/3779789104,level,-1,OpenStreetMap,https://www.openstreetmap.org/node/3779789104,ODbL 1.0,2026-10-03,,0.5,prawdopodobne
node/3779789106,level,-1,OpenStreetMap,https://www.openstreetmap.org/node/3779789106,ODbL 1.0,2026-10-03,,0.5,prawdopodobne
node/3780656068,wheelchair,no,OpenStreetMap,https://www.openstreetmap.org/node/3780656068,ODbL 1.0,2026-10-03,,0.5,prawdopodobne
node/3784821422,wheelchair,no,OpenStreetMap,https://www.openstreetmap.org/node/3784821422,ODbL 1.0,2026-10-03,2025-07-24,0.8,potwierdzone
node/3784821422,level,1,OpenStreetMap,https://www.openstreetmap.org/node/3784821422,ODbL 1.0,2026-10-03,2025-07-24,0.8,potwierdzone
node/3784821423,wheelchair,no,OpenStreetMap,https://www.openstreetmap.org/node/3784821423,ODbL 1.0,2026-10-03,,0.5,prawdopodobne
node/3785727194,wheelchair,no,OpenStreetMap,https://www.openstreetmap.org/node/3785727194,ODbL 1.0,2026-10-03,2025-05-25,0.8,potwierdzone
node/3785740451,changing_table,no,OpenStreetMap,https://www.openstreetmap.org/node/3785740451,ODbL 1.0,2026-10-03,2024-07-13,0.77,prawdopodobne
node/3785740451,level,0,OpenStreetMap,https://www.openstreetmap.org/node/3785740451,ODbL 1.0,2026-10-03,2024-07-13,0.77,prawdopodobne
node/3786352664,wheelchair,no,OpenStreetMap,https://www.openstreetmap.org/node/3786352664,ODbL 1.0,2026-10-03,2026-07-14,0.8,potwierdzone
node/3786352664,toilets:wheelchair,yes,OpenStreetMap,https://www.openstreetmap.org/node/3786352664,ODbL 1.0,2026-10-03,2026-07-14,0.8,potwierdzone
node/3786352664,changing_table,no,OpenStreetMap,https://www.openstreetmap.org/node/3786352664,ODbL 1.0,2026-10-03,2026-07-14,0.8,potwierdzone
node/3786352664,level,0,OpenStreetMap,https://www.openstreetmap.org/node/3786352664,ODbL 1.0,2026-10-03,2026-07-14,0.8,potwierdzone
node/3789279757,wheelchair,yes,OpenStreetMap,https://www.openstreetmap.org/node/3789279757,ODbL 1.0,2026-10-03,2024-10-13,0.8,potwierdzone
node/3789279757,toilets:wheelchair,no,OpenStreetMap,https://www.openstreetmap.org/node/3789279757,ODbL 1.0,2026-10-03,2024-10-13,0.8,potwierdzone
node/3789369976,wheelchair,no,OpenStreetMap,https://www.openstreetmap.org/node/3789369976,ODbL 1.0,2026-10-03,,0.5,prawdopodobne
node/3798548847,wheelchair,yes,OpenStreetMap,https://www.openstreetmap.org/node/3798548847,ODbL 1.0,2026-10-03,,0.5,prawdopodobne
node/3801881362,level,2,OpenStreetMap,https://www.openstreetmap.org/node/3801881362,ODbL 1.0,2026-10-03,,0.5,prawdopodobne
node/3801887724,wheelchair,limited,OpenStreetMap,https://www.openstreetmap.org/node/3801887724,ODbL 1.0,2026-10-03,,0.5,prawdopodobne
node/3801907014,wheelchair,no,OpenStreetMap,https://www.openstreetmap.org/node/3801907014,ODbL 1.0,2026-10-03,,0.5,prawdopodobne
node/3801955499,wheelchair,no,OpenStreetMap,https://www.openstreetmap.org/node/3801955499,ODbL 1.0,2026-10-03,,0.5,prawdopodobne
node/3806351624,wheelchair,limited,OpenStreetMap,https://www.openstreetmap.org/node/3806351624,ODbL 1.0,2026-10-03,,0.5,prawdopodobne
node/3807371500,level,-1,OpenStreetMap,https://www.openstreetmap.org/node/3807371500,ODbL 1.0,2026-10-03,,0.5,prawdopodobne
node/3882428100,wheelchair,yes,OpenStreetMap,https://www.openstreetmap.org/node/3882428100,ODbL 1.0,2026-10-03,2026-09-26,0.8,potwierdzone
node/3885903790,wheelchair,yes,OpenStreetMap,https://www.openstreetmap.org/node/3885903790,ODbL 1.0,2026-10-03,2023-06-20,0.63,prawdopodobne
node/3885903790,toilets:wheelchair,yes,OpenStreetMap,https://www.openstreetmap.org/node/3885903790,ODbL 1.0,2026-10-03,2023-06-20,0.63,prawdopodobne
node/3890518040,wheelchair,limited,OpenStreetMap,https://www.openstreetmap.org/node/3890518040,ODbL 1.0,2026-10-03,2025-09-13,0.8,potwierdzone
node/3891111570,wheelchair,no,OpenStreetMap,https://www.openstreetmap.org/node/3891111570,ODbL 1.0,2026-10-03,2025-10-25,0.8,potwierdzone
node/3891171632,wheelchair,no,OpenStreetMap,https://www.openstreetmap.org/node/3891171632,ODbL 1.0,2026-10-03,2025-10-25,0.8,potwierdzone
node/3906836472,wheelchair,yes,OpenStreetMap,https://www.openstreetmap.org/node/3906836472,ODbL 1.0,2026-10-03,,0.5,prawdopodobne
node/3906836477,wheelchair,yes,OpenStreetMap,https://www.openstreetmap.org/node/3906836477,ODbL 1.0,2026-10-03,,0.5,prawdopodobne
node/3944854091,wheelchair,yes,OpenStreetMap,https://www.openstreetmap.org/node/3944854091,ODbL 1.0,2026-10-03,,0.5,prawdopodobne
node/3944854091,changing_table,yes,OpenStreetMap,https://www.openstreetmap.org/node/3944854091,ODbL 1.0,2026-10-03,,0.5,prawdopodobne
node/3958188221,wheelchair,limited,OpenStreetMap,https://www.openstreetmap.org/node/3958188221,ODbL 1.0,2026-10-03,,0.5,prawdopodobne
node/3978576250,wheelchair,yes,OpenStreetMap,https://www.openstreetmap.org/node/3978576250,ODbL 1.0,2026-10-03,,0.5,prawdopodobne
node/3992709827,wheelchair,no,OpenStreetMap,https://www.openstreetmap.org/node/3992709827,ODbL 1.0,2026-10-03,,0.5,prawdopodobne
node/3999393962,wheelchair,no,OpenStreetMap,https://www.openstreetmap.org/node/3999393962,ODbL 1.0,2026-10-03,,0.5,prawdopodobne
node/4015520041,bench,yes,OpenStreetMap,https://www.openstreetmap.org/node/4015520041,ODbL 1.0,2026-10-03,,0.5,prawdopodobne
node/4015520041,tactile_paving,no,OpenStreetMap,https://www.openstreetmap.org/node/4015520041,ODbL 1.0,2026-10-03,,0.5,prawdopodobne
node/4015520041,lit,no,OpenStreetMap,https://www.openstreetmap.org/node/4015520041,ODbL 1.0,2026-10-03,,0.5,prawdopodobne
node/4016507813,bench,yes,OpenStreetMap,https://www.openstreetmap.org/node/4016507813,ODbL 1.0,2026-10-03,,0.5,prawdopodobne
node/4030311992,level,-1,OpenStreetMap,https://www.openstreetmap.org/node/4030311992,ODbL 1.0,2026-10-03,2026-02-23,0.8,potwierdzone
node/4031826801,wheelchair,yes,OpenStreetMap,https://www.openstreetmap.org/node/4031826801,ODbL 1.0,2026-10-03,,0.5,prawdopodobne
node/4031849931,wheelchair,yes,OpenStreetMap,https://www.openstreetmap.org/node/4031849931,ODbL 1.0,2026-10-03,,0.5,prawdopodobne
node/4036995027,wheelchair,yes,OpenStreetMap,https://www.openstreetmap.org/node/4036995027,ODbL 1.0,2026-10-03,,0.5,prawdopodobne
node/4037009362,wheelchair,no,OpenStreetMap,https://www.openstreetmap.org/node/4037009362,ODbL 1.0,2026-10-03,2025-04-19,0.8,potwierdzone
node/4037047562,wheelchair,no,OpenStreetMap,https://www.openstreetmap.org/node/4037047562,ODbL 1.0,2026-10-03,,0.5,prawdopodobne
node/4052022989,wheelchair,no,OpenStreetMap,https://www.openstreetmap.org/node/4052022989,ODbL 1.0,2026-10-03,2024-10-15,0.8,potwierdzone
node/4052022989,level,0,OpenStreetMap,https://www.openstreetmap.org/node/4052022989,ODbL 1.0,2026-10-03,2024-10-15,0.8,potwierdzone
node/4059020587,level,0;-1,OpenStreetMap,https://www.openstreetmap.org/node/4059020587,ODbL 1.0,2026-10-03,,0.5,prawdopodobne
node/4059020591,level,-1;-2,OpenStreetMap,https://www.openstreetmap.org/node/4059020591,ODbL 1.0,2026-10-03,,0.5,prawdopodobne
node/4059020601,level,0;-1,OpenStreetMap,https://www.openstreetmap.org/node/4059020601,ODbL 1.0,2026-10-03,,0.5,prawdopodobne
node/4059020614,level,0;-1,OpenStreetMap,https://www.openstreetmap.org/node/4059020614,ODbL 1.0,2026-10-03,,0.5,prawdopodobne
node/4059020643,level,-1;-2,OpenStreetMap,https://www.openstreetmap.org/node/4059020643,ODbL 1.0,2026-10-03,,0.5,prawdopodobne
node/4065310900,wheelchair,no,OpenStreetMap,https://www.openstreetmap.org/node/4065310900,ODbL 1.0,2026-10-03,,0.5,prawdopodobne
node/4065310902,wheelchair,no,OpenStreetMap,https://www.openstreetmap.org/node/4065310902,ODbL 1.0,2026-10-03,,0.5,prawdopodobne
node/4109464696,wheelchair,no,OpenStreetMap,https://www.openstreetmap.org/node/4109464696,ODbL 1.0,2026-10-03,2024-06-18,0.76,prawdopodobne
node/4109464696,level,1,OpenStreetMap,https://www.openstreetmap.org/node/4109464696,ODbL 1.0,2026-10-03,2024-06-18,0.76,prawdopodobne
node/4127468889,wheelchair,yes,OpenStreetMap,https://www.openstreetmap.org/node/4127468889,ODbL 1.0,2026-10-03,2023-03-22,0.6,prawdopodobne
node/4144010734,wheelchair,no,OpenStreetMap,https://www.openstreetmap.org/node/4144010734,ODbL 1.0,2026-10-03,,0.5,prawdopodobne
node/4146820322,wheelchair,yes,OpenStreetMap,https://www.openstreetmap.org/node/4146820322,ODbL 1.0,2026-10-03,,0.5,prawdopodobne
node/4150948801,wheelchair,limited,OpenStreetMap,https://www.openstreetmap.org/node/4150948801,ODbL 1.0,2026-10-03,2025-09-13,0.8,potwierdzone
node/4161938189,changing_table,yes,OpenStreetMap,https://www.openstreetmap.org/node/4161938189,ODbL 1.0,2026-10-03,2026-02-23,0.8,potwierdzone
node/4161938189,level,0,OpenStreetMap,https://www.openstreetmap.org/node/4161938189,ODbL 1.0,2026-10-03,2026-02-23,0.8,potwierdzone
node/4167622640,wheelchair,no,OpenStreetMap,https://www.openstreetmap.org/node/4167622640,ODbL 1.0,2026-10-03,,0.5,prawdopodobne
node/4180555185,wheelchair,yes,OpenStreetMap,https://www.openstreetmap.org/node/4180555185,ODbL 1.0,2026-10-03,,0.5,prawdopodobne
node/4221529192,level,1,OpenStreetMap,https://www.openstreetmap.org/node/4221529192,ODbL 1.0,2026-10-03,2026-01-26,0.8,potwierdzone
node/4281246640,wheelchair,no,OpenStreetMap,https://www.openstreetmap.org/node/4281246640,ODbL 1.0,2026-10-03,,0.5,prawdopodobne
node/4281246640,level,0,OpenStreetMap,https://www.openstreetmap.org/node/4281246640,ODbL 1.0,2026-10-03,,0.5,prawdopodobne
node/4281246642,wheelchair,no,OpenStreetMap,https://www.openstreetmap.org/node/4281246642,ODbL 1.0,2026-10-03,,0.5,prawdopodobne
node/4281246642,level,-1,OpenStreetMap,https://www.openstreetmap.org/node/4281246642,ODbL 1.0,2026-10-03,,0.5,prawdopodobne
node/4281246644,wheelchair,no,OpenStreetMap,https://www.openstreetmap.org/node/4281246644,ODbL 1.0,2026-10-03,,0.5,prawdopodobne
node/4281246645,wheelchair,yes,OpenStreetMap,https://www.openstreetmap.org/node/4281246645,ODbL 1.0,2026-10-03,2024-10-13,0.8,potwierdzone
node/4281246647,wheelchair,no,OpenStreetMap,https://www.openstreetmap.org/node/4281246647,ODbL 1.0,2026-10-03,,0.5,prawdopodobne
node/4281246649,wheelchair,limited,OpenStreetMap,https://www.openstreetmap.org/node/4281246649,ODbL 1.0,2026-10-03,,0.5,prawdopodobne
node/4285896689,wheelchair,limited,OpenStreetMap,https://www.openstreetmap.org/node/4285896689,ODbL 1.0,2026-10-03,,0.5,prawdopodobne
node/4291278313,wheelchair,yes,OpenStreetMap,https://www.openstreetmap.org/node/4291278313,ODbL 1.0,2026-10-03,,0.5,prawdopodobne
node/4291278314,wheelchair,yes,OpenStreetMap,https://www.openstreetmap.org/node/4291278314,ODbL 1.0,2026-10-03,,0.5,prawdopodobne
node/4291278315,wheelchair,yes,OpenStreetMap,https://www.openstreetmap.org/node/4291278315,ODbL 1.0,2026-10-03,,0.5,prawdopodobne
node/4291278316,wheelchair,yes,OpenStreetMap,https://www.openstreetmap.org/node/4291278316,ODbL 1.0,2026-10-03,,0.5,prawdopodobne
node/4291278317,wheelchair,yes,OpenStreetMap,https://www.openstreetmap.org/node/4291278317,ODbL 1.0,2026-10-03,,0.5,prawdopodobne
node/4291278318,wheelchair,yes,OpenStreetMap,https://www.openstreetmap.org/node/4291278318,ODbL 1.0,2026-10-03,,0.5,prawdopodobne
node/4291278319,wheelchair,yes,OpenStreetMap,https://www.openstreetmap.org/node/4291278319,ODbL 1.0,2026-10-03,,0.5,prawdopodobne
node/4291278320,wheelchair,yes,OpenStreetMap,https://www.openstreetmap.org/node/4291278320,ODbL 1.0,2026-10-03,,0.5,prawdopodobne
node/4291278321,wheelchair,yes,OpenStreetMap,https://www.openstreetmap.org/node/4291278321,ODbL 1.0,2026-10-03,,0.5,prawdopodobne
node/4291278322,wheelchair,yes,OpenStreetMap,https://www.openstreetmap.org/node/4291278322,ODbL 1.0,2026-10-03,,0.5,prawdopodobne
node/4291278323,wheelchair,yes,OpenStreetMap,https://www.openstreetmap.org/node/4291278323,ODbL 1.0,2026-10-03,,0.5,prawdopodobne
node/4291278324,wheelchair,yes,OpenStreetMap,https://www.openstreetmap.org/node/4291278324,ODbL 1.0,2026-10-03,,0.5,prawdopodobne
node/4291278325,wheelchair,yes,OpenStreetMap,https://www.openstreetmap.org/node/4291278325,ODbL 1.0,2026-10-03,,0.5,prawdopodobne
node/4291278326,wheelchair,yes,OpenStreetMap,https://www.openstreetmap.org/node/4291278326,ODbL 1.0,2026-10-03,,0.5,prawdopodobne
node/4291278327,wheelchair,yes,OpenStreetMap,https://www.openstreetmap.org/node/4291278327,ODbL 1.0,2026-10-03,,0.5,prawdopodobne
node/4291278328,wheelchair,yes,OpenStreetMap,https://www.openstreetmap.org/node/4291278328,ODbL 1.0,2026-10-03,,0.5,prawdopodobne
node/4291278329,wheelchair,yes,OpenStreetMap,https://www.openstreetmap.org/node/4291278329,ODbL 1.0,2026-10-03,,0.5,prawdopodobne
node/4291278330,wheelchair,yes,OpenStreetMap,https://www.openstreetmap.org/node/4291278330,ODbL 1.0,2026-10-03,,0.5,prawdopodobne
node/4291278331,wheelchair,yes,OpenStreetMap,https://www.openstreetmap.org/node/4291278331,ODbL 1.0,2026-10-03,,0.5,prawdopodobne
node/4291278332,wheelchair,yes,OpenStreetMap,https://www.openstreetmap.org/node/4291278332,ODbL 1.0,2026-10-03,,0.5,prawdopodobne
node/4291278333,wheelchair,yes,OpenStreetMap,https://www.openstreetmap.org/node/4291278333,ODbL 1.0,2026-10-03,,0.5,prawdopodobne
node/4291278334,wheelchair,yes,OpenStreetMap,https://www.openstreetmap.org/node/4291278334,ODbL 1.0,2026-10-03,,0.5,prawdopodobne
node/4291278335,wheelchair,yes,OpenStreetMap,https://www.openstreetmap.org/node/4291278335,ODbL 1.0,2026-10-03,,0.5,prawdopodobne
node/4291278336,wheelchair,yes,OpenStreetMap,https://www.openstreetmap.org/node/4291278336,ODbL 1.0,2026-10-03,,0.5,prawdopodobne
node/4291278337,wheelchair,yes,OpenStreetMap,https://www.openstreetmap.org/node/4291278337,ODbL 1.0,2026-10-03,,0.5,prawdopodobne
node/4291278338,wheelchair,yes,OpenStreetMap,https://www.openstreetmap.org/node/4291278338,ODbL 1.0,2026-10-03,,0.5,prawdopodobne
node/4291278339,wheelchair,yes,OpenStreetMap,https://www.openstreetmap.org/node/4291278339,ODbL 1.0,2026-10-03,,0.5,prawdopodobne
node/4291278340,wheelchair,yes,OpenStreetMap,https://www.openstreetmap.org/node/4291278340,ODbL 1.0,2026-10-03,,0.5,prawdopodobne
node/4291278342,wheelchair,yes,OpenStreetMap,https://www.openstreetmap.org/node/4291278342,ODbL 1.0,2026-10-03,,0.5,prawdopodobne
node/4291278344,wheelchair,yes,OpenStreetMap,https://www.openstreetmap.org/node/4291278344,ODbL 1.0,2026-10-03,,0.5,prawdopodobne
node/4291278345,wheelchair,yes,OpenStreetMap,https://www.openstreetmap.org/node/4291278345,ODbL 1.0,2026-10-03,,0.5,prawdopodobne
node/4291278346,wheelchair,yes,OpenStreetMap,https://www.openstreetmap.org/node/4291278346,ODbL 1.0,2026-10-03,,0.5,prawdopodobne
node/4291278347,wheelchair,yes,OpenStreetMap,https://www.openstreetmap.org/node/4291278347,ODbL 1.0,2026-10-03,,0.5,prawdopodobne
node/4291278348,wheelchair,yes,OpenStreetMap,https://www.openstreetmap.org/node/4291278348,ODbL 1.0,2026-10-03,,0.5,prawdopodobne
node/4291278349,wheelchair,yes,OpenStreetMap,https://www.openstreetmap.org/node/4291278349,ODbL 1.0,2026-10-03,,0.5,prawdopodobne
node/4291278350,wheelchair,yes,OpenStreetMap,https://www.openstreetmap.org/node/4291278350,ODbL 1.0,2026-10-03,,0.5,prawdopodobne
node/4291278351,wheelchair,yes,OpenStreetMap,https://www.openstreetmap.org/node/4291278351,ODbL 1.0,2026-10-03,,0.5,prawdopodobne
node/4291278352,wheelchair,yes,OpenStreetMap,https://www.openstreetmap.org/node/4291278352,ODbL 1.0,2026-10-03,,0.5,prawdopodobne
node/4291278353,wheelchair,yes,OpenStreetMap,https://www.openstreetmap.org/node/4291278353,ODbL 1.0,2026-10-03,,0.5,prawdopodobne
node/4291278354,wheelchair,yes,OpenStreetMap,https://www.openstreetmap.org/node/4291278354,ODbL 1.0,2026-10-03,,0.5,prawdopodobne
node/4291278355,wheelchair,yes,OpenStreetMap,https://www.openstreetmap.org/node/4291278355,ODbL 1.0,2026-10-03,,0.5,prawdopodobne
node/4291278356,wheelchair,yes,OpenStreetMap,https://www.openstreetmap.org/node/4291278356,ODbL 1.0,2026-10-03,,0.5,prawdopodobne
node/4291278357,wheelchair,yes,OpenStreetMap,https://www.openstreetmap.org/node/4291278357,ODbL 1.0,2026-10-03,,0.5,prawdopodobne
node/4291278358,wheelchair,yes,OpenStreetMap,https://www.openstreetmap.org/node/4291278358,ODbL 1.0,2026-10-03,,0.5,prawdopodobne
node/4291278359,wheelchair,yes,OpenStreetMap,https://www.openstreetmap.org/node/4291278359,ODbL 1.0,2026-10-03,,0.5,prawdopodobne
node/4291278360,wheelchair,yes,OpenStreetMap,https://www.openstreetmap.org/node/4291278360,ODbL 1.0,2026-10-03,,0.5,prawdopodobne
node/4291278361,wheelchair,yes,OpenStreetMap,https://www.openstreetmap.org/node/4291278361,ODbL 1.0,2026-10-03,,0.5,prawdopodobne
node/4291278362,wheelchair,yes,OpenStreetMap,https://www.openstreetmap.org/node/4291278362,ODbL 1.0,2026-10-03,,0.5,prawdopodobne
node/4291278363,wheelchair,yes,OpenStreetMap,https://www.openstreetmap.org/node/4291278363,ODbL 1.0,2026-10-03,,0.5,prawdopodobne
node/4291278364,wheelchair,yes,OpenStreetMap,https://www.openstreetmap.org/node/4291278364,ODbL 1.0,2026-10-03,,0.5,prawdopodobne
node/4291278365,wheelchair,yes,OpenStreetMap,https://www.openstreetmap.org/node/4291278365,ODbL 1.0,2026-10-03,,0.5,prawdopodobne
node/4291278366,wheelchair,yes,OpenStreetMap,https://www.openstreetmap.org/node/4291278366,ODbL 1.0,2026-10-03,,0.5,prawdopodobne
node/4291278367,wheelchair,yes,OpenStreetMap,https://www.openstreetmap.org/node/4291278367,ODbL 1.0,2026-10-03,,0.5,prawdopodobne
node/4291278368,wheelchair,yes,OpenStreetMap,https://www.openstreetmap.org/node/4291278368,ODbL 1.0,2026-10-03,,0.5,prawdopodobne
node/4291821394,wheelchair,yes,OpenStreetMap,https://www.openstreetmap.org/node/4291821394,ODbL 1.0,2026-10-03,2024-12-01,0.8,potwierdzone
node/4291821394,level,0,OpenStreetMap,https://www.openstreetmap.org/node/4291821394,ODbL 1.0,2026-10-03,2024-12-01,0.8,potwierdzone
node/4306223246,wheelchair,yes,OpenStreetMap,https://www.openstreetmap.org/node/4306223246,ODbL 1.0,2026-10-03,2026-06-06,0.8,potwierdzone
node/4306223246,level,-1,OpenStreetMap,https://www.openstreetmap.org/node/4306223246,ODbL 1.0,2026-10-03,2026-06-06,0.8,potwierdzone
node/4306223250,wheelchair,yes,OpenStreetMap,https://www.openstreetmap.org/node/4306223250,ODbL 1.0,2026-10-03,,0.5,prawdopodobne
node/4306223250,level,-1,OpenStreetMap,https://www.openstreetmap.org/node/4306223250,ODbL 1.0,2026-10-03,,0.5,prawdopodobne
node/4306237243,level,-1,OpenStreetMap,https://www.openstreetmap.org/node/4306237243,ODbL 1.0,2026-10-03,,0.5,prawdopodobne
node/4362871533,wheelchair,yes,OpenStreetMap,https://www.openstreetmap.org/node/4362871533,ODbL 1.0,2026-10-03,2025-01-01,0.8,potwierdzone
node/4362871534,wheelchair,limited,OpenStreetMap,https://www.openstreetmap.org/node/4362871534,ODbL 1.0,2026-10-03,,0.5,prawdopodobne
node/4364624062,wheelchair,yes,OpenStreetMap,https://www.openstreetmap.org/node/4364624062,ODbL 1.0,2026-10-03,2026-09-26,0.8,potwierdzone
node/4364624064,wheelchair,yes,OpenStreetMap,https://www.openstreetmap.org/node/4364624064,ODbL 1.0,2026-10-03,2026-09-26,0.8,potwierdzone
node/4381386157,wheelchair,yes,OpenStreetMap,https://www.openstreetmap.org/node/4381386157,ODbL 1.0,2026-10-03,,0.5,prawdopodobne
node/4397848046,wheelchair,yes,OpenStreetMap,https://www.openstreetmap.org/node/4397848046,ODbL 1.0,2026-10-03,,0.5,prawdopodobne
node/4397851152,wheelchair,no,OpenStreetMap,https://www.openstreetmap.org/node/4397851152,ODbL 1.0,2026-10-03,,0.5,prawdopodobne
node/4397856722,wheelchair,limited,OpenStreetMap,https://www.openstreetmap.org/node/4397856722,ODbL 1.0,2026-10-03,2026-07-25,0.8,potwierdzone
node/4397856722,level,0,OpenStreetMap,https://www.openstreetmap.org/node/4397856722,ODbL 1.0,2026-10-03,2026-07-25,0.8,potwierdzone
node/4398883729,wheelchair,no,OpenStreetMap,https://www.openstreetmap.org/node/4398883729,ODbL 1.0,2026-10-03,2026-02-23,0.8,potwierdzone
node/4440919490,wheelchair,yes,OpenStreetMap,https://www.openstreetmap.org/node/4440919490,ODbL 1.0,2026-10-03,2026-04-16,0.8,potwierdzone
node/4440919490,level,0,OpenStreetMap,https://www.openstreetmap.org/node/4440919490,ODbL 1.0,2026-10-03,2026-04-16,0.8,potwierdzone
node/4442413529,wheelchair,no,OpenStreetMap,https://www.openstreetmap.org/node/4442413529,ODbL 1.0,2026-10-03,,0.5,prawdopodobne
node/4442413530,wheelchair,yes,OpenStreetMap,https://www.openstreetmap.org/node/4442413530,ODbL 1.0,2026-10-03,2025-01-01,0.8,potwierdzone
node/4442413530,level,0,OpenStreetMap,https://www.openstreetmap.org/node/4442413530,ODbL 1.0,2026-10-03,2025-01-01,0.8,potwierdzone
node/4442413531,wheelchair,yes,OpenStreetMap,https://www.openstreetmap.org/node/4442413531,ODbL 1.0,2026-10-03,,0.5,prawdopodobne
node/4442417574,wheelchair,no,OpenStreetMap,https://www.openstreetmap.org/node/4442417574,ODbL 1.0,2026-10-03,2026-07-14,0.8,potwierdzone
node/4442417574,level,0,OpenStreetMap,https://www.openstreetmap.org/node/4442417574,ODbL 1.0,2026-10-03,2026-07-14,0.8,potwierdzone
node/4445606590,wheelchair,yes,OpenStreetMap,https://www.openstreetmap.org/node/4445606590,ODbL 1.0,2026-10-03,,0.5,prawdopodobne
node/4450164190,wheelchair,yes,OpenStreetMap,https://www.openstreetmap.org/node/4450164190,ODbL 1.0,2026-10-03,2026-07-17,0.8,potwierdzone
node/4450627792,wheelchair,no,OpenStreetMap,https://www.openstreetmap.org/node/4450627792,ODbL 1.0,2026-10-03,2025-02-16,0.8,potwierdzone
node/4454791535,entrance,garage,OpenStreetMap,https://www.openstreetmap.org/node/4454791535,ODbL 1.0,2026-10-03,,0.5,prawdopodobne
node/4454791537,entrance,garage,OpenStreetMap,https://www.openstreetmap.org/node/4454791537,ODbL 1.0,2026-10-03,,0.5,prawdopodobne
node/4454791539,entrance,garage,OpenStreetMap,https://www.openstreetmap.org/node/4454791539,ODbL 1.0,2026-10-03,,0.5,prawdopodobne
node/4454791541,entrance,garage,OpenStreetMap,https://www.openstreetmap.org/node/4454791541,ODbL 1.0,2026-10-03,,0.5,prawdopodobne
node/4454791543,entrance,garage,OpenStreetMap,https://www.openstreetmap.org/node/4454791543,ODbL 1.0,2026-10-03,,0.5,prawdopodobne
node/4461226621,wheelchair,yes,OpenStreetMap,https://www.openstreetmap.org/node/4461226621,ODbL 1.0,2026-10-03,,0.5,prawdopodobne
node/4461226621,level,1,OpenStreetMap,https://www.openstreetmap.org/node/4461226621,ODbL 1.0,2026-10-03,,0.5,prawdopodobne
node/4461227119,wheelchair,no,OpenStreetMap,https://www.openstreetmap.org/node/4461227119,ODbL 1.0,2026-10-03,,0.5,prawdopodobne
node/4481681789,wheelchair,yes,OpenStreetMap,https://www.openstreetmap.org/node/4481681789,ODbL 1.0,2026-10-03,2025-10-27,0.8,potwierdzone
node/4501870692,wheelchair,no,OpenStreetMap,https://www.openstreetmap.org/node/4501870692,ODbL 1.0,2026-10-03,2026-07-17,0.8,potwierdzone
node/4504307193,wheelchair,no,OpenStreetMap,https://www.openstreetmap.org/node/4504307193,ODbL 1.0,2026-10-03,,0.5,prawdopodobne
node/4517285129,wheelchair,yes,OpenStreetMap,https://www.openstreetmap.org/node/4517285129,ODbL 1.0,2026-10-03,2025-10-20,0.8,potwierdzone
node/4517285129,level,0,OpenStreetMap,https://www.openstreetmap.org/node/4517285129,ODbL 1.0,2026-10-03,2025-10-20,0.8,potwierdzone
node/4518825615,wheelchair,no,OpenStreetMap,https://www.openstreetmap.org/node/4518825615,ODbL 1.0,2026-10-03,,0.5,prawdopodobne
node/4518825615,level,1,OpenStreetMap,https://www.openstreetmap.org/node/4518825615,ODbL 1.0,2026-10-03,,0.5,prawdopodobne
node/4518828380,wheelchair,no,OpenStreetMap,https://www.openstreetmap.org/node/4518828380,ODbL 1.0,2026-10-03,,0.5,prawdopodobne
node/4518828380,level,-1,OpenStreetMap,https://www.openstreetmap.org/node/4518828380,ODbL 1.0,2026-10-03,,0.5,prawdopodobne
node/4518838415,wheelchair,limited,OpenStreetMap,https://www.openstreetmap.org/node/4518838415,ODbL 1.0,2026-10-03,,0.5,prawdopodobne
node/4518838415,level,0,OpenStreetMap,https://www.openstreetmap.org/node/4518838415,ODbL 1.0,2026-10-03,,0.5,prawdopodobne
node/4529384785,wheelchair,limited,OpenStreetMap,https://www.openstreetmap.org/node/4529384785,ODbL 1.0,2026-10-03,,0.5,prawdopodobne
node/4588934197,wheelchair,no,OpenStreetMap,https://www.openstreetmap.org/node/4588934197,ODbL 1.0,2026-10-03,2025-04-19,0.8,potwierdzone
node/4708839320,wheelchair,no,OpenStreetMap,https://www.openstreetmap.org/node/4708839320,ODbL 1.0,2026-10-03,2025-07-04,0.8,potwierdzone
node/4708839320,level,-1,OpenStreetMap,https://www.openstreetmap.org/node/4708839320,ODbL 1.0,2026-10-03,2025-07-04,0.8,potwierdzone
node/4728249344,wheelchair,limited,OpenStreetMap,https://www.openstreetmap.org/node/4728249344,ODbL 1.0,2026-10-03,2024-02-20,0.72,prawdopodobne
node/4728262571,wheelchair,yes,OpenStreetMap,https://www.openstreetmap.org/node/4728262571,ODbL 1.0,2026-10-03,,0.5,prawdopodobne
node/4728262571,level,6,OpenStreetMap,https://www.openstreetmap.org/node/4728262571,ODbL 1.0,2026-10-03,,0.5,prawdopodobne
node/4730384560,wheelchair,no,OpenStreetMap,https://www.openstreetmap.org/node/4730384560,ODbL 1.0,2026-10-03,2025-07-31,0.8,potwierdzone
node/4730384560,toilets:wheelchair,no,OpenStreetMap,https://www.openstreetmap.org/node/4730384560,ODbL 1.0,2026-10-03,2025-07-31,0.8,potwierdzone
node/4734733123,level,-1;-2,OpenStreetMap,https://www.openstreetmap.org/node/4734733123,ODbL 1.0,2026-10-03,2025-08-25,0.8,potwierdzone
node/4742788308,wheelchair,yes,OpenStreetMap,https://www.openstreetmap.org/node/4742788308,ODbL 1.0,2026-10-03,,0.5,prawdopodobne
node/4745690436,level,-1,OpenStreetMap,https://www.openstreetmap.org/node/4745690436,ODbL 1.0,2026-10-03,2024-08-03,0.78,prawdopodobne
node/4745690437,wheelchair,yes,OpenStreetMap,https://www.openstreetmap.org/node/4745690437,ODbL 1.0,2026-10-03,,0.5,prawdopodobne
node/4745690438,wheelchair,yes,OpenStreetMap,https://www.openstreetmap.org/node/4745690438,ODbL 1.0,2026-10-03,,0.5,prawdopodobne
node/4745690439,wheelchair,limited,OpenStreetMap,https://www.openstreetmap.org/node/4745690439,ODbL 1.0,2026-10-03,,0.5,prawdopodobne
node/4745690440,wheelchair,no,OpenStreetMap,https://www.openstreetmap.org/node/4745690440,ODbL 1.0,2026-10-03,,0.5,prawdopodobne
node/4745690444,wheelchair,limited,OpenStreetMap,https://www.openstreetmap.org/node/4745690444,ODbL 1.0,2026-10-03,,0.5,prawdopodobne
node/4745690446,wheelchair,no,OpenStreetMap,https://www.openstreetmap.org/node/4745690446,ODbL 1.0,2026-10-03,,0.5,prawdopodobne
node/4745690447,level,-1,OpenStreetMap,https://www.openstreetmap.org/node/4745690447,ODbL 1.0,2026-10-03,,0.5,prawdopodobne
node/4745690449,level,-1,OpenStreetMap,https://www.openstreetmap.org/node/4745690449,ODbL 1.0,2026-10-03,2024-08-03,0.78,prawdopodobne
node/4745690450,wheelchair,no,OpenStreetMap,https://www.openstreetmap.org/node/4745690450,ODbL 1.0,2026-10-03,,0.5,prawdopodobne
node/4745690462,wheelchair,limited,OpenStreetMap,https://www.openstreetmap.org/node/4745690462,ODbL 1.0,2026-10-03,2026-09-15,0.8,potwierdzone
node/4745690470,wheelchair,limited,OpenStreetMap,https://www.openstreetmap.org/node/4745690470,ODbL 1.0,2026-10-03,2025-04-21,0.8,potwierdzone
node/4745690471,wheelchair,no,OpenStreetMap,https://www.openstreetmap.org/node/4745690471,ODbL 1.0,2026-10-03,2024-11-30,0.8,potwierdzone
node/4745690471,level,0,OpenStreetMap,https://www.openstreetmap.org/node/4745690471,ODbL 1.0,2026-10-03,2024-11-30,0.8,potwierdzone
node/4749733824,wheelchair,no,OpenStreetMap,https://www.openstreetmap.org/node/4749733824,ODbL 1.0,2026-10-03,2026-07-26,0.8,potwierdzone
node/4749733829,wheelchair,limited,OpenStreetMap,https://www.openstreetmap.org/node/4749733829,ODbL 1.0,2026-10-03,,0.5,prawdopodobne
node/4749733832,wheelchair,limited,OpenStreetMap,https://www.openstreetmap.org/node/4749733832,ODbL 1.0,2026-10-03,,0.5,prawdopodobne
node/4749733833,level,0,OpenStreetMap,https://www.openstreetmap.org/node/4749733833,ODbL 1.0,2026-10-03,2026-02-23,0.8,potwierdzone
node/4749733837,wheelchair,no,OpenStreetMap,https://www.openstreetmap.org/node/4749733837,ODbL 1.0,2026-10-03,,0.5,prawdopodobne
node/4749733840,wheelchair,limited,OpenStreetMap,https://www.openstreetmap.org/node/4749733840,ODbL 1.0,2026-10-03,2026-09-15,0.8,potwierdzone
node/4749733841,wheelchair,yes,OpenStreetMap,https://www.openstreetmap.org/node/4749733841,ODbL 1.0,2026-10-03,2026-09-15,0.8,potwierdzone
node/4749733842,wheelchair,yes,OpenStreetMap,https://www.openstreetmap.org/node/4749733842,ODbL 1.0,2026-10-03,2026-09-15,0.8,potwierdzone
node/4749733844,wheelchair,limited,OpenStreetMap,https://www.openstreetmap.org/node/4749733844,ODbL 1.0,2026-10-03,,0.5,prawdopodobne
node/4749733847,wheelchair,limited,OpenStreetMap,https://www.openstreetmap.org/node/4749733847,ODbL 1.0,2026-10-03,2025-12-09,0.8,potwierdzone
node/4749733848,wheelchair,limited,OpenStreetMap,https://www.openstreetmap.org/node/4749733848,ODbL 1.0,2026-10-03,2025-12-09,0.8,potwierdzone
node/4749733849,wheelchair,yes,OpenStreetMap,https://www.openstreetmap.org/node/4749733849,ODbL 1.0,2026-10-03,2026-07-24,0.8,potwierdzone
node/4749733849,level,0,OpenStreetMap,https://www.openstreetmap.org/node/4749733849,ODbL 1.0,2026-10-03,2026-07-24,0.8,potwierdzone
node/4755205821,wheelchair,no,OpenStreetMap,https://www.openstreetmap.org/node/4755205821,ODbL 1.0,2026-10-03,,0.5,prawdopodobne
node/4755205821,changing_table,yes,OpenStreetMap,https://www.openstreetmap.org/node/4755205821,ODbL 1.0,2026-10-03,,0.5,prawdopodobne
node/4777608101,wheelchair,limited,OpenStreetMap,https://www.openstreetmap.org/node/4777608101,ODbL 1.0,2026-10-03,,0.5,prawdopodobne
node/4777608101,wheelchair:description,Single step,OpenStreetMap,https://www.openstreetmap.org/node/4777608101,ODbL 1.0,2026-10-03,,0.5,prawdopodobne
node/4777608101,level,0,OpenStreetMap,https://www.openstreetmap.org/node/4777608101,ODbL 1.0,2026-10-03,,0.5,prawdopodobne
node/4784969385,wheelchair,limited,OpenStreetMap,https://www.openstreetmap.org/node/4784969385,ODbL 1.0,2026-10-03,2026-09-14,0.8,potwierdzone
node/4784969385,level,0,OpenStreetMap,https://www.openstreetmap.org/node/4784969385,ODbL 1.0,2026-10-03,2026-09-14,0.8,potwierdzone
node/4789618072,wheelchair,no,OpenStreetMap,https://www.openstreetmap.org/node/4789618072,ODbL 1.0,2026-10-03,,0.5,prawdopodobne
node/4802175413,wheelchair,limited,OpenStreetMap,https://www.openstreetmap.org/node/4802175413,ODbL 1.0,2026-10-03,2026-09-07,0.8,potwierdzone
node/4802175413,toilets:wheelchair,no,OpenStreetMap,https://www.openstreetmap.org/node/4802175413,ODbL 1.0,2026-10-03,2026-09-07,0.8,potwierdzone
node/4813776022,wheelchair,yes,OpenStreetMap,https://www.openstreetmap.org/node/4813776022,ODbL 1.0,2026-10-03,,0.5,prawdopodobne
node/4836737821,wheelchair,no,OpenStreetMap,https://www.openstreetmap.org/node/4836737821,ODbL 1.0,2026-10-03,,0.5,prawdopodobne
node/4854032841,level,1,OpenStreetMap,https://www.openstreetmap.org/node/4854032841,ODbL 1.0,2026-10-03,,0.5,prawdopodobne
node/4866706443,level,0,OpenStreetMap,https://www.openstreetmap.org/node/4866706443,ODbL 1.0,2026-10-03,2025-10-27,0.8,potwierdzone
node/4866933072,wheelchair,no,OpenStreetMap,https://www.openstreetmap.org/node/4866933072,ODbL 1.0,2026-10-03,2025-11-03,0.8,potwierdzone
node/4880293721,wheelchair,limited,OpenStreetMap,https://www.openstreetmap.org/node/4880293721,ODbL 1.0,2026-10-03,,0.5,prawdopodobne
node/4908095421,wheelchair,no,OpenStreetMap,https://www.openstreetmap.org/node/4908095421,ODbL 1.0,2026-10-03,2023-04-12,0.6,prawdopodobne
node/4921953022,wheelchair,limited,OpenStreetMap,https://www.openstreetmap.org/node/4921953022,ODbL 1.0,2026-10-03,,0.5,prawdopodobne
node/4958281908,wheelchair,no,OpenStreetMap,https://www.openstreetmap.org/node/4958281908,ODbL 1.0,2026-10-03,,0.5,prawdopodobne
node/4958770316,wheelchair,no,OpenStreetMap,https://www.openstreetmap.org/node/4958770316,ODbL 1.0,2026-10-03,,0.5,prawdopodobne
node/4977874050,bench,yes,OpenStreetMap,https://www.openstreetmap.org/node/4977874050,ODbL 1.0,2026-10-03,,0.5,prawdopodobne
node/4977874050,tactile_paving,no,OpenStreetMap,https://www.openstreetmap.org/node/4977874050,ODbL 1.0,2026-10-03,,0.5,prawdopodobne
node/4977874050,lit,yes,OpenStreetMap,https://www.openstreetmap.org/node/4977874050,ODbL 1.0,2026-10-03,,0.5,prawdopodobne
node/4982713473,level,0,OpenStreetMap,https://www.openstreetmap.org/node/4982713473,ODbL 1.0,2026-10-03,2026-07-12,0.8,potwierdzone
node/4983032332,wheelchair,limited,OpenStreetMap,https://www.openstreetmap.org/node/4983032332,ODbL 1.0,2026-10-03,,0.5,prawdopodobne
node/4983032333,wheelchair,no,OpenStreetMap,https://www.openstreetmap.org/node/4983032333,ODbL 1.0,2026-10-03,,0.5,prawdopodobne
node/4985735578,wheelchair,yes,OpenStreetMap,https://www.openstreetmap.org/node/4985735578,ODbL 1.0,2026-10-03,2024-08-10,0.78,prawdopodobne
node/4986442006,wheelchair,limited,OpenStreetMap,https://www.openstreetmap.org/node/4986442006,ODbL 1.0,2026-10-03,2024-07-12,0.77,prawdopodobne
node/4986442006,toilets:wheelchair,no,OpenStreetMap,https://www.openstreetmap.org/node/4986442006,ODbL 1.0,2026-10-03,2024-07-12,0.77,prawdopodobne
node/4986442006,changing_table,no,OpenStreetMap,https://www.openstreetmap.org/node/4986442006,ODbL 1.0,2026-10-03,2024-07-12,0.77,prawdopodobne
node/4986442006,level,0,OpenStreetMap,https://www.openstreetmap.org/node/4986442006,ODbL 1.0,2026-10-03,2024-07-12,0.77,prawdopodobne
node/4991163651,wheelchair,no,OpenStreetMap,https://www.openstreetmap.org/node/4991163651,ODbL 1.0,2026-10-03,2026-02-06,0.8,potwierdzone
node/4991163652,wheelchair,no,OpenStreetMap,https://www.openstreetmap.org/node/4991163652,ODbL 1.0,2026-10-03,2026-02-06,0.8,potwierdzone
node/4991239049,wheelchair,yes,OpenStreetMap,https://www.openstreetmap.org/node/4991239049,ODbL 1.0,2026-10-03,,0.5,prawdopodobne
node/4995017664,wheelchair,yes,OpenStreetMap,https://www.openstreetmap.org/node/4995017664,ODbL 1.0,2026-10-03,,0.5,prawdopodobne
node/5019690566,bench,no,OpenStreetMap,https://www.openstreetmap.org/node/5019690566,ODbL 1.0,2026-10-03,,0.5,prawdopodobne
node/5019690566,tactile_paving,no,OpenStreetMap,https://www.openstreetmap.org/node/5019690566,ODbL 1.0,2026-10-03,,0.5,prawdopodobne
node/5019690566,lit,yes,OpenStreetMap,https://www.openstreetmap.org/node/5019690566,ODbL 1.0,2026-10-03,,0.5,prawdopodobne
node/5052104325,wheelchair,yes,OpenStreetMap,https://www.openstreetmap.org/node/5052104325,ODbL 1.0,2026-10-03,,0.5,prawdopodobne
node/5060435650,bench,yes,OpenStreetMap,https://www.openstreetmap.org/node/5060435650,ODbL 1.0,2026-10-03,,0.5,prawdopodobne
node/5060435650,tactile_paving,no,OpenStreetMap,https://www.openstreetmap.org/node/5060435650,ODbL 1.0,2026-10-03,,0.5,prawdopodobne
node/5060435650,lit,yes,OpenStreetMap,https://www.openstreetmap.org/node/5060435650,ODbL 1.0,2026-10-03,,0.5,prawdopodobne
node/5060485422,level,0;-1,OpenStreetMap,https://www.openstreetmap.org/node/5060485422,ODbL 1.0,2026-10-03,,0.5,prawdopodobne
node/5061103605,wheelchair,no,OpenStreetMap,https://www.openstreetmap.org/node/5061103605,ODbL 1.0,2026-10-03,,0.5,prawdopodobne
node/5066242774,wheelchair,limited,OpenStreetMap,https://www.openstreetmap.org/node/5066242774,ODbL 1.0,2026-10-03,2026-07-18,0.8,potwierdzone
node/5066242775,wheelchair,no,OpenStreetMap,https://www.openstreetmap.org/node/5066242775,ODbL 1.0,2026-10-03,2025-02-08,0.8,potwierdzone
node/5066243234,wheelchair,limited,OpenStreetMap,https://www.openstreetmap.org/node/5066243234,ODbL 1.0,2026-10-03,,0.5,prawdopodobne
node/5070017489,level,-1,OpenStreetMap,https://www.openstreetmap.org/node/5070017489,ODbL 1.0,2026-10-03,,0.5,prawdopodobne
node/5098278425,wheelchair,no,OpenStreetMap,https://www.openstreetmap.org/node/5098278425,ODbL 1.0,2026-10-03,2025-07-30,0.8,potwierdzone
node/5098278425,level,1,OpenStreetMap,https://www.openstreetmap.org/node/5098278425,ODbL 1.0,2026-10-03,2025-07-30,0.8,potwierdzone
node/5110886021,wheelchair,yes,OpenStreetMap,https://www.openstreetmap.org/node/5110886021,ODbL 1.0,2026-10-03,2026-03-07,0.8,potwierdzone
node/5115869220,wheelchair,yes,OpenStreetMap,https://www.openstreetmap.org/node/5115869220,ODbL 1.0,2026-10-03,2024-09-09,0.79,prawdopodobne
node/5115878692,wheelchair,yes,OpenStreetMap,https://www.openstreetmap.org/node/5115878692,ODbL 1.0,2026-10-03,,0.5,prawdopodobne
node/5115878693,wheelchair,yes,OpenStreetMap,https://www.openstreetmap.org/node/5115878693,ODbL 1.0,2026-10-03,,0.5,prawdopodobne
node/5116102926,lit,no,OpenStreetMap,https://www.openstreetmap.org/node/5116102926,ODbL 1.0,2026-10-03,2024-09-12,0.79,prawdopodobne
node/5122115721,wheelchair,yes,OpenStreetMap,https://www.openstreetmap.org/node/5122115721,ODbL 1.0,2026-10-03,,0.5,prawdopodobne
node/5126196386,level,0,OpenStreetMap,https://www.openstreetmap.org/node/5126196386,ODbL 1.0,2026-10-03,,0.5,prawdopodobne
node/5126212160,wheelchair,no,OpenStreetMap,https://www.openstreetmap.org/node/5126212160,ODbL 1.0,2026-10-03,,0.5,prawdopodobne
node/5129367727,wheelchair,limited,OpenStreetMap,https://www.openstreetmap.org/node/5129367727,ODbL 1.0,2026-10-03,,0.5,prawdopodobne
node/5131327852,wheelchair,yes,OpenStreetMap,https://www.openstreetmap.org/node/5131327852,ODbL 1.0,2026-10-03,,0.5,prawdopodobne
node/5131327854,wheelchair,limited,OpenStreetMap,https://www.openstreetmap.org/node/5131327854,ODbL 1.0,2026-10-03,,0.5,prawdopodobne
node/5176844102,level,0,OpenStreetMap,https://www.openstreetmap.org/node/5176844102,ODbL 1.0,2026-10-03,,0.5,prawdopodobne
node/5176844103,level,0,OpenStreetMap,https://www.openstreetmap.org/node/5176844103,ODbL 1.0,2026-10-03,,0.5,prawdopodobne
node/5192424172,bench,yes,OpenStreetMap,https://www.openstreetmap.org/node/5192424172,ODbL 1.0,2026-10-03,,0.5,prawdopodobne
node/5192424172,tactile_paving,no,OpenStreetMap,https://www.openstreetmap.org/node/5192424172,ODbL 1.0,2026-10-03,,0.5,prawdopodobne
node/5192424172,lit,yes,OpenStreetMap,https://www.openstreetmap.org/node/5192424172,ODbL 1.0,2026-10-03,,0.5,prawdopodobne
node/5199949834,wheelchair,no,OpenStreetMap,https://www.openstreetmap.org/node/5199949834,ODbL 1.0,2026-10-03,,0.5,prawdopodobne
node/5213174283,bench,yes,OpenStreetMap,https://www.openstreetmap.org/node/5213174283,ODbL 1.0,2026-10-03,,0.5,prawdopodobne
node/5213174283,tactile_paving,no,OpenStreetMap,https://www.openstreetmap.org/node/5213174283,ODbL 1.0,2026-10-03,,0.5,prawdopodobne
node/5213174283,lit,yes,OpenStreetMap,https://www.openstreetmap.org/node/5213174283,ODbL 1.0,2026-10-03,,0.5,prawdopodobne
node/5269482824,wheelchair,no,OpenStreetMap,https://www.openstreetmap.org/node/5269482824,ODbL 1.0,2026-10-03,,0.5,prawdopodobne
node/5270846528,wheelchair,yes,OpenStreetMap,https://www.openstreetmap.org/node/5270846528,ODbL 1.0,2026-10-03,,0.5,prawdopodobne
node/5270846528,changing_table,yes,OpenStreetMap,https://www.openstreetmap.org/node/5270846528,ODbL 1.0,2026-10-03,,0.5,prawdopodobne
node/5274182420,wheelchair,no,OpenStreetMap,https://www.openstreetmap.org/node/5274182420,ODbL 1.0,2026-10-03,,0.5,prawdopodobne
node/5274182420,level,3,OpenStreetMap,https://www.openstreetmap.org/node/5274182420,ODbL 1.0,2026-10-03,,0.5,prawdopodobne
node/5274182623,wheelchair,yes,OpenStreetMap,https://www.openstreetmap.org/node/5274182623,ODbL 1.0,2026-10-03,,0.5,prawdopodobne
node/5275808820,bench,yes,OpenStreetMap,https://www.openstreetmap.org/node/5275808820,ODbL 1.0,2026-10-03,,0.5,prawdopodobne
node/5275808820,tactile_paving,no,OpenStreetMap,https://www.openstreetmap.org/node/5275808820,ODbL 1.0,2026-10-03,,0.5,prawdopodobne
node/5275808820,lit,yes,OpenStreetMap,https://www.openstreetmap.org/node/5275808820,ODbL 1.0,2026-10-03,,0.5,prawdopodobne
node/5326166370,wheelchair,yes,OpenStreetMap,https://www.openstreetmap.org/node/5326166370,ODbL 1.0,2026-10-03,,0.5,prawdopodobne
node/5339646552,level,2,OpenStreetMap,https://www.openstreetmap.org/node/5339646552,ODbL 1.0,2026-10-03,,0.5,prawdopodobne
node/5383608904,bench,yes,OpenStreetMap,https://www.openstreetmap.org/node/5383608904,ODbL 1.0,2026-10-03,,0.5,prawdopodobne
node/5383608904,lit,yes,OpenStreetMap,https://www.openstreetmap.org/node/5383608904,ODbL 1.0,2026-10-03,,0.5,prawdopodobne
node/5383608905,wheelchair,yes,OpenStreetMap,https://www.openstreetmap.org/node/5383608905,ODbL 1.0,2026-10-03,,0.5,prawdopodobne
node/5383608905,bench,yes,OpenStreetMap,https://www.openstreetmap.org/node/5383608905,ODbL 1.0,2026-10-03,,0.5,prawdopodobne
node/5383608905,tactile_paving,no,OpenStreetMap,https://www.openstreetmap.org/node/5383608905,ODbL 1.0,2026-10-03,,0.5,prawdopodobne
node/5383608905,lit,yes,OpenStreetMap,https://www.openstreetmap.org/node/5383608905,ODbL 1.0,2026-10-03,,0.5,prawdopodobne
node/5417311065,wheelchair,no,OpenStreetMap,https://www.openstreetmap.org/node/5417311065,ODbL 1.0,2026-10-03,,0.5,prawdopodobne
node/5425555821,level,0,OpenStreetMap,https://www.openstreetmap.org/node/5425555821,ODbL 1.0,2026-10-03,2026-07-14,0.8,potwierdzone
node/5491717726,wheelchair,yes,OpenStreetMap,https://www.openstreetmap.org/node/5491717726,ODbL 1.0,2026-10-03,,0.5,prawdopodobne
node/5508892684,wheelchair,no,OpenStreetMap,https://www.openstreetmap.org/node/5508892684,ODbL 1.0,2026-10-03,2021-09-07,0.4,prawdopodobne
node/5508892685,wheelchair,yes,OpenStreetMap,https://www.openstreetmap.org/node/5508892685,ODbL 1.0,2026-10-03,2025-12-05,0.8,potwierdzone
node/5508892689,wheelchair,yes,OpenStreetMap,https://www.openstreetmap.org/node/5508892689,ODbL 1.0,2026-10-03,,0.5,prawdopodobne
node/5508892690,wheelchair,no,OpenStreetMap,https://www.openstreetmap.org/node/5508892690,ODbL 1.0,2026-10-03,,0.5,prawdopodobne
node/5508892692,wheelchair,yes,OpenStreetMap,https://www.openstreetmap.org/node/5508892692,ODbL 1.0,2026-10-03,,0.5,prawdopodobne
node/5509615497,wheelchair,no,OpenStreetMap,https://www.openstreetmap.org/node/5509615497,ODbL 1.0,2026-10-03,,0.5,prawdopodobne
node/5528275921,wheelchair,yes,OpenStreetMap,https://www.openstreetmap.org/node/5528275921,ODbL 1.0,2026-10-03,,0.5,prawdopodobne
node/5528750091,wheelchair,no,OpenStreetMap,https://www.openstreetmap.org/node/5528750091,ODbL 1.0,2026-10-03,2025-09-13,0.8,potwierdzone
node/5528750091,level,0,OpenStreetMap,https://www.openstreetmap.org/node/5528750091,ODbL 1.0,2026-10-03,2025-09-13,0.8,potwierdzone
node/5530478522,wheelchair,limited,OpenStreetMap,https://www.openstreetmap.org/node/5530478522,ODbL 1.0,2026-10-03,,0.5,prawdopodobne
node/5548258079,level,0,OpenStreetMap,https://www.openstreetmap.org/node/5548258079,ODbL 1.0,2026-10-03,,0.5,prawdopodobne
node/5568251178,level,-1,OpenStreetMap,https://www.openstreetmap.org/node/5568251178,ODbL 1.0,2026-10-03,,0.5,prawdopodobne
node/5611937500,wheelchair,limited,OpenStreetMap,https://www.openstreetmap.org/node/5611937500,ODbL 1.0,2026-10-03,,0.5,prawdopodobne
node/5616831136,wheelchair,yes,OpenStreetMap,https://www.openstreetmap.org/node/5616831136,ODbL 1.0,2026-10-03,2025-03-09,0.8,potwierdzone
node/5616831136,level,0,OpenStreetMap,https://www.openstreetmap.org/node/5616831136,ODbL 1.0,2026-10-03,2025-03-09,0.8,potwierdzone
node/5624335298,wheelchair,yes,OpenStreetMap,https://www.openstreetmap.org/node/5624335298,ODbL 1.0,2026-10-03,,0.5,prawdopodobne
node/5628663411,wheelchair,yes,OpenStreetMap,https://www.openstreetmap.org/node/5628663411,ODbL 1.0,2026-10-03,2026-07-14,0.8,potwierdzone
node/5631274399,wheelchair,no,OpenStreetMap,https://www.openstreetmap.org/node/5631274399,ODbL 1.0,2026-10-03,2026-05-08,0.8,potwierdzone
node/5643501426,wheelchair,yes,OpenStreetMap,https://www.openstreetmap.org/node/5643501426,ODbL 1.0,2026-10-03,,0.5,prawdopodobne
node/5643721690,wheelchair,no,OpenStreetMap,https://www.openstreetmap.org/node/5643721690,ODbL 1.0,2026-10-03,,0.5,prawdopodobne
node/5643721690,level,0,OpenStreetMap,https://www.openstreetmap.org/node/5643721690,ODbL 1.0,2026-10-03,,0.5,prawdopodobne
node/5645198658,level,0,OpenStreetMap,https://www.openstreetmap.org/node/5645198658,ODbL 1.0,2026-10-03,2026-04-21,0.8,potwierdzone
node/5645199277,wheelchair,no,OpenStreetMap,https://www.openstreetmap.org/node/5645199277,ODbL 1.0,2026-10-03,,0.5,prawdopodobne
node/5654178231,wheelchair,yes,OpenStreetMap,https://www.openstreetmap.org/node/5654178231,ODbL 1.0,2026-10-03,,0.5,prawdopodobne
node/5711669095,level,0,OpenStreetMap,https://www.openstreetmap.org/node/5711669095,ODbL 1.0,2026-10-03,,0.5,prawdopodobne
node/5711669096,level,0,OpenStreetMap,https://www.openstreetmap.org/node/5711669096,ODbL 1.0,2026-10-03,,0.5,prawdopodobne
node/5711669097,level,0,OpenStreetMap,https://www.openstreetmap.org/node/5711669097,ODbL 1.0,2026-10-03,,0.5,prawdopodobne
node/5736892440,level,-1;0,OpenStreetMap,https://www.openstreetmap.org/node/5736892440,ODbL 1.0,2026-10-03,2025-04-26,0.8,potwierdzone
node/5784865319,wheelchair,yes,OpenStreetMap,https://www.openstreetmap.org/node/5784865319,ODbL 1.0,2026-10-03,2026-03-06,0.8,potwierdzone
node/5784865319,level,0,OpenStreetMap,https://www.openstreetmap.org/node/5784865319,ODbL 1.0,2026-10-03,2026-03-06,0.8,potwierdzone
node/5784867793,level,-1,OpenStreetMap,https://www.openstreetmap.org/node/5784867793,ODbL 1.0,2026-10-03,,0.5,prawdopodobne
node/5786966732,wheelchair,yes,OpenStreetMap,https://www.openstreetmap.org/node/5786966732,ODbL 1.0,2026-10-03,2026-04-25,0.8,potwierdzone
node/5822481457,level,0,OpenStreetMap,https://www.openstreetmap.org/node/5822481457,ODbL 1.0,2026-10-03,,0.5,prawdopodobne
node/5826912226,wheelchair,no,OpenStreetMap,https://www.openstreetmap.org/node/5826912226,ODbL 1.0,2026-10-03,2025-12-05,0.8,potwierdzone
node/5826912226,level,0,OpenStreetMap,https://www.openstreetmap.org/node/5826912226,ODbL 1.0,2026-10-03,2025-12-05,0.8,potwierdzone
node/5838986847,lit,yes,OpenStreetMap,https://www.openstreetmap.org/node/5838986847,ODbL 1.0,2026-10-03,,0.5,prawdopodobne
node/5838986848,lit,yes,OpenStreetMap,https://www.openstreetmap.org/node/5838986848,ODbL 1.0,2026-10-03,,0.5,prawdopodobne
node/5841746761,lit,yes,OpenStreetMap,https://www.openstreetmap.org/node/5841746761,ODbL 1.0,2026-10-03,,0.5,prawdopodobne
node/5858978671,level,0,OpenStreetMap,https://www.openstreetmap.org/node/5858978671,ODbL 1.0,2026-10-03,,0.5,prawdopodobne
node/5860909427,level,-1,OpenStreetMap,https://www.openstreetmap.org/node/5860909427,ODbL 1.0,2026-10-03,2025-09-08,0.8,potwierdzone
node/5891539485,level,0,OpenStreetMap,https://www.openstreetmap.org/node/5891539485,ODbL 1.0,2026-10-03,2026-09-28,0.8,potwierdzone
node/5923833368,wheelchair,yes,OpenStreetMap,https://www.openstreetmap.org/node/5923833368,ODbL 1.0,2026-10-03,,0.5,prawdopodobne
node/5923833368,toilets:wheelchair,yes,OpenStreetMap,https://www.openstreetmap.org/node/5923833368,ODbL 1.0,2026-10-03,,0.5,prawdopodobne
node/5924577941,level,-1,OpenStreetMap,https://www.openstreetmap.org/node/5924577941,ODbL 1.0,2026-10-03,,0.5,prawdopodobne
node/5927697006,wheelchair,no,OpenStreetMap,https://www.openstreetmap.org/node/5927697006,ODbL 1.0,2026-10-03,,0.5,prawdopodobne
node/5928675798,level,0,OpenStreetMap,https://www.openstreetmap.org/node/5928675798,ODbL 1.0,2026-10-03,,0.5,prawdopodobne
node/5936982533,wheelchair,no,OpenStreetMap,https://www.openstreetmap.org/node/5936982533,ODbL 1.0,2026-10-03,,0.5,prawdopodobne
node/5945483188,wheelchair,yes,OpenStreetMap,https://www.openstreetmap.org/node/5945483188,ODbL 1.0,2026-10-03,,0.5,prawdopodobne
node/5966586987,wheelchair,no,OpenStreetMap,https://www.openstreetmap.org/node/5966586987,ODbL 1.0,2026-10-03,2025-07-24,0.8,potwierdzone
node/5966586988,wheelchair,no,OpenStreetMap,https://www.openstreetmap.org/node/5966586988,ODbL 1.0,2026-10-03,,0.5,prawdopodobne
node/5966586989,wheelchair,yes,OpenStreetMap,https://www.openstreetmap.org/node/5966586989,ODbL 1.0,2026-10-03,,0.5,prawdopodobne
node/5966604885,wheelchair,limited,OpenStreetMap,https://www.openstreetmap.org/node/5966604885,ODbL 1.0,2026-10-03,,0.5,prawdopodobne
node/5989365695,wheelchair,no,OpenStreetMap,https://www.openstreetmap.org/node/5989365695,ODbL 1.0,2026-10-03,,0.5,prawdopodobne
node/5989365695,level,6,OpenStreetMap,https://www.openstreetmap.org/node/5989365695,ODbL 1.0,2026-10-03,,0.5,prawdopodobne
node/6010850389,wheelchair,no,OpenStreetMap,https://www.openstreetmap.org/node/6010850389,ODbL 1.0,2026-10-03,,0.5,prawdopodobne
node/6014023333,level,0,OpenStreetMap,https://www.openstreetmap.org/node/6014023333,ODbL 1.0,2026-10-03,,0.5,prawdopodobne
node/6014023340,wheelchair,yes,OpenStreetMap,https://www.openstreetmap.org/node/6014023340,ODbL 1.0,2026-10-03,,0.5,prawdopodobne
node/6044678289,level,-1,OpenStreetMap,https://www.openstreetmap.org/node/6044678289,ODbL 1.0,2026-10-03,,0.5,prawdopodobne
node/6047221191,wheelchair,no,OpenStreetMap,https://www.openstreetmap.org/node/6047221191,ODbL 1.0,2026-10-03,,0.5,prawdopodobne
node/6053558146,wheelchair,yes,OpenStreetMap,https://www.openstreetmap.org/node/6053558146,ODbL 1.0,2026-10-03,,0.5,prawdopodobne
node/6053576524,level,-1,OpenStreetMap,https://www.openstreetmap.org/node/6053576524,ODbL 1.0,2026-10-03,,0.5,prawdopodobne
node/6056104732,level,-1,OpenStreetMap,https://www.openstreetmap.org/node/6056104732,ODbL 1.0,2026-10-03,,0.5,prawdopodobne
node/6058194775,lit,yes,OpenStreetMap,https://www.openstreetmap.org/node/6058194775,ODbL 1.0,2026-10-03,,0.5,prawdopodobne
node/6082493993,wheelchair,no,OpenStreetMap,https://www.openstreetmap.org/node/6082493993,ODbL 1.0,2026-10-03,2026-07-08,0.8,potwierdzone
node/6137480688,level,0,OpenStreetMap,https://www.openstreetmap.org/node/6137480688,ODbL 1.0,2026-10-03,,0.5,prawdopodobne
node/6156251174,wheelchair,yes,OpenStreetMap,https://www.openstreetmap.org/node/6156251174,ODbL 1.0,2026-10-03,2026-03-13,0.8,potwierdzone
node/6181555223,wheelchair,no,OpenStreetMap,https://www.openstreetmap.org/node/6181555223,ODbL 1.0,2026-10-03,,0.5,prawdopodobne
node/6181555223,level,-1,OpenStreetMap,https://www.openstreetmap.org/node/6181555223,ODbL 1.0,2026-10-03,,0.5,prawdopodobne
node/6216197785,wheelchair,limited,OpenStreetMap,https://www.openstreetmap.org/node/6216197785,ODbL 1.0,2026-10-03,,0.5,prawdopodobne
node/6257666500,wheelchair,no,OpenStreetMap,https://www.openstreetmap.org/node/6257666500,ODbL 1.0,2026-10-03,,0.5,prawdopodobne
node/6304688386,wheelchair,no,OpenStreetMap,https://www.openstreetmap.org/node/6304688386,ODbL 1.0,2026-10-03,,0.5,prawdopodobne
node/6325607439,wheelchair,no,OpenStreetMap,https://www.openstreetmap.org/node/6325607439,ODbL 1.0,2026-10-03,,0.5,prawdopodobne
node/6328413923,wheelchair,no,OpenStreetMap,https://www.openstreetmap.org/node/6328413923,ODbL 1.0,2026-10-03,2025-06-08,0.8,potwierdzone
node/6328413923,level,0;1,OpenStreetMap,https://www.openstreetmap.org/node/6328413923,ODbL 1.0,2026-10-03,2025-06-08,0.8,potwierdzone
node/6328416485,wheelchair,no,OpenStreetMap,https://www.openstreetmap.org/node/6328416485,ODbL 1.0,2026-10-03,,0.5,prawdopodobne
node/6335532987,wheelchair,no,OpenStreetMap,https://www.openstreetmap.org/node/6335532987,ODbL 1.0,2026-10-03,,0.5,prawdopodobne
node/6375972416,wheelchair,no,OpenStreetMap,https://www.openstreetmap.org/node/6375972416,ODbL 1.0,2026-10-03,,0.5,prawdopodobne
node/6386539268,wheelchair,no,OpenStreetMap,https://www.openstreetmap.org/node/6386539268,ODbL 1.0,2026-10-03,,0.5,prawdopodobne
node/6386541442,wheelchair,no,OpenStreetMap,https://www.openstreetmap.org/node/6386541442,ODbL 1.0,2026-10-03,,0.5,prawdopodobne
node/6402890756,level,-1,OpenStreetMap,https://www.openstreetmap.org/node/6402890756,ODbL 1.0,2026-10-03,2025-09-08,0.8,potwierdzone
node/6411105064,wheelchair,no,OpenStreetMap,https://www.openstreetmap.org/node/6411105064,ODbL 1.0,2026-10-03,,0.5,prawdopodobne
node/6417761494,level,0,OpenStreetMap,https://www.openstreetmap.org/node/6417761494,ODbL 1.0,2026-10-03,,0.5,prawdopodobne
node/6417761495,level,0,OpenStreetMap,https://www.openstreetmap.org/node/6417761495,ODbL 1.0,2026-10-03,,0.5,prawdopodobne
node/6429057333,wheelchair,limited,OpenStreetMap,https://www.openstreetmap.org/node/6429057333,ODbL 1.0,2026-10-03,,0.5,prawdopodobne
node/6429057333,level,0,OpenStreetMap,https://www.openstreetmap.org/node/6429057333,ODbL 1.0,2026-10-03,,0.5,prawdopodobne
node/6431854324,wheelchair,limited,OpenStreetMap,https://www.openstreetmap.org/node/6431854324,ODbL 1.0,2026-10-03,,0.5,prawdopodobne
node/6431854324,level,0,OpenStreetMap,https://www.openstreetmap.org/node/6431854324,ODbL 1.0,2026-10-03,,0.5,prawdopodobne
node/6431891634,level,-1,OpenStreetMap,https://www.openstreetmap.org/node/6431891634,ODbL 1.0,2026-10-03,,0.5,prawdopodobne
node/6431927530,level,-1,OpenStreetMap,https://www.openstreetmap.org/node/6431927530,ODbL 1.0,2026-10-03,2025-10-01,0.8,potwierdzone
node/6431927532,level,0,OpenStreetMap,https://www.openstreetmap.org/node/6431927532,ODbL 1.0,2026-10-03,2025-08-15,0.8,potwierdzone
node/6431927533,level,0,OpenStreetMap,https://www.openstreetmap.org/node/6431927533,ODbL 1.0,2026-10-03,2025-08-15,0.8,potwierdzone
node/6434664196,wheelchair,limited,OpenStreetMap,https://www.openstreetmap.org/node/6434664196,ODbL 1.0,2026-10-03,2025-12-22,0.8,potwierdzone
node/6434664196,toilets:wheelchair,no,OpenStreetMap,https://www.openstreetmap.org/node/6434664196,ODbL 1.0,2026-10-03,2025-12-22,0.8,potwierdzone
node/6434664196,changing_table,no,OpenStreetMap,https://www.openstreetmap.org/node/6434664196,ODbL 1.0,2026-10-03,2025-12-22,0.8,potwierdzone
node/6445497295,wheelchair,no,OpenStreetMap,https://www.openstreetmap.org/node/6445497295,ODbL 1.0,2026-10-03,2026-01-26,0.8,potwierdzone
node/6481736817,level,0,OpenStreetMap,https://www.openstreetmap.org/node/6481736817,ODbL 1.0,2026-10-03,,0.5,prawdopodobne
node/6481738174,level,0,OpenStreetMap,https://www.openstreetmap.org/node/6481738174,ODbL 1.0,2026-10-03,,0.5,prawdopodobne
node/6481738175,level,0,OpenStreetMap,https://www.openstreetmap.org/node/6481738175,ODbL 1.0,2026-10-03,,0.5,prawdopodobne
node/6481738176,level,0,OpenStreetMap,https://www.openstreetmap.org/node/6481738176,ODbL 1.0,2026-10-03,,0.5,prawdopodobne
node/6481738177,level,0,OpenStreetMap,https://www.openstreetmap.org/node/6481738177,ODbL 1.0,2026-10-03,,0.5,prawdopodobne
node/6481738178,level,0,OpenStreetMap,https://www.openstreetmap.org/node/6481738178,ODbL 1.0,2026-10-03,,0.5,prawdopodobne
node/6499481961,wheelchair,yes,OpenStreetMap,https://www.openstreetmap.org/node/6499481961,ODbL 1.0,2026-10-03,,0.5,prawdopodobne
node/6499843286,level,-1,OpenStreetMap,https://www.openstreetmap.org/node/6499843286,ODbL 1.0,2026-10-03,2026-01-27,0.8,potwierdzone
node/6501633842,level,0,OpenStreetMap,https://www.openstreetmap.org/node/6501633842,ODbL 1.0,2026-10-03,,0.5,prawdopodobne
node/6502590671,level,0,OpenStreetMap,https://www.openstreetmap.org/node/6502590671,ODbL 1.0,2026-10-03,2024-12-01,0.8,potwierdzone
node/6557493808,wheelchair,yes,OpenStreetMap,https://www.openstreetmap.org/node/6557493808,ODbL 1.0,2026-10-03,,0.5,prawdopodobne
node/6560257840,wheelchair,yes,OpenStreetMap,https://www.openstreetmap.org/node/6560257840,ODbL 1.0,2026-10-03,2025-10-30,0.8,potwierdzone
node/6572342560,wheelchair,no,OpenStreetMap,https://www.openstreetmap.org/node/6572342560,ODbL 1.0,2026-10-03,2025-12-14,0.8,potwierdzone
node/6572376089,wheelchair,no,OpenStreetMap,https://www.openstreetmap.org/node/6572376089,ODbL 1.0,2026-10-03,2026-03-13,0.8,potwierdzone
node/6572376089,changing_table,no,OpenStreetMap,https://www.openstreetmap.org/node/6572376089,ODbL 1.0,2026-10-03,2026-03-13,0.8,potwierdzone
node/6600118688,wheelchair,limited,OpenStreetMap,https://www.openstreetmap.org/node/6600118688,ODbL 1.0,2026-10-03,,0.5,prawdopodobne
node/6635129889,level,0,OpenStreetMap,https://www.openstreetmap.org/node/6635129889,ODbL 1.0,2026-10-03,,0.5,prawdopodobne
node/6637721824,wheelchair,yes,OpenStreetMap,https://www.openstreetmap.org/node/6637721824,ODbL 1.0,2026-10-03,,0.5,prawdopodobne
node/6637905260,wheelchair,yes,OpenStreetMap,https://www.openstreetmap.org/node/6637905260,ODbL 1.0,2026-10-03,,0.5,prawdopodobne
node/6637917898,wheelchair,no,OpenStreetMap,https://www.openstreetmap.org/node/6637917898,ODbL 1.0,2026-10-03,2025-12-09,0.8,potwierdzone
node/6649561952,wheelchair,no,OpenStreetMap,https://www.openstreetmap.org/node/6649561952,ODbL 1.0,2026-10-03,,0.5,prawdopodobne
node/6723204200,wheelchair,no,OpenStreetMap,https://www.openstreetmap.org/node/6723204200,ODbL 1.0,2026-10-03,2025-12-22,0.8,potwierdzone
node/6724901759,wheelchair,no,OpenStreetMap,https://www.openstreetmap.org/node/6724901759,ODbL 1.0,2026-10-03,,0.5,prawdopodobne
node/6747335975,level,0,OpenStreetMap,https://www.openstreetmap.org/node/6747335975,ODbL 1.0,2026-10-03,,0.5,prawdopodobne
node/6790258478,wheelchair,no,OpenStreetMap,https://www.openstreetmap.org/node/6790258478,ODbL 1.0,2026-10-03,,0.5,prawdopodobne
node/6790258478,level,0,OpenStreetMap,https://www.openstreetmap.org/node/6790258478,ODbL 1.0,2026-10-03,,0.5,prawdopodobne
node/6799056155,level,0,OpenStreetMap,https://www.openstreetmap.org/node/6799056155,ODbL 1.0,2026-10-03,,0.5,prawdopodobne
node/6799056157,level,0,OpenStreetMap,https://www.openstreetmap.org/node/6799056157,ODbL 1.0,2026-10-03,,0.5,prawdopodobne
node/6799056159,level,0,OpenStreetMap,https://www.openstreetmap.org/node/6799056159,ODbL 1.0,2026-10-03,,0.5,prawdopodobne
node/6805700386,wheelchair,limited,OpenStreetMap,https://www.openstreetmap.org/node/6805700386,ODbL 1.0,2026-10-03,2025-12-28,0.8,potwierdzone
node/6813021501,wheelchair,limited,OpenStreetMap,https://www.openstreetmap.org/node/6813021501,ODbL 1.0,2026-10-03,,0.5,prawdopodobne
node/6840489297,lit,no,OpenStreetMap,https://www.openstreetmap.org/node/6840489297,ODbL 1.0,2026-10-03,,0.5,prawdopodobne
node/6853230185,wheelchair,yes,OpenStreetMap,https://www.openstreetmap.org/node/6853230185,ODbL 1.0,2026-10-03,,0.5,prawdopodobne
node/6853230187,wheelchair,yes,OpenStreetMap,https://www.openstreetmap.org/node/6853230187,ODbL 1.0,2026-10-03,,0.5,prawdopodobne
node/6853230286,wheelchair,yes,OpenStreetMap,https://www.openstreetmap.org/node/6853230286,ODbL 1.0,2026-10-03,,0.5,prawdopodobne
node/6853230286,level,0,OpenStreetMap,https://www.openstreetmap.org/node/6853230286,ODbL 1.0,2026-10-03,,0.5,prawdopodobne
node/6893061086,wheelchair,yes,OpenStreetMap,https://www.openstreetmap.org/node/6893061086,ODbL 1.0,2026-10-03,,0.5,prawdopodobne
node/6896594585,wheelchair,no,OpenStreetMap,https://www.openstreetmap.org/node/6896594585,ODbL 1.0,2026-10-03,,0.5,prawdopodobne
node/6905519379,lit,yes,OpenStreetMap,https://www.openstreetmap.org/node/6905519379,ODbL 1.0,2026-10-03,,0.5,prawdopodobne
node/6905519383,wheelchair,no,OpenStreetMap,https://www.openstreetmap.org/node/6905519383,ODbL 1.0,2026-10-03,,0.5,prawdopodobne
node/6905519383,level,0,OpenStreetMap,https://www.openstreetmap.org/node/6905519383,ODbL 1.0,2026-10-03,,0.5,prawdopodobne
node/6905543098,wheelchair,no,OpenStreetMap,https://www.openstreetmap.org/node/6905543098,ODbL 1.0,2026-10-03,2023-09-15,0.66,prawdopodobne
node/6905543098,level,1,OpenStreetMap,https://www.openstreetmap.org/node/6905543098,ODbL 1.0,2026-10-03,2023-09-15,0.66,prawdopodobne
node/6917366687,wheelchair,no,OpenStreetMap,https://www.openstreetmap.org/node/6917366687,ODbL 1.0,2026-10-03,,0.5,prawdopodobne
node/6917675186,wheelchair,limited,OpenStreetMap,https://www.openstreetmap.org/node/6917675186,ODbL 1.0,2026-10-03,,0.5,prawdopodobne
node/6923405533,wheelchair,yes,OpenStreetMap,https://www.openstreetmap.org/node/6923405533,ODbL 1.0,2026-10-03,,0.5,prawdopodobne
node/6923405533,level,1,OpenStreetMap,https://www.openstreetmap.org/node/6923405533,ODbL 1.0,2026-10-03,,0.5,prawdopodobne
node/6934798261,level,0,OpenStreetMap,https://www.openstreetmap.org/node/6934798261,ODbL 1.0,2026-10-03,2025-07-30,0.8,potwierdzone
node/6934803202,level,0,OpenStreetMap,https://www.openstreetmap.org/node/6934803202,ODbL 1.0,2026-10-03,2025-07-30,0.8,potwierdzone
node/6955580272,wheelchair,yes,OpenStreetMap,https://www.openstreetmap.org/node/6955580272,ODbL 1.0,2026-10-03,,0.5,prawdopodobne
node/6973291511,level,0,OpenStreetMap,https://www.openstreetmap.org/node/6973291511,ODbL 1.0,2026-10-03,,0.5,prawdopodobne
node/7012054763,wheelchair,yes,OpenStreetMap,https://www.openstreetmap.org/node/7012054763,ODbL 1.0,2026-10-03,,0.5,prawdopodobne
node/7046883772,wheelchair,yes,OpenStreetMap,https://www.openstreetmap.org/node/7046883772,ODbL 1.0,2026-10-03,,0.5,prawdopodobne
node/7046899226,wheelchair,no,OpenStreetMap,https://www.openstreetmap.org/node/7046899226,ODbL 1.0,2026-10-03,2026-07-08,0.8,potwierdzone
node/7049970185,level,-1,OpenStreetMap,https://www.openstreetmap.org/node/7049970185,ODbL 1.0,2026-10-03,,0.5,prawdopodobne
node/7050059123,wheelchair,no,OpenStreetMap,https://www.openstreetmap.org/node/7050059123,ODbL 1.0,2026-10-03,,0.5,prawdopodobne
node/7098381724,wheelchair,yes,OpenStreetMap,https://www.openstreetmap.org/node/7098381724,ODbL 1.0,2026-10-03,2025-12-22,0.8,potwierdzone
node/7098381725,wheelchair,no,OpenStreetMap,https://www.openstreetmap.org/node/7098381725,ODbL 1.0,2026-10-03,,0.5,prawdopodobne
node/7100285264,wheelchair,no,OpenStreetMap,https://www.openstreetmap.org/node/7100285264,ODbL 1.0,2026-10-03,,0.5,prawdopodobne
node/7149356210,level,0,OpenStreetMap,https://www.openstreetmap.org/node/7149356210,ODbL 1.0,2026-10-03,,0.5,prawdopodobne
node/7157204538,level,1,OpenStreetMap,https://www.openstreetmap.org/node/7157204538,ODbL 1.0,2026-10-03,2025-09-08,0.8,potwierdzone
node/7157204543,level,0,OpenStreetMap,https://www.openstreetmap.org/node/7157204543,ODbL 1.0,2026-10-03,2025-06-10,0.8,potwierdzone
node/7157204544,level,0,OpenStreetMap,https://www.openstreetmap.org/node/7157204544,ODbL 1.0,2026-10-03,,0.5,prawdopodobne
node/7157204549,level,0,OpenStreetMap,https://www.openstreetmap.org/node/7157204549,ODbL 1.0,2026-10-03,2025-09-08,0.8,potwierdzone
node/7157204550,level,0,OpenStreetMap,https://www.openstreetmap.org/node/7157204550,ODbL 1.0,2026-10-03,2025-09-08,0.8,potwierdzone
node/7157204603,level,-1,OpenStreetMap,https://www.openstreetmap.org/node/7157204603,ODbL 1.0,2026-10-03,,0.5,prawdopodobne
node/7157204604,level,-1,OpenStreetMap,https://www.openstreetmap.org/node/7157204604,ODbL 1.0,2026-10-03,2025-09-08,0.8,potwierdzone
node/7157204605,level,-1,OpenStreetMap,https://www.openstreetmap.org/node/7157204605,ODbL 1.0,2026-10-03,2024-10-21,0.8,potwierdzone
node/7157204606,level,-1,OpenStreetMap,https://www.openstreetmap.org/node/7157204606,ODbL 1.0,2026-10-03,2025-09-08,0.8,potwierdzone
node/7157204890,level,1,OpenStreetMap,https://www.openstreetmap.org/node/7157204890,ODbL 1.0,2026-10-03,,0.5,prawdopodobne
node/7157204891,level,1,OpenStreetMap,https://www.openstreetmap.org/node/7157204891,ODbL 1.0,2026-10-03,,0.5,prawdopodobne
node/7157205066,level,1,OpenStreetMap,https://www.openstreetmap.org/node/7157205066,ODbL 1.0,2026-10-03,2025-09-08,0.8,potwierdzone
node/7157205643,level,-1,OpenStreetMap,https://www.openstreetmap.org/node/7157205643,ODbL 1.0,2026-10-03,2025-09-08,0.8,potwierdzone
node/7157205644,level,-1,OpenStreetMap,https://www.openstreetmap.org/node/7157205644,ODbL 1.0,2026-10-03,2025-09-08,0.8,potwierdzone
node/7233368167,level,0,OpenStreetMap,https://www.openstreetmap.org/node/7233368167,ODbL 1.0,2026-10-03,,0.5,prawdopodobne
node/7233463343,level,0,OpenStreetMap,https://www.openstreetmap.org/node/7233463343,ODbL 1.0,2026-10-03,2023-07-08,0.63,prawdopodobne
node/7245406644,bench,yes,OpenStreetMap,https://www.openstreetmap.org/node/7245406644,ODbL 1.0,2026-10-03,,0.5,prawdopodobne
node/7245406644,tactile_paving,no,OpenStreetMap,https://www.openstreetmap.org/node/7245406644,ODbL 1.0,2026-10-03,,0.5,prawdopodobne
node/7245406644,lit,yes,OpenStreetMap,https://www.openstreetmap.org/node/7245406644,ODbL 1.0,2026-10-03,,0.5,prawdopodobne
node/7245406645,wheelchair,yes,OpenStreetMap,https://www.openstreetmap.org/node/7245406645,ODbL 1.0,2026-10-03,,0.5,prawdopodobne
node/7245406645,bench,yes,OpenStreetMap,https://www.openstreetmap.org/node/7245406645,ODbL 1.0,2026-10-03,,0.5,prawdopodobne
node/7245406645,tactile_paving,no,OpenStreetMap,https://www.openstreetmap.org/node/7245406645,ODbL 1.0,2026-10-03,,0.5,prawdopodobne
node/7245406645,lit,yes,OpenStreetMap,https://www.openstreetmap.org/node/7245406645,ODbL 1.0,2026-10-03,,0.5,prawdopodobne
node/7319572661,wheelchair,no,OpenStreetMap,https://www.openstreetmap.org/node/7319572661,ODbL 1.0,2026-10-03,,0.5,prawdopodobne
node/7319572662,wheelchair,no,OpenStreetMap,https://www.openstreetmap.org/node/7319572662,ODbL 1.0,2026-10-03,,0.5,prawdopodobne
node/7441825636,wheelchair,yes,OpenStreetMap,https://www.openstreetmap.org/node/7441825636,ODbL 1.0,2026-10-03,,0.5,prawdopodobne
node/7441825636,level,0;1,OpenStreetMap,https://www.openstreetmap.org/node/7441825636,ODbL 1.0,2026-10-03,,0.5,prawdopodobne
node/7441825640,wheelchair,yes,OpenStreetMap,https://www.openstreetmap.org/node/7441825640,ODbL 1.0,2026-10-03,,0.5,prawdopodobne
node/7441825640,level,0;1,OpenStreetMap,https://www.openstreetmap.org/node/7441825640,ODbL 1.0,2026-10-03,,0.5,prawdopodobne
node/7562822539,wheelchair,no,OpenStreetMap,https://www.openstreetmap.org/node/7562822539,ODbL 1.0,2026-10-03,,0.5,prawdopodobne
node/7562822539,level,1,OpenStreetMap,https://www.openstreetmap.org/node/7562822539,ODbL 1.0,2026-10-03,,0.5,prawdopodobne
node/7603613792,level,1,OpenStreetMap,https://www.openstreetmap.org/node/7603613792,ODbL 1.0,2026-10-03,2025-04-09,0.8,potwierdzone
node/7649513396,level,2,OpenStreetMap,https://www.openstreetmap.org/node/7649513396,ODbL 1.0,2026-10-03,2023-09-15,0.66,prawdopodobne
node/7653029782,lit,yes,OpenStreetMap,https://www.openstreetmap.org/node/7653029782,ODbL 1.0,2026-10-03,,0.5,prawdopodobne
node/7653029783,lit,yes,OpenStreetMap,https://www.openstreetmap.org/node/7653029783,ODbL 1.0,2026-10-03,,0.5,prawdopodobne
node/7653127874,lit,yes,OpenStreetMap,https://www.openstreetmap.org/node/7653127874,ODbL 1.0,2026-10-03,,0.5,prawdopodobne
node/7659396849,wheelchair,yes,OpenStreetMap,https://www.openstreetmap.org/node/7659396849,ODbL 1.0,2026-10-03,,0.5,prawdopodobne
node/7659408311,wheelchair,yes,OpenStreetMap,https://www.openstreetmap.org/node/7659408311,ODbL 1.0,2026-10-03,,0.5,prawdopodobne
node/7734470229,wheelchair,limited,OpenStreetMap,https://www.openstreetmap.org/node/7734470229,ODbL 1.0,2026-10-03,2025-10-25,0.8,potwierdzone
node/7816441307,level,-1,OpenStreetMap,https://www.openstreetmap.org/node/7816441307,ODbL 1.0,2026-10-03,2026-01-26,0.8,potwierdzone
node/7866570015,wheelchair,no,OpenStreetMap,https://www.openstreetmap.org/node/7866570015,ODbL 1.0,2026-10-03,,0.5,prawdopodobne
node/7866570016,wheelchair,no,OpenStreetMap,https://www.openstreetmap.org/node/7866570016,ODbL 1.0,2026-10-03,,0.5,prawdopodobne
node/7866570017,wheelchair,no,OpenStreetMap,https://www.openstreetmap.org/node/7866570017,ODbL 1.0,2026-10-03,2024-02-20,0.72,prawdopodobne
node/7866570018,wheelchair,no,OpenStreetMap,https://www.openstreetmap.org/node/7866570018,ODbL 1.0,2026-10-03,,0.5,prawdopodobne
node/7866570021,wheelchair,no,OpenStreetMap,https://www.openstreetmap.org/node/7866570021,ODbL 1.0,2026-10-03,,0.5,prawdopodobne
node/7913718188,wheelchair,limited,OpenStreetMap,https://www.openstreetmap.org/node/7913718188,ODbL 1.0,2026-10-03,,0.5,prawdopodobne
node/7928649281,wheelchair,yes,OpenStreetMap,https://www.openstreetmap.org/node/7928649281,ODbL 1.0,2026-10-03,,0.5,prawdopodobne
node/7954193227,wheelchair,no,OpenStreetMap,https://www.openstreetmap.org/node/7954193227,ODbL 1.0,2026-10-03,,0.5,prawdopodobne
node/7983121817,wheelchair,no,OpenStreetMap,https://www.openstreetmap.org/node/7983121817,ODbL 1.0,2026-10-03,,0.5,prawdopodobne
node/7983121822,wheelchair,no,OpenStreetMap,https://www.openstreetmap.org/node/7983121822,ODbL 1.0,2026-10-03,,0.5,prawdopodobne
node/7983143981,wheelchair,no,OpenStreetMap,https://www.openstreetmap.org/node/7983143981,ODbL 1.0,2026-10-03,2026-07-18,0.8,potwierdzone
node/7983143983,wheelchair,limited,OpenStreetMap,https://www.openstreetmap.org/node/7983143983,ODbL 1.0,2026-10-03,,0.5,prawdopodobne
node/7983143983,toilets:wheelchair,no,OpenStreetMap,https://www.openstreetmap.org/node/7983143983,ODbL 1.0,2026-10-03,,0.5,prawdopodobne
node/7983185186,wheelchair,limited,OpenStreetMap,https://www.openstreetmap.org/node/7983185186,ODbL 1.0,2026-10-03,,0.5,prawdopodobne
node/8001508449,level,-1,OpenStreetMap,https://www.openstreetmap.org/node/8001508449,ODbL 1.0,2026-10-03,,0.5,prawdopodobne
node/8018880920,wheelchair,yes,OpenStreetMap,https://www.openstreetmap.org/node/8018880920,ODbL 1.0,2026-10-03,,0.5,prawdopodobne
node/8088513774,wheelchair,limited,OpenStreetMap,https://www.openstreetmap.org/node/8088513774,ODbL 1.0,2026-10-03,,0.5,prawdopodobne
node/8129263599,wheelchair,limited,OpenStreetMap,https://www.openstreetmap.org/node/8129263599,ODbL 1.0,2026-10-03,2025-04-20,0.8,potwierdzone
node/8129263599,level,0,OpenStreetMap,https://www.openstreetmap.org/node/8129263599,ODbL 1.0,2026-10-03,2025-04-20,0.8,potwierdzone
node/8147844352,level,-1,OpenStreetMap,https://www.openstreetmap.org/node/8147844352,ODbL 1.0,2026-10-03,,0.5,prawdopodobne
node/8221101491,level,-1,OpenStreetMap,https://www.openstreetmap.org/node/8221101491,ODbL 1.0,2026-10-03,,0.5,prawdopodobne
node/8221101492,level,-1,OpenStreetMap,https://www.openstreetmap.org/node/8221101492,ODbL 1.0,2026-10-03,,0.5,prawdopodobne
node/8221101493,level,-1,OpenStreetMap,https://www.openstreetmap.org/node/8221101493,ODbL 1.0,2026-10-03,,0.5,prawdopodobne
node/8221101495,level,-1,OpenStreetMap,https://www.openstreetmap.org/node/8221101495,ODbL 1.0,2026-10-03,,0.5,prawdopodobne
node/8307706130,level,1,OpenStreetMap,https://www.openstreetmap.org/node/8307706130,ODbL 1.0,2026-10-03,,0.5,prawdopodobne
node/8357711785,wheelchair,no,OpenStreetMap,https://www.openstreetmap.org/node/8357711785,ODbL 1.0,2026-10-03,,0.5,prawdopodobne
node/8491989982,level,1,OpenStreetMap,https://www.openstreetmap.org/node/8491989982,ODbL 1.0,2026-10-03,2023-08-12,0.65,prawdopodobne
node/8519068700,wheelchair,no,OpenStreetMap,https://www.openstreetmap.org/node/8519068700,ODbL 1.0,2026-10-03,,0.5,prawdopodobne
node/8526620320,level,-1,OpenStreetMap,https://www.openstreetmap.org/node/8526620320,ODbL 1.0,2026-10-03,,0.5,prawdopodobne
node/8534499724,wheelchair,no,OpenStreetMap,https://www.openstreetmap.org/node/8534499724,ODbL 1.0,2026-10-03,,0.5,prawdopodobne
node/8539521287,wheelchair,no,OpenStreetMap,https://www.openstreetmap.org/node/8539521287,ODbL 1.0,2026-10-03,,0.5,prawdopodobne
node/8539521290,wheelchair,yes,OpenStreetMap,https://www.openstreetmap.org/node/8539521290,ODbL 1.0,2026-10-03,2024-09-19,0.8,prawdopodobne
node/8573158984,wheelchair,yes,OpenStreetMap,https://www.openstreetmap.org/node/8573158984,ODbL 1.0,2026-10-03,,0.5,prawdopodobne
node/8625869283,level,0,OpenStreetMap,https://www.openstreetmap.org/node/8625869283,ODbL 1.0,2026-10-03,2025-04-04,0.8,potwierdzone
node/8714462961,wheelchair,limited,OpenStreetMap,https://www.openstreetmap.org/node/8714462961,ODbL 1.0,2026-10-03,,0.5,prawdopodobne
node/8714462961,toilets:wheelchair,no,OpenStreetMap,https://www.openstreetmap.org/node/8714462961,ODbL 1.0,2026-10-03,,0.5,prawdopodobne
node/8750977922,level,0,OpenStreetMap,https://www.openstreetmap.org/node/8750977922,ODbL 1.0,2026-10-03,2026-03-13,0.8,potwierdzone
node/8758577527,bench,yes,OpenStreetMap,https://www.openstreetmap.org/node/8758577527,ODbL 1.0,2026-10-03,,0.5,prawdopodobne
node/8758577527,tactile_paving,yes,OpenStreetMap,https://www.openstreetmap.org/node/8758577527,ODbL 1.0,2026-10-03,,0.5,prawdopodobne
node/8758577527,lit,yes,OpenStreetMap,https://www.openstreetmap.org/node/8758577527,ODbL 1.0,2026-10-03,,0.5,prawdopodobne
node/8786885172,wheelchair,no,OpenStreetMap,https://www.openstreetmap.org/node/8786885172,ODbL 1.0,2026-10-03,,0.5,prawdopodobne
node/8787188401,changing_table,no,OpenStreetMap,https://www.openstreetmap.org/node/8787188401,ODbL 1.0,2026-10-03,2025-12-22,0.8,potwierdzone
node/8787188402,wheelchair,no,OpenStreetMap,https://www.openstreetmap.org/node/8787188402,ODbL 1.0,2026-10-03,,0.5,prawdopodobne
node/8787188403,wheelchair,no,OpenStreetMap,https://www.openstreetmap.org/node/8787188403,ODbL 1.0,2026-10-03,,0.5,prawdopodobne
node/8787188405,wheelchair,no,OpenStreetMap,https://www.openstreetmap.org/node/8787188405,ODbL 1.0,2026-10-03,,0.5,prawdopodobne
node/8787231558,wheelchair,no,OpenStreetMap,https://www.openstreetmap.org/node/8787231558,ODbL 1.0,2026-10-03,,0.5,prawdopodobne
node/8830072350,level,0,OpenStreetMap,https://www.openstreetmap.org/node/8830072350,ODbL 1.0,2026-10-03,,0.5,prawdopodobne
node/8830072351,wheelchair,yes,OpenStreetMap,https://www.openstreetmap.org/node/8830072351,ODbL 1.0,2026-10-03,,0.5,prawdopodobne
node/8830072351,level,0,OpenStreetMap,https://www.openstreetmap.org/node/8830072351,ODbL 1.0,2026-10-03,,0.5,prawdopodobne
node/8830114338,wheelchair,yes,OpenStreetMap,https://www.openstreetmap.org/node/8830114338,ODbL 1.0,2026-10-03,,0.5,prawdopodobne
node/8872590786,level,0,OpenStreetMap,https://www.openstreetmap.org/node/8872590786,ODbL 1.0,2026-10-03,,0.5,prawdopodobne
node/8907340701,wheelchair,yes,OpenStreetMap,https://www.openstreetmap.org/node/8907340701,ODbL 1.0,2026-10-03,,0.5,prawdopodobne
node/8929142726,wheelchair,yes,OpenStreetMap,https://www.openstreetmap.org/node/8929142726,ODbL 1.0,2026-10-03,2026-07-18,0.8,potwierdzone
node/8932177462,wheelchair,no,OpenStreetMap,https://www.openstreetmap.org/node/8932177462,ODbL 1.0,2026-10-03,,0.5,prawdopodobne
node/8948260317,wheelchair,no,OpenStreetMap,https://www.openstreetmap.org/node/8948260317,ODbL 1.0,2026-10-03,2025-07-24,0.8,potwierdzone
node/8948260317,level,0,OpenStreetMap,https://www.openstreetmap.org/node/8948260317,ODbL 1.0,2026-10-03,2025-07-24,0.8,potwierdzone
node/8951639301,wheelchair,no,OpenStreetMap,https://www.openstreetmap.org/node/8951639301,ODbL 1.0,2026-10-03,2026-01-16,0.8,potwierdzone
node/8975298517,lit,yes,OpenStreetMap,https://www.openstreetmap.org/node/8975298517,ODbL 1.0,2026-10-03,2021-08-02,0.4,prawdopodobne
node/8992945325,wheelchair,yes,OpenStreetMap,https://www.openstreetmap.org/node/8992945325,ODbL 1.0,2026-10-03,,0.5,prawdopodobne
node/8992945325,level,0;1,OpenStreetMap,https://www.openstreetmap.org/node/8992945325,ODbL 1.0,2026-10-03,,0.5,prawdopodobne
node/9022982115,wheelchair,limited,OpenStreetMap,https://www.openstreetmap.org/node/9022982115,ODbL 1.0,2026-10-03,2026-08-04,0.8,potwierdzone
node/9023060731,wheelchair,no,OpenStreetMap,https://www.openstreetmap.org/node/9023060731,ODbL 1.0,2026-10-03,2025-10-01,0.8,potwierdzone
node/9063094341,wheelchair,yes,OpenStreetMap,https://www.openstreetmap.org/node/9063094341,ODbL 1.0,2026-10-03,2026-07-18,0.8,potwierdzone
node/9071027112,wheelchair,no,OpenStreetMap,https://www.openstreetmap.org/node/9071027112,ODbL 1.0,2026-10-03,2026-07-24,0.8,potwierdzone
node/9071027113,wheelchair,no,OpenStreetMap,https://www.openstreetmap.org/node/9071027113,ODbL 1.0,2026-10-03,,0.5,prawdopodobne
node/9071027115,wheelchair,limited,OpenStreetMap,https://www.openstreetmap.org/node/9071027115,ODbL 1.0,2026-10-03,,0.5,prawdopodobne
node/9071151219,wheelchair,no,OpenStreetMap,https://www.openstreetmap.org/node/9071151219,ODbL 1.0,2026-10-03,,0.5,prawdopodobne
node/9071151221,wheelchair,no,OpenStreetMap,https://www.openstreetmap.org/node/9071151221,ODbL 1.0,2026-10-03,,0.5,prawdopodobne
node/9071151223,wheelchair,no,OpenStreetMap,https://www.openstreetmap.org/node/9071151223,ODbL 1.0,2026-10-03,,0.5,prawdopodobne
node/9071151224,wheelchair,no,OpenStreetMap,https://www.openstreetmap.org/node/9071151224,ODbL 1.0,2026-10-03,,0.5,prawdopodobne
node/9071151232,wheelchair,no,OpenStreetMap,https://www.openstreetmap.org/node/9071151232,ODbL 1.0,2026-10-03,,0.5,prawdopodobne
node/9071151236,wheelchair,no,OpenStreetMap,https://www.openstreetmap.org/node/9071151236,ODbL 1.0,2026-10-03,,0.5,prawdopodobne
node/9074330464,wheelchair,no,OpenStreetMap,https://www.openstreetmap.org/node/9074330464,ODbL 1.0,2026-10-03,,0.5,prawdopodobne
node/9077088497,wheelchair,limited,OpenStreetMap,https://www.openstreetmap.org/node/9077088497,ODbL 1.0,2026-10-03,2026-07-24,0.8,potwierdzone
node/9077088497,level,0,OpenStreetMap,https://www.openstreetmap.org/node/9077088497,ODbL 1.0,2026-10-03,2026-07-24,0.8,potwierdzone
node/9077088499,wheelchair,yes,OpenStreetMap,https://www.openstreetmap.org/node/9077088499,ODbL 1.0,2026-10-03,,0.5,prawdopodobne
node/9077088502,wheelchair,no,OpenStreetMap,https://www.openstreetmap.org/node/9077088502,ODbL 1.0,2026-10-03,,0.5,prawdopodobne
node/9077171839,wheelchair,yes,OpenStreetMap,https://www.openstreetmap.org/node/9077171839,ODbL 1.0,2026-10-03,2026-02-06,0.8,potwierdzone
node/9077171840,wheelchair,no,OpenStreetMap,https://www.openstreetmap.org/node/9077171840,ODbL 1.0,2026-10-03,,0.5,prawdopodobne
node/9077171841,wheelchair,limited,OpenStreetMap,https://www.openstreetmap.org/node/9077171841,ODbL 1.0,2026-10-03,,0.5,prawdopodobne
node/9077171843,wheelchair,no,OpenStreetMap,https://www.openstreetmap.org/node/9077171843,ODbL 1.0,2026-10-03,,0.5,prawdopodobne
node/9077171845,wheelchair,yes,OpenStreetMap,https://www.openstreetmap.org/node/9077171845,ODbL 1.0,2026-10-03,2025-07-28,0.8,potwierdzone
node/9081528481,wheelchair,yes,OpenStreetMap,https://www.openstreetmap.org/node/9081528481,ODbL 1.0,2026-10-03,2026-02-22,0.8,potwierdzone
node/9081562593,wheelchair,yes,OpenStreetMap,https://www.openstreetmap.org/node/9081562593,ODbL 1.0,2026-10-03,,0.5,prawdopodobne
node/9081562594,wheelchair,limited,OpenStreetMap,https://www.openstreetmap.org/node/9081562594,ODbL 1.0,2026-10-03,2025-10-15,0.8,potwierdzone
node/9081562595,wheelchair,no,OpenStreetMap,https://www.openstreetmap.org/node/9081562595,ODbL 1.0,2026-10-03,2026-09-30,0.8,potwierdzone
node/9081562596,wheelchair,no,OpenStreetMap,https://www.openstreetmap.org/node/9081562596,ODbL 1.0,2026-10-03,2025-11-13,0.8,potwierdzone
node/9096921076,wheelchair,yes,OpenStreetMap,https://www.openstreetmap.org/node/9096921076,ODbL 1.0,2026-10-03,2025-06-02,0.8,potwierdzone
node/9096921076,level,0,OpenStreetMap,https://www.openstreetmap.org/node/9096921076,ODbL 1.0,2026-10-03,2025-06-02,0.8,potwierdzone
node/9130324100,level,3,OpenStreetMap,https://www.openstreetmap.org/node/9130324100,ODbL 1.0,2026-10-03,,0.5,prawdopodobne
node/9149477722,wheelchair,yes,OpenStreetMap,https://www.openstreetmap.org/node/9149477722,ODbL 1.0,2026-10-03,,0.5,prawdopodobne
node/9149477722,level,0,OpenStreetMap,https://www.openstreetmap.org/node/9149477722,ODbL 1.0,2026-10-03,,0.5,prawdopodobne
node/9180201921,wheelchair,yes,OpenStreetMap,https://www.openstreetmap.org/node/9180201921,ODbL 1.0,2026-10-03,2025-10-01,0.8,potwierdzone
node/9188697117,wheelchair,yes,OpenStreetMap,https://www.openstreetmap.org/node/9188697117,ODbL 1.0,2026-10-03,2026-06-09,0.8,potwierdzone
node/9204948978,wheelchair,no,OpenStreetMap,https://www.openstreetmap.org/node/9204948978,ODbL 1.0,2026-10-03,,0.5,prawdopodobne
node/9239166585,wheelchair,no,OpenStreetMap,https://www.openstreetmap.org/node/9239166585,ODbL 1.0,2026-10-03,2025-12-20,0.8,potwierdzone
node/9256583838,level,1,OpenStreetMap,https://www.openstreetmap.org/node/9256583838,ODbL 1.0,2026-10-03,2024-01-30,0.71,prawdopodobne
node/9256963750,level,0,OpenStreetMap,https://www.openstreetmap.org/node/9256963750,ODbL 1.0,2026-10-03,,0.5,prawdopodobne
node/9256963751,level,0,OpenStreetMap,https://www.openstreetmap.org/node/9256963751,ODbL 1.0,2026-10-03,,0.5,prawdopodobne
node/9306616256,wheelchair,no,OpenStreetMap,https://www.openstreetmap.org/node/9306616256,ODbL 1.0,2026-10-03,2026-07-14,0.8,potwierdzone
node/9313098982,wheelchair,yes,OpenStreetMap,https://www.openstreetmap.org/node/9313098982,ODbL 1.0,2026-10-03,,0.5,prawdopodobne
node/9337770411,level,0,OpenStreetMap,https://www.openstreetmap.org/node/9337770411,ODbL 1.0,2026-10-03,,0.5,prawdopodobne
node/9337819999,level,1,OpenStreetMap,https://www.openstreetmap.org/node/9337819999,ODbL 1.0,2026-10-03,2023-09-15,0.66,prawdopodobne
node/9337820005,level,0,OpenStreetMap,https://www.openstreetmap.org/node/9337820005,ODbL 1.0,2026-10-03,2023-09-15,0.66,prawdopodobne
node/9413323799,toilets:wheelchair,limited,OpenStreetMap,https://www.openstreetmap.org/node/9413323799,ODbL 1.0,2026-10-03,2023-10-28,0.68,prawdopodobne
node/9592681577,wheelchair,no,OpenStreetMap,https://www.openstreetmap.org/node/9592681577,ODbL 1.0,2026-10-03,2025-11-13,0.8,potwierdzone
node/9595098078,wheelchair,limited,OpenStreetMap,https://www.openstreetmap.org/node/9595098078,ODbL 1.0,2026-10-03,,0.5,prawdopodobne
node/9595802646,wheelchair,yes,OpenStreetMap,https://www.openstreetmap.org/node/9595802646,ODbL 1.0,2026-10-03,,0.5,prawdopodobne
node/9659451320,level,-1,OpenStreetMap,https://www.openstreetmap.org/node/9659451320,ODbL 1.0,2026-10-03,,0.5,prawdopodobne
node/9692024827,wheelchair,no,OpenStreetMap,https://www.openstreetmap.org/node/9692024827,ODbL 1.0,2026-10-03,2024-11-28,0.8,potwierdzone
node/9709921788,level,5;6,OpenStreetMap,https://www.openstreetmap.org/node/9709921788,ODbL 1.0,2026-10-03,,0.5,prawdopodobne
node/9817779107,wheelchair,limited,OpenStreetMap,https://www.openstreetmap.org/node/9817779107,ODbL 1.0,2026-10-03,2026-04-27,0.8,potwierdzone
node/9817779108,wheelchair,no,OpenStreetMap,https://www.openstreetmap.org/node/9817779108,ODbL 1.0,2026-10-03,2025-10-15,0.8,potwierdzone
node/9817779108,level,0,OpenStreetMap,https://www.openstreetmap.org/node/9817779108,ODbL 1.0,2026-10-03,2025-10-15,0.8,potwierdzone
node/9817823476,wheelchair,yes,OpenStreetMap,https://www.openstreetmap.org/node/9817823476,ODbL 1.0,2026-10-03,,0.5,prawdopodobne
node/9870431917,wheelchair,limited,OpenStreetMap,https://www.openstreetmap.org/node/9870431917,ODbL 1.0,2026-10-03,2026-09-15,0.8,potwierdzone
node/9870566017,wheelchair,no,OpenStreetMap,https://www.openstreetmap.org/node/9870566017,ODbL 1.0,2026-10-03,,0.5,prawdopodobne
node/9870571017,wheelchair,no,OpenStreetMap,https://www.openstreetmap.org/node/9870571017,ODbL 1.0,2026-10-03,,0.5,prawdopodobne
node/9870594217,level,0,OpenStreetMap,https://www.openstreetmap.org/node/9870594217,ODbL 1.0,2026-10-03,2024-11-30,0.8,potwierdzone
node/9870599318,level,0,OpenStreetMap,https://www.openstreetmap.org/node/9870599318,ODbL 1.0,2026-10-03,2024-11-30,0.8,potwierdzone
node/9871798417,wheelchair,yes,OpenStreetMap,https://www.openstreetmap.org/node/9871798417,ODbL 1.0,2026-10-03,,0.5,prawdopodobne
node/9905012419,changing_table,no,OpenStreetMap,https://www.openstreetmap.org/node/9905012419,ODbL 1.0,2026-10-03,,0.5,prawdopodobne
node/9947706776,wheelchair,yes,OpenStreetMap,https://www.openstreetmap.org/node/9947706776,ODbL 1.0,2026-10-03,,0.5,prawdopodobne
node/9968128869,bench,yes,OpenStreetMap,https://www.openstreetmap.org/node/9968128869,ODbL 1.0,2026-10-03,,0.5,prawdopodobne
node/9968128869,tactile_paving,no,OpenStreetMap,https://www.openstreetmap.org/node/9968128869,ODbL 1.0,2026-10-03,,0.5,prawdopodobne
node/9968128869,lit,yes,OpenStreetMap,https://www.openstreetmap.org/node/9968128869,ODbL 1.0,2026-10-03,,0.5,prawdopodobne
node/9990569261,bench,yes,OpenStreetMap,https://www.openstreetmap.org/node/9990569261,ODbL 1.0,2026-10-03,,0.5,prawdopodobne
node/9990569261,tactile_paving,no,OpenStreetMap,https://www.openstreetmap.org/node/9990569261,ODbL 1.0,2026-10-03,,0.5,prawdopodobne
node/9990569261,lit,yes,OpenStreetMap,https://www.openstreetmap.org/node/9990569261,ODbL 1.0,2026-10-03,,0.5,prawdopodobne
node/9990569284,bench,yes,OpenStreetMap,https://www.openstreetmap.org/node/9990569284,ODbL 1.0,2026-10-03,,0.5,prawdopodobne
node/9990569284,tactile_paving,no,OpenStreetMap,https://www.openstreetmap.org/node/9990569284,ODbL 1.0,2026-10-03,,0.5,prawdopodobne
node/9992719512,bench,yes,OpenStreetMap,https://www.openstreetmap.org/node/9992719512,ODbL 1.0,2026-10-03,,0.5,prawdopodobne
node/9992719512,tactile_paving,yes,OpenStreetMap,https://www.openstreetmap.org/node/9992719512,ODbL 1.0,2026-10-03,,0.5,prawdopodobne
node/9992719512,lit,yes,OpenStreetMap,https://www.openstreetmap.org/node/9992719512,ODbL 1.0,2026-10-03,,0.5,prawdopodobne
node/9994910097,bench,yes,OpenStreetMap,https://www.openstreetmap.org/node/9994910097,ODbL 1.0,2026-10-03,,0.5,prawdopodobne
node/9994910097,tactile_paving,no,OpenStreetMap,https://www.openstreetmap.org/node/9994910097,ODbL 1.0,2026-10-03,,0.5,prawdopodobne
node/9994910097,lit,yes,OpenStreetMap,https://www.openstreetmap.org/node/9994910097,ODbL 1.0,2026-10-03,,0.5,prawdopodobne
node/9994910098,bench,yes,OpenStreetMap,https://www.openstreetmap.org/node/9994910098,ODbL 1.0,2026-10-03,,0.5,prawdopodobne
node/9994910098,tactile_paving,no,OpenStreetMap,https://www.openstreetmap.org/node/9994910098,ODbL 1.0,2026-10-03,,0.5,prawdopodobne
node/9994910098,lit,no,OpenStreetMap,https://www.openstreetmap.org/node/9994910098,ODbL 1.0,2026-10-03,,0.5,prawdopodobne
node/10006022259,bench,yes,OpenStreetMap,https://www.openstreetmap.org/node/10006022259,ODbL 1.0,2026-10-03,,0.5,prawdopodobne
node/10006022259,tactile_paving,yes,OpenStreetMap,https://www.openstreetmap.org/node/10006022259,ODbL 1.0,2026-10-03,,0.5,prawdopodobne
node/10006022259,lit,yes,OpenStreetMap,https://www.openstreetmap.org/node/10006022259,ODbL 1.0,2026-10-03,,0.5,prawdopodobne
node/10006022265,wheelchair,yes,OpenStreetMap,https://www.openstreetmap.org/node/10006022265,ODbL 1.0,2026-10-03,,0.5,prawdopodobne
node/10006022265,bench,yes,OpenStreetMap,https://www.openstreetmap.org/node/10006022265,ODbL 1.0,2026-10-03,,0.5,prawdopodobne
node/10006022265,tactile_paving,yes,OpenStreetMap,https://www.openstreetmap.org/node/10006022265,ODbL 1.0,2026-10-03,,0.5,prawdopodobne
node/10006022265,lit,yes,OpenStreetMap,https://www.openstreetmap.org/node/10006022265,ODbL 1.0,2026-10-03,,0.5,prawdopodobne
node/10006022286,wheelchair,yes,OpenStreetMap,https://www.openstreetmap.org/node/10006022286,ODbL 1.0,2026-10-03,,0.5,prawdopodobne
node/10006022286,bench,yes,OpenStreetMap,https://www.openstreetmap.org/node/10006022286,ODbL 1.0,2026-10-03,,0.5,prawdopodobne
node/10006022286,tactile_paving,yes,OpenStreetMap,https://www.openstreetmap.org/node/10006022286,ODbL 1.0,2026-10-03,,0.5,prawdopodobne
node/10006022286,lit,no,OpenStreetMap,https://www.openstreetmap.org/node/10006022286,ODbL 1.0,2026-10-03,,0.5,prawdopodobne
node/10006022289,wheelchair,yes,OpenStreetMap,https://www.openstreetmap.org/node/10006022289,ODbL 1.0,2026-10-03,,0.5,prawdopodobne
node/10006022289,bench,yes,OpenStreetMap,https://www.openstreetmap.org/node/10006022289,ODbL 1.0,2026-10-03,,0.5,prawdopodobne
node/10006022289,tactile_paving,yes,OpenStreetMap,https://www.openstreetmap.org/node/10006022289,ODbL 1.0,2026-10-03,,0.5,prawdopodobne
node/10006022289,lit,yes,OpenStreetMap,https://www.openstreetmap.org/node/10006022289,ODbL 1.0,2026-10-03,,0.5,prawdopodobne
node/10006022290,bench,yes,OpenStreetMap,https://www.openstreetmap.org/node/10006022290,ODbL 1.0,2026-10-03,,0.5,prawdopodobne
node/10006022290,tactile_paving,yes,OpenStreetMap,https://www.openstreetmap.org/node/10006022290,ODbL 1.0,2026-10-03,,0.5,prawdopodobne
node/10006022290,lit,yes,OpenStreetMap,https://www.openstreetmap.org/node/10006022290,ODbL 1.0,2026-10-03,,0.5,prawdopodobne
node/10020383065,bench,yes,OpenStreetMap,https://www.openstreetmap.org/node/10020383065,ODbL 1.0,2026-10-03,,0.5,prawdopodobne
node/10020383065,tactile_paving,yes,OpenStreetMap,https://www.openstreetmap.org/node/10020383065,ODbL 1.0,2026-10-03,,0.5,prawdopodobne
node/10020383065,lit,yes,OpenStreetMap,https://www.openstreetmap.org/node/10020383065,ODbL 1.0,2026-10-03,,0.5,prawdopodobne
node/10020383075,bench,yes,OpenStreetMap,https://www.openstreetmap.org/node/10020383075,ODbL 1.0,2026-10-03,,0.5,prawdopodobne
node/10020383075,tactile_paving,yes,OpenStreetMap,https://www.openstreetmap.org/node/10020383075,ODbL 1.0,2026-10-03,,0.5,prawdopodobne
node/10020383075,lit,yes,OpenStreetMap,https://www.openstreetmap.org/node/10020383075,ODbL 1.0,2026-10-03,,0.5,prawdopodobne
node/10024407951,bench,yes,OpenStreetMap,https://www.openstreetmap.org/node/10024407951,ODbL 1.0,2026-10-03,,0.5,prawdopodobne
node/10024407951,tactile_paving,no,OpenStreetMap,https://www.openstreetmap.org/node/10024407951,ODbL 1.0,2026-10-03,,0.5,prawdopodobne
node/10024407951,lit,yes,OpenStreetMap,https://www.openstreetmap.org/node/10024407951,ODbL 1.0,2026-10-03,,0.5,prawdopodobne
node/10026670831,bench,yes,OpenStreetMap,https://www.openstreetmap.org/node/10026670831,ODbL 1.0,2026-10-03,,0.5,prawdopodobne
node/10026670831,tactile_paving,no,OpenStreetMap,https://www.openstreetmap.org/node/10026670831,ODbL 1.0,2026-10-03,,0.5,prawdopodobne
node/10026670831,lit,yes,OpenStreetMap,https://www.openstreetmap.org/node/10026670831,ODbL 1.0,2026-10-03,,0.5,prawdopodobne
node/10026803670,bench,yes,OpenStreetMap,https://www.openstreetmap.org/node/10026803670,ODbL 1.0,2026-10-03,,0.5,prawdopodobne
node/10026803670,tactile_paving,no,OpenStreetMap,https://www.openstreetmap.org/node/10026803670,ODbL 1.0,2026-10-03,,0.5,prawdopodobne
node/10026803670,lit,yes,OpenStreetMap,https://www.openstreetmap.org/node/10026803670,ODbL 1.0,2026-10-03,,0.5,prawdopodobne
node/10041215210,wheelchair,yes,OpenStreetMap,https://www.openstreetmap.org/node/10041215210,ODbL 1.0,2026-10-03,,0.5,prawdopodobne
node/10041215210,bench,yes,OpenStreetMap,https://www.openstreetmap.org/node/10041215210,ODbL 1.0,2026-10-03,,0.5,prawdopodobne
node/10041215210,tactile_paving,yes,OpenStreetMap,https://www.openstreetmap.org/node/10041215210,ODbL 1.0,2026-10-03,,0.5,prawdopodobne
node/10041215210,lit,yes,OpenStreetMap,https://www.openstreetmap.org/node/10041215210,ODbL 1.0,2026-10-03,,0.5,prawdopodobne
node/10041215211,bench,yes,OpenStreetMap,https://www.openstreetmap.org/node/10041215211,ODbL 1.0,2026-10-03,,0.5,prawdopodobne
node/10041215211,tactile_paving,no,OpenStreetMap,https://www.openstreetmap.org/node/10041215211,ODbL 1.0,2026-10-03,,0.5,prawdopodobne
node/10041215211,lit,yes,OpenStreetMap,https://www.openstreetmap.org/node/10041215211,ODbL 1.0,2026-10-03,,0.5,prawdopodobne
node/10041215212,bench,yes,OpenStreetMap,https://www.openstreetmap.org/node/10041215212,ODbL 1.0,2026-10-03,,0.5,prawdopodobne
node/10041215212,tactile_paving,no,OpenStreetMap,https://www.openstreetmap.org/node/10041215212,ODbL 1.0,2026-10-03,,0.5,prawdopodobne
node/10041215212,lit,yes,OpenStreetMap,https://www.openstreetmap.org/node/10041215212,ODbL 1.0,2026-10-03,,0.5,prawdopodobne
node/10042271625,wheelchair,yes,OpenStreetMap,https://www.openstreetmap.org/node/10042271625,ODbL 1.0,2026-10-03,,0.5,prawdopodobne
node/10042271625,bench,yes,OpenStreetMap,https://www.openstreetmap.org/node/10042271625,ODbL 1.0,2026-10-03,,0.5,prawdopodobne
node/10042271625,tactile_paving,yes,OpenStreetMap,https://www.openstreetmap.org/node/10042271625,ODbL 1.0,2026-10-03,,0.5,prawdopodobne
node/10042271625,lit,yes,OpenStreetMap,https://www.openstreetmap.org/node/10042271625,ODbL 1.0,2026-10-03,,0.5,prawdopodobne
node/10042271631,bench,yes,OpenStreetMap,https://www.openstreetmap.org/node/10042271631,ODbL 1.0,2026-10-03,,0.5,prawdopodobne
node/10042271631,tactile_paving,no,OpenStreetMap,https://www.openstreetmap.org/node/10042271631,ODbL 1.0,2026-10-03,,0.5,prawdopodobne
node/10042271631,lit,yes,OpenStreetMap,https://www.openstreetmap.org/node/10042271631,ODbL 1.0,2026-10-03,,0.5,prawdopodobne
node/10042271632,wheelchair,yes,OpenStreetMap,https://www.openstreetmap.org/node/10042271632,ODbL 1.0,2026-10-03,,0.5,prawdopodobne
node/10042271632,bench,yes,OpenStreetMap,https://www.openstreetmap.org/node/10042271632,ODbL 1.0,2026-10-03,,0.5,prawdopodobne
node/10042271632,tactile_paving,no,OpenStreetMap,https://www.openstreetmap.org/node/10042271632,ODbL 1.0,2026-10-03,,0.5,prawdopodobne
node/10042271632,lit,no,OpenStreetMap,https://www.openstreetmap.org/node/10042271632,ODbL 1.0,2026-10-03,,0.5,prawdopodobne
node/10042488662,bench,yes,OpenStreetMap,https://www.openstreetmap.org/node/10042488662,ODbL 1.0,2026-10-03,,0.5,prawdopodobne
node/10042488662,tactile_paving,no,OpenStreetMap,https://www.openstreetmap.org/node/10042488662,ODbL 1.0,2026-10-03,,0.5,prawdopodobne
node/10042488662,lit,yes,OpenStreetMap,https://www.openstreetmap.org/node/10042488662,ODbL 1.0,2026-10-03,,0.5,prawdopodobne
node/10043663698,level,-1,OpenStreetMap,https://www.openstreetmap.org/node/10043663698,ODbL 1.0,2026-10-03,,0.5,prawdopodobne
node/10044763673,bench,yes,OpenStreetMap,https://www.openstreetmap.org/node/10044763673,ODbL 1.0,2026-10-03,,0.5,prawdopodobne
node/10044763673,tactile_paving,no,OpenStreetMap,https://www.openstreetmap.org/node/10044763673,ODbL 1.0,2026-10-03,,0.5,prawdopodobne
node/10044763673,lit,yes,OpenStreetMap,https://www.openstreetmap.org/node/10044763673,ODbL 1.0,2026-10-03,,0.5,prawdopodobne
node/10044763674,bench,yes,OpenStreetMap,https://www.openstreetmap.org/node/10044763674,ODbL 1.0,2026-10-03,,0.5,prawdopodobne
node/10044763674,tactile_paving,yes,OpenStreetMap,https://www.openstreetmap.org/node/10044763674,ODbL 1.0,2026-10-03,,0.5,prawdopodobne
node/10044763674,lit,yes,OpenStreetMap,https://www.openstreetmap.org/node/10044763674,ODbL 1.0,2026-10-03,,0.5,prawdopodobne
node/10045918336,wheelchair,no,OpenStreetMap,https://www.openstreetmap.org/node/10045918336,ODbL 1.0,2026-10-03,,0.5,prawdopodobne
node/10046050079,wheelchair,yes,OpenStreetMap,https://www.openstreetmap.org/node/10046050079,ODbL 1.0,2026-10-03,,0.5,prawdopodobne
node/10046107151,level,-1,OpenStreetMap,https://www.openstreetmap.org/node/10046107151,ODbL 1.0,2026-10-03,,0.5,prawdopodobne
node/10046244122,wheelchair,limited,OpenStreetMap,https://www.openstreetmap.org/node/10046244122,ODbL 1.0,2026-10-03,,0.5,prawdopodobne
node/10054127707,bench,yes,OpenStreetMap,https://www.openstreetmap.org/node/10054127707,ODbL 1.0,2026-10-03,,0.5,prawdopodobne
node/10054127707,tactile_paving,yes,OpenStreetMap,https://www.openstreetmap.org/node/10054127707,ODbL 1.0,2026-10-03,,0.5,prawdopodobne
node/10054127707,lit,yes,OpenStreetMap,https://www.openstreetmap.org/node/10054127707,ODbL 1.0,2026-10-03,,0.5,prawdopodobne
node/10054127713,bench,no,OpenStreetMap,https://www.openstreetmap.org/node/10054127713,ODbL 1.0,2026-10-03,,0.5,prawdopodobne
node/10054127713,tactile_paving,yes,OpenStreetMap,https://www.openstreetmap.org/node/10054127713,ODbL 1.0,2026-10-03,,0.5,prawdopodobne
node/10054127713,lit,yes,OpenStreetMap,https://www.openstreetmap.org/node/10054127713,ODbL 1.0,2026-10-03,,0.5,prawdopodobne
node/10059093052,wheelchair,yes,OpenStreetMap,https://www.openstreetmap.org/node/10059093052,ODbL 1.0,2026-10-03,,0.5,prawdopodobne
node/10059113916,wheelchair,yes,OpenStreetMap,https://www.openstreetmap.org/node/10059113916,ODbL 1.0,2026-10-03,,0.5,prawdopodobne
node/10059214621,bench,yes,OpenStreetMap,https://www.openstreetmap.org/node/10059214621,ODbL 1.0,2026-10-03,,0.5,prawdopodobne
node/10059214621,tactile_paving,yes,OpenStreetMap,https://www.openstreetmap.org/node/10059214621,ODbL 1.0,2026-10-03,,0.5,prawdopodobne
node/10059214621,lit,yes,OpenStreetMap,https://www.openstreetmap.org/node/10059214621,ODbL 1.0,2026-10-03,,0.5,prawdopodobne
node/10059214623,bench,yes,OpenStreetMap,https://www.openstreetmap.org/node/10059214623,ODbL 1.0,2026-10-03,,0.5,prawdopodobne
node/10059214623,tactile_paving,no,OpenStreetMap,https://www.openstreetmap.org/node/10059214623,ODbL 1.0,2026-10-03,,0.5,prawdopodobne
node/10059214623,lit,yes,OpenStreetMap,https://www.openstreetmap.org/node/10059214623,ODbL 1.0,2026-10-03,,0.5,prawdopodobne
node/10060441493,bench,yes,OpenStreetMap,https://www.openstreetmap.org/node/10060441493,ODbL 1.0,2026-10-03,,0.5,prawdopodobne
node/10060441493,tactile_paving,no,OpenStreetMap,https://www.openstreetmap.org/node/10060441493,ODbL 1.0,2026-10-03,,0.5,prawdopodobne
node/10060441493,lit,yes,OpenStreetMap,https://www.openstreetmap.org/node/10060441493,ODbL 1.0,2026-10-03,,0.5,prawdopodobne
node/10060441495,bench,yes,OpenStreetMap,https://www.openstreetmap.org/node/10060441495,ODbL 1.0,2026-10-03,,0.5,prawdopodobne
node/10060441495,tactile_paving,no,OpenStreetMap,https://www.openstreetmap.org/node/10060441495,ODbL 1.0,2026-10-03,,0.5,prawdopodobne
node/10060441495,lit,yes,OpenStreetMap,https://www.openstreetmap.org/node/10060441495,ODbL 1.0,2026-10-03,,0.5,prawdopodobne
node/10078449296,level,-1,OpenStreetMap,https://www.openstreetmap.org/node/10078449296,ODbL 1.0,2026-10-03,,0.5,prawdopodobne
node/10090985163,wheelchair,yes,OpenStreetMap,https://www.openstreetmap.org/node/10090985163,ODbL 1.0,2026-10-03,,0.5,prawdopodobne
node/10091005353,level,2,OpenStreetMap,https://www.openstreetmap.org/node/10091005353,ODbL 1.0,2026-10-03,2025-06-23,0.8,potwierdzone
node/10091885799,wheelchair,no,OpenStreetMap,https://www.openstreetmap.org/node/10091885799,ODbL 1.0,2026-10-03,,0.5,prawdopodobne
node/10107263114,lit,no,OpenStreetMap,https://www.openstreetmap.org/node/10107263114,ODbL 1.0,2026-10-03,,0.5,prawdopodobne
node/10110253055,wheelchair,no,OpenStreetMap,https://www.openstreetmap.org/node/10110253055,ODbL 1.0,2026-10-03,2025-10-01,0.8,potwierdzone
node/10110253057,changing_table,no,OpenStreetMap,https://www.openstreetmap.org/node/10110253057,ODbL 1.0,2026-10-03,2026-02-08,0.8,potwierdzone
node/10110253057,level,0,OpenStreetMap,https://www.openstreetmap.org/node/10110253057,ODbL 1.0,2026-10-03,2026-02-08,0.8,potwierdzone
node/10110684736,wheelchair,yes,OpenStreetMap,https://www.openstreetmap.org/node/10110684736,ODbL 1.0,2026-10-03,2026-04-29,0.8,potwierdzone
node/10118807610,level,1,OpenStreetMap,https://www.openstreetmap.org/node/10118807610,ODbL 1.0,2026-10-03,2024-05-08,0.75,prawdopodobne
node/10122759366,level,-1,OpenStreetMap,https://www.openstreetmap.org/node/10122759366,ODbL 1.0,2026-10-03,,0.5,prawdopodobne
node/10122759367,level,0,OpenStreetMap,https://www.openstreetmap.org/node/10122759367,ODbL 1.0,2026-10-03,,0.5,prawdopodobne
node/10122759368,level,0,OpenStreetMap,https://www.openstreetmap.org/node/10122759368,ODbL 1.0,2026-10-03,,0.5,prawdopodobne
node/10122759370,level,0,OpenStreetMap,https://www.openstreetmap.org/node/10122759370,ODbL 1.0,2026-10-03,,0.5,prawdopodobne
node/10122759371,level,0,OpenStreetMap,https://www.openstreetmap.org/node/10122759371,ODbL 1.0,2026-10-03,,0.5,prawdopodobne
node/10122759372,level,0,OpenStreetMap,https://www.openstreetmap.org/node/10122759372,ODbL 1.0,2026-10-03,,0.5,prawdopodobne
node/10122759373,level,0,OpenStreetMap,https://www.openstreetmap.org/node/10122759373,ODbL 1.0,2026-10-03,,0.5,prawdopodobne
node/10122759374,level,0,OpenStreetMap,https://www.openstreetmap.org/node/10122759374,ODbL 1.0,2026-10-03,,0.5,prawdopodobne
node/10122759376,level,0,OpenStreetMap,https://www.openstreetmap.org/node/10122759376,ODbL 1.0,2026-10-03,,0.5,prawdopodobne
node/10123599357,level,0,OpenStreetMap,https://www.openstreetmap.org/node/10123599357,ODbL 1.0,2026-10-03,,0.5,prawdopodobne
node/10123599358,level,0,OpenStreetMap,https://www.openstreetmap.org/node/10123599358,ODbL 1.0,2026-10-03,,0.5,prawdopodobne
node/10123599359,level,0,OpenStreetMap,https://www.openstreetmap.org/node/10123599359,ODbL 1.0,2026-10-03,,0.5,prawdopodobne
node/10123599361,level,0,OpenStreetMap,https://www.openstreetmap.org/node/10123599361,ODbL 1.0,2026-10-03,,0.5,prawdopodobne
node/10123599362,level,0,OpenStreetMap,https://www.openstreetmap.org/node/10123599362,ODbL 1.0,2026-10-03,,0.5,prawdopodobne
node/10123697291,wheelchair,yes,OpenStreetMap,https://www.openstreetmap.org/node/10123697291,ODbL 1.0,2026-10-03,,0.5,prawdopodobne
node/10123697292,level,2,OpenStreetMap,https://www.openstreetmap.org/node/10123697292,ODbL 1.0,2026-10-03,,0.5,prawdopodobne
node/10125191412,level,-1,OpenStreetMap,https://www.openstreetmap.org/node/10125191412,ODbL 1.0,2026-10-03,,0.5,prawdopodobne
node/10134130256,level,-1,OpenStreetMap,https://www.openstreetmap.org/node/10134130256,ODbL 1.0,2026-10-03,,0.5,prawdopodobne
node/10134130258,wheelchair,no,OpenStreetMap,https://www.openstreetmap.org/node/10134130258,ODbL 1.0,2026-10-03,2026-08-27,0.8,potwierdzone
node/10134130258,level,0,OpenStreetMap,https://www.openstreetmap.org/node/10134130258,ODbL 1.0,2026-10-03,2026-08-27,0.8,potwierdzone
node/10148588869,wheelchair,no,OpenStreetMap,https://www.openstreetmap.org/node/10148588869,ODbL 1.0,2026-10-03,,0.5,prawdopodobne
node/10151319114,bench,yes,OpenStreetMap,https://www.openstreetmap.org/node/10151319114,ODbL 1.0,2026-10-03,,0.5,prawdopodobne
node/10151319114,tactile_paving,no,OpenStreetMap,https://www.openstreetmap.org/node/10151319114,ODbL 1.0,2026-10-03,,0.5,prawdopodobne
node/10151319114,lit,yes,OpenStreetMap,https://www.openstreetmap.org/node/10151319114,ODbL 1.0,2026-10-03,,0.5,prawdopodobne
node/10153143107,level,-1,OpenStreetMap,https://www.openstreetmap.org/node/10153143107,ODbL 1.0,2026-10-03,,0.5,prawdopodobne
node/10155701381,wheelchair,no,OpenStreetMap,https://www.openstreetmap.org/node/10155701381,ODbL 1.0,2026-10-03,,0.5,prawdopodobne
node/10172567114,wheelchair,no,OpenStreetMap,https://www.openstreetmap.org/node/10172567114,ODbL 1.0,2026-10-03,2026-07-08,0.8,potwierdzone
node/10172567115,wheelchair,no,OpenStreetMap,https://www.openstreetmap.org/node/10172567115,ODbL 1.0,2026-10-03,,0.5,prawdopodobne
node/10172567115,level,-1,OpenStreetMap,https://www.openstreetmap.org/node/10172567115,ODbL 1.0,2026-10-03,,0.5,prawdopodobne
node/10172590174,wheelchair,yes,OpenStreetMap,https://www.openstreetmap.org/node/10172590174,ODbL 1.0,2026-10-03,,0.5,prawdopodobne
node/10183023293,wheelchair,no,OpenStreetMap,https://www.openstreetmap.org/node/10183023293,ODbL 1.0,2026-10-03,2022-11-14,0.55,prawdopodobne
node/10206927194,bench,no,OpenStreetMap,https://www.openstreetmap.org/node/10206927194,ODbL 1.0,2026-10-03,,0.5,prawdopodobne
node/10206927194,tactile_paving,no,OpenStreetMap,https://www.openstreetmap.org/node/10206927194,ODbL 1.0,2026-10-03,,0.5,prawdopodobne
node/10206927194,lit,yes,OpenStreetMap,https://www.openstreetmap.org/node/10206927194,ODbL 1.0,2026-10-03,,0.5,prawdopodobne
node/10222457076,wheelchair,limited,OpenStreetMap,https://www.openstreetmap.org/node/10222457076,ODbL 1.0,2026-10-03,2026-07-17,0.8,potwierdzone
node/10224679939,level,1,OpenStreetMap,https://www.openstreetmap.org/node/10224679939,ODbL 1.0,2026-10-03,,0.5,prawdopodobne
node/10225546713,level,1,OpenStreetMap,https://www.openstreetmap.org/node/10225546713,ODbL 1.0,2026-10-03,,0.5,prawdopodobne
node/10265742689,level,0,OpenStreetMap,https://www.openstreetmap.org/node/10265742689,ODbL 1.0,2026-10-03,2026-04-16,0.8,potwierdzone
node/10295090849,level,0,OpenStreetMap,https://www.openstreetmap.org/node/10295090849,ODbL 1.0,2026-10-03,,0.5,prawdopodobne
node/10316444363,wheelchair,limited,OpenStreetMap,https://www.openstreetmap.org/node/10316444363,ODbL 1.0,2026-10-03,2024-05-19,0.75,prawdopodobne
node/10316444363,level,0,OpenStreetMap,https://www.openstreetmap.org/node/10316444363,ODbL 1.0,2026-10-03,2024-05-19,0.75,prawdopodobne
node/10542487238,wheelchair,yes,OpenStreetMap,https://www.openstreetmap.org/node/10542487238,ODbL 1.0,2026-10-03,,0.5,prawdopodobne
node/10542496877,wheelchair,yes,OpenStreetMap,https://www.openstreetmap.org/node/10542496877,ODbL 1.0,2026-10-03,,0.5,prawdopodobne
node/10573734931,wheelchair,no,OpenStreetMap,https://www.openstreetmap.org/node/10573734931,ODbL 1.0,2026-10-03,,0.5,prawdopodobne
node/10582040412,wheelchair,no,OpenStreetMap,https://www.openstreetmap.org/node/10582040412,ODbL 1.0,2026-10-03,2025-01-03,0.8,potwierdzone
node/10701997810,level,3,OpenStreetMap,https://www.openstreetmap.org/node/10701997810,ODbL 1.0,2026-10-03,2023-03-01,0.59,prawdopodobne
node/10717405918,level,0,OpenStreetMap,https://www.openstreetmap.org/node/10717405918,ODbL 1.0,2026-10-03,,0.5,prawdopodobne
node/10725884596,wheelchair,no,OpenStreetMap,https://www.openstreetmap.org/node/10725884596,ODbL 1.0,2026-10-03,,0.5,prawdopodobne
node/10731154436,lit,yes,OpenStreetMap,https://www.openstreetmap.org/node/10731154436,ODbL 1.0,2026-10-03,,0.5,prawdopodobne
node/10736066401,level,-1,OpenStreetMap,https://www.openstreetmap.org/node/10736066401,ODbL 1.0,2026-10-03,2023-03-29,0.6,prawdopodobne
node/10737087756,level,-1,OpenStreetMap,https://www.openstreetmap.org/node/10737087756,ODbL 1.0,2026-10-03,2022-08-13,0.51,prawdopodobne
node/10748009302,level,-1,OpenStreetMap,https://www.openstreetmap.org/node/10748009302,ODbL 1.0,2026-10-03,2025-04-17,0.8,potwierdzone
node/10750567107,wheelchair,yes,OpenStreetMap,https://www.openstreetmap.org/node/10750567107,ODbL 1.0,2026-10-03,,0.5,prawdopodobne
node/10759653273,wheelchair,yes,OpenStreetMap,https://www.openstreetmap.org/node/10759653273,ODbL 1.0,2026-10-03,2025-08-06,0.8,potwierdzone
node/10785259681,level,0,OpenStreetMap,https://www.openstreetmap.org/node/10785259681,ODbL 1.0,2026-10-03,2023-04-04,0.6,prawdopodobne
node/10811556319,wheelchair,yes,OpenStreetMap,https://www.openstreetmap.org/node/10811556319,ODbL 1.0,2026-10-03,2023-04-14,0.6,prawdopodobne
node/10811556319,level,0,OpenStreetMap,https://www.openstreetmap.org/node/10811556319,ODbL 1.0,2026-10-03,2023-04-14,0.6,prawdopodobne
node/10844726389,wheelchair,yes,OpenStreetMap,https://www.openstreetmap.org/node/10844726389,ODbL 1.0,2026-10-03,,0.5,prawdopodobne
node/10844726389,bench,yes,OpenStreetMap,https://www.openstreetmap.org/node/10844726389,ODbL 1.0,2026-10-03,,0.5,prawdopodobne
node/10853563586,wheelchair,yes,OpenStreetMap,https://www.openstreetmap.org/node/10853563586,ODbL 1.0,2026-10-03,,0.5,prawdopodobne
node/10853563586,toilets:wheelchair,no,OpenStreetMap,https://www.openstreetmap.org/node/10853563586,ODbL 1.0,2026-10-03,,0.5,prawdopodobne
node/10880972230,wheelchair,no,OpenStreetMap,https://www.openstreetmap.org/node/10880972230,ODbL 1.0,2026-10-03,2025-10-25,0.8,potwierdzone
node/10904096008,level,1,OpenStreetMap,https://www.openstreetmap.org/node/10904096008,ODbL 1.0,2026-10-03,,0.5,prawdopodobne
node/10942384032,wheelchair,no,OpenStreetMap,https://www.openstreetmap.org/node/10942384032,ODbL 1.0,2026-10-03,2023-05-31,0.62,prawdopodobne
node/10951576960,wheelchair,no,OpenStreetMap,https://www.openstreetmap.org/node/10951576960,ODbL 1.0,2026-10-03,2023-06-04,0.62,prawdopodobne
node/10961364542,level,-1,OpenStreetMap,https://www.openstreetmap.org/node/10961364542,ODbL 1.0,2026-10-03,,0.5,prawdopodobne
node/10961364544,wheelchair,yes,OpenStreetMap,https://www.openstreetmap.org/node/10961364544,ODbL 1.0,2026-10-03,,0.5,prawdopodobne
node/10961364544,level,-1,OpenStreetMap,https://www.openstreetmap.org/node/10961364544,ODbL 1.0,2026-10-03,,0.5,prawdopodobne
node/10961364545,level,-1,OpenStreetMap,https://www.openstreetmap.org/node/10961364545,ODbL 1.0,2026-10-03,,0.5,prawdopodobne
node/10969397305,level,0,OpenStreetMap,https://www.openstreetmap.org/node/10969397305,ODbL 1.0,2026-10-03,2024-07-13,0.77,prawdopodobne
node/10980178605,wheelchair,yes,OpenStreetMap,https://www.openstreetmap.org/node/10980178605,ODbL 1.0,2026-10-03,,0.5,prawdopodobne
node/11009720742,wheelchair,limited,OpenStreetMap,https://www.openstreetmap.org/node/11009720742,ODbL 1.0,2026-10-03,2025-10-12,0.8,potwierdzone
node/11028523483,wheelchair,no,OpenStreetMap,https://www.openstreetmap.org/node/11028523483,ODbL 1.0,2026-10-03,,0.5,prawdopodobne
node/11028523486,wheelchair,no,OpenStreetMap,https://www.openstreetmap.org/node/11028523486,ODbL 1.0,2026-10-03,,0.5,prawdopodobne
node/11030477781,wheelchair,yes,OpenStreetMap,https://www.openstreetmap.org/node/11030477781,ODbL 1.0,2026-10-03,,0.5,prawdopodobne
node/11030479397,level,0,OpenStreetMap,https://www.openstreetmap.org/node/11030479397,ODbL 1.0,2026-10-03,,0.5,prawdopodobne
node/11036985846,level,-1,OpenStreetMap,https://www.openstreetmap.org/node/11036985846,ODbL 1.0,2026-10-03,,0.5,prawdopodobne
node/11040340565,wheelchair,no,OpenStreetMap,https://www.openstreetmap.org/node/11040340565,ODbL 1.0,2026-10-03,2026-07-14,0.8,potwierdzone
node/11040340565,level,-1,OpenStreetMap,https://www.openstreetmap.org/node/11040340565,ODbL 1.0,2026-10-03,2026-07-14,0.8,potwierdzone
node/11040340566,wheelchair,no,OpenStreetMap,https://www.openstreetmap.org/node/11040340566,ODbL 1.0,2026-10-03,2025-12-05,0.8,potwierdzone
node/11040340566,level,-1,OpenStreetMap,https://www.openstreetmap.org/node/11040340566,ODbL 1.0,2026-10-03,2025-12-05,0.8,potwierdzone
node/11040391313,level,-1,OpenStreetMap,https://www.openstreetmap.org/node/11040391313,ODbL 1.0,2026-10-03,,0.5,prawdopodobne
node/11040391314,level,-1,OpenStreetMap,https://www.openstreetmap.org/node/11040391314,ODbL 1.0,2026-10-03,,0.5,prawdopodobne
node/11040391315,level,-1,OpenStreetMap,https://www.openstreetmap.org/node/11040391315,ODbL 1.0,2026-10-03,,0.5,prawdopodobne
node/11040391316,level,-1,OpenStreetMap,https://www.openstreetmap.org/node/11040391316,ODbL 1.0,2026-10-03,,0.5,prawdopodobne
node/11051517556,level,0,OpenStreetMap,https://www.openstreetmap.org/node/11051517556,ODbL 1.0,2026-10-03,2026-05-31,0.8,potwierdzone
node/11067571906,wheelchair,no,OpenStreetMap,https://www.openstreetmap.org/node/11067571906,ODbL 1.0,2026-10-03,,0.5,prawdopodobne
node/11103069507,bench,yes,OpenStreetMap,https://www.openstreetmap.org/node/11103069507,ODbL 1.0,2026-10-03,,0.5,prawdopodobne
node/11103069507,tactile_paving,no,OpenStreetMap,https://www.openstreetmap.org/node/11103069507,ODbL 1.0,2026-10-03,,0.5,prawdopodobne
node/11103069507,lit,yes,OpenStreetMap,https://www.openstreetmap.org/node/11103069507,ODbL 1.0,2026-10-03,,0.5,prawdopodobne
node/11108047639,wheelchair,no,OpenStreetMap,https://www.openstreetmap.org/node/11108047639,ODbL 1.0,2026-10-03,,0.5,prawdopodobne
node/11125690507,wheelchair,no,OpenStreetMap,https://www.openstreetmap.org/node/11125690507,ODbL 1.0,2026-10-03,2024-12-09,0.8,potwierdzone
node/11125690507,toilets:wheelchair,no,OpenStreetMap,https://www.openstreetmap.org/node/11125690507,ODbL 1.0,2026-10-03,2024-12-09,0.8,potwierdzone
node/11125690507,level,0;-1,OpenStreetMap,https://www.openstreetmap.org/node/11125690507,ODbL 1.0,2026-10-03,2024-12-09,0.8,potwierdzone
node/11141962486,wheelchair,no,OpenStreetMap,https://www.openstreetmap.org/node/11141962486,ODbL 1.0,2026-10-03,2023-10-23,0.67,prawdopodobne
node/11146942605,wheelchair,limited,OpenStreetMap,https://www.openstreetmap.org/node/11146942605,ODbL 1.0,2026-10-03,,0.5,prawdopodobne
node/11146942605,toilets:wheelchair,limited,OpenStreetMap,https://www.openstreetmap.org/node/11146942605,ODbL 1.0,2026-10-03,,0.5,prawdopodobne
node/11146942605,changing_table,yes,OpenStreetMap,https://www.openstreetmap.org/node/11146942605,ODbL 1.0,2026-10-03,,0.5,prawdopodobne
node/11153485456,wheelchair,yes,OpenStreetMap,https://www.openstreetmap.org/node/11153485456,ODbL 1.0,2026-10-03,,0.5,prawdopodobne
node/11160519867,wheelchair,limited,OpenStreetMap,https://www.openstreetmap.org/node/11160519867,ODbL 1.0,2026-10-03,,0.5,prawdopodobne
node/11164736952,wheelchair,yes,OpenStreetMap,https://www.openstreetmap.org/node/11164736952,ODbL 1.0,2026-10-03,,0.5,prawdopodobne
node/11168381947,wheelchair,yes,OpenStreetMap,https://www.openstreetmap.org/node/11168381947,ODbL 1.0,2026-10-03,,0.5,prawdopodobne
node/11172629027,wheelchair,no,OpenStreetMap,https://www.openstreetmap.org/node/11172629027,ODbL 1.0,2026-10-03,,0.5,prawdopodobne
node/11178560126,wheelchair,limited,OpenStreetMap,https://www.openstreetmap.org/node/11178560126,ODbL 1.0,2026-10-03,,0.5,prawdopodobne
node/11186611565,level,-1,OpenStreetMap,https://www.openstreetmap.org/node/11186611565,ODbL 1.0,2026-10-03,2024-07-10,0.77,prawdopodobne
node/11187112588,wheelchair,yes,OpenStreetMap,https://www.openstreetmap.org/node/11187112588,ODbL 1.0,2026-10-03,2025-06-12,0.8,potwierdzone
node/11191651303,level,-1,OpenStreetMap,https://www.openstreetmap.org/node/11191651303,ODbL 1.0,2026-10-03,,0.5,prawdopodobne
node/11191651304,wheelchair,yes,OpenStreetMap,https://www.openstreetmap.org/node/11191651304,ODbL 1.0,2026-10-03,,0.5,prawdopodobne
node/11191651304,level,-1,OpenStreetMap,https://www.openstreetmap.org/node/11191651304,ODbL 1.0,2026-10-03,,0.5,prawdopodobne
node/11191651305,level,-1,OpenStreetMap,https://www.openstreetmap.org/node/11191651305,ODbL 1.0,2026-10-03,,0.5,prawdopodobne
node/11191651306,level,-1,OpenStreetMap,https://www.openstreetmap.org/node/11191651306,ODbL 1.0,2026-10-03,,0.5,prawdopodobne
node/11191651307,level,-1,OpenStreetMap,https://www.openstreetmap.org/node/11191651307,ODbL 1.0,2026-10-03,,0.5,prawdopodobne
node/11191651308,level,-1,OpenStreetMap,https://www.openstreetmap.org/node/11191651308,ODbL 1.0,2026-10-03,,0.5,prawdopodobne
node/11191651309,level,-1,OpenStreetMap,https://www.openstreetmap.org/node/11191651309,ODbL 1.0,2026-10-03,,0.5,prawdopodobne
node/11191651312,wheelchair,yes,OpenStreetMap,https://www.openstreetmap.org/node/11191651312,ODbL 1.0,2026-10-03,,0.5,prawdopodobne
node/11191651312,level,-1,OpenStreetMap,https://www.openstreetmap.org/node/11191651312,ODbL 1.0,2026-10-03,,0.5,prawdopodobne
node/11191651313,level,-1,OpenStreetMap,https://www.openstreetmap.org/node/11191651313,ODbL 1.0,2026-10-03,2025-07-07,0.8,potwierdzone
node/11191651314,level,-1,OpenStreetMap,https://www.openstreetmap.org/node/11191651314,ODbL 1.0,2026-10-03,,0.5,prawdopodobne
node/11191651315,level,-1,OpenStreetMap,https://www.openstreetmap.org/node/11191651315,ODbL 1.0,2026-10-03,,0.5,prawdopodobne
node/11191651316,level,-1,OpenStreetMap,https://www.openstreetmap.org/node/11191651316,ODbL 1.0,2026-10-03,,0.5,prawdopodobne
node/11191651317,level,-1,OpenStreetMap,https://www.openstreetmap.org/node/11191651317,ODbL 1.0,2026-10-03,,0.5,prawdopodobne
node/11191651318,level,-1,OpenStreetMap,https://www.openstreetmap.org/node/11191651318,ODbL 1.0,2026-10-03,,0.5,prawdopodobne
node/11191651319,level,-1,OpenStreetMap,https://www.openstreetmap.org/node/11191651319,ODbL 1.0,2026-10-03,,0.5,prawdopodobne
node/11191651321,level,-1,OpenStreetMap,https://www.openstreetmap.org/node/11191651321,ODbL 1.0,2026-10-03,,0.5,prawdopodobne
node/11191651323,level,-1,OpenStreetMap,https://www.openstreetmap.org/node/11191651323,ODbL 1.0,2026-10-03,,0.5,prawdopodobne
node/11191651324,wheelchair,yes,OpenStreetMap,https://www.openstreetmap.org/node/11191651324,ODbL 1.0,2026-10-03,,0.5,prawdopodobne
node/11191651324,level,-1,OpenStreetMap,https://www.openstreetmap.org/node/11191651324,ODbL 1.0,2026-10-03,,0.5,prawdopodobne
node/11191651325,level,-1,OpenStreetMap,https://www.openstreetmap.org/node/11191651325,ODbL 1.0,2026-10-03,,0.5,prawdopodobne
node/11193058150,wheelchair,no,OpenStreetMap,https://www.openstreetmap.org/node/11193058150,ODbL 1.0,2026-10-03,2025-07-30,0.8,potwierdzone
node/11193058150,level,-1,OpenStreetMap,https://www.openstreetmap.org/node/11193058150,ODbL 1.0,2026-10-03,2025-07-30,0.8,potwierdzone
node/11193097764,level,0,OpenStreetMap,https://www.openstreetmap.org/node/11193097764,ODbL 1.0,2026-10-03,2025-07-30,0.8,potwierdzone
node/11193101090,level,0,OpenStreetMap,https://www.openstreetmap.org/node/11193101090,ODbL 1.0,2026-10-03,2023-09-15,0.66,prawdopodobne
node/11193115006,level,0,OpenStreetMap,https://www.openstreetmap.org/node/11193115006,ODbL 1.0,2026-10-03,2023-09-15,0.66,prawdopodobne
node/11193115007,level,0,OpenStreetMap,https://www.openstreetmap.org/node/11193115007,ODbL 1.0,2026-10-03,2025-10-24,0.8,potwierdzone
node/11193123901,level,0,OpenStreetMap,https://www.openstreetmap.org/node/11193123901,ODbL 1.0,2026-10-03,2024-09-19,0.8,prawdopodobne
node/11193155857,level,0,OpenStreetMap,https://www.openstreetmap.org/node/11193155857,ODbL 1.0,2026-10-03,2023-09-15,0.66,prawdopodobne
node/11193155863,level,0,OpenStreetMap,https://www.openstreetmap.org/node/11193155863,ODbL 1.0,2026-10-03,2023-09-15,0.66,prawdopodobne
node/11194543587,wheelchair,limited,OpenStreetMap,https://www.openstreetmap.org/node/11194543587,ODbL 1.0,2026-10-03,,0.5,prawdopodobne
node/11194543588,wheelchair,yes,OpenStreetMap,https://www.openstreetmap.org/node/11194543588,ODbL 1.0,2026-10-03,,0.5,prawdopodobne
node/11194543589,toilets:wheelchair,yes,OpenStreetMap,https://www.openstreetmap.org/node/11194543589,ODbL 1.0,2026-10-03,2025-07-24,0.8,potwierdzone
node/11225344800,wheelchair,no,OpenStreetMap,https://www.openstreetmap.org/node/11225344800,ODbL 1.0,2026-10-03,2023-09-28,0.66,prawdopodobne
node/11225344801,wheelchair,no,OpenStreetMap,https://www.openstreetmap.org/node/11225344801,ODbL 1.0,2026-10-03,2023-09-28,0.66,prawdopodobne
node/11237098513,wheelchair,limited,OpenStreetMap,https://www.openstreetmap.org/node/11237098513,ODbL 1.0,2026-10-03,,0.5,prawdopodobne
node/11237098513,toilets:wheelchair,no,OpenStreetMap,https://www.openstreetmap.org/node/11237098513,ODbL 1.0,2026-10-03,,0.5,prawdopodobne
node/11237098514,wheelchair,limited,OpenStreetMap,https://www.openstreetmap.org/node/11237098514,ODbL 1.0,2026-10-03,,0.5,prawdopodobne
node/11237098514,toilets:wheelchair,no,OpenStreetMap,https://www.openstreetmap.org/node/11237098514,ODbL 1.0,2026-10-03,,0.5,prawdopodobne
node/11237098517,wheelchair,no,OpenStreetMap,https://www.openstreetmap.org/node/11237098517,ODbL 1.0,2026-10-03,,0.5,prawdopodobne
node/11253888986,wheelchair,yes,OpenStreetMap,https://www.openstreetmap.org/node/11253888986,ODbL 1.0,2026-10-03,,0.5,prawdopodobne
node/11253888986,toilets:wheelchair,no,OpenStreetMap,https://www.openstreetmap.org/node/11253888986,ODbL 1.0,2026-10-03,,0.5,prawdopodobne
node/11253888989,wheelchair,yes,OpenStreetMap,https://www.openstreetmap.org/node/11253888989,ODbL 1.0,2026-10-03,,0.5,prawdopodobne
node/11253888989,toilets:wheelchair,yes,OpenStreetMap,https://www.openstreetmap.org/node/11253888989,ODbL 1.0,2026-10-03,,0.5,prawdopodobne
node/11253888990,wheelchair,yes,OpenStreetMap,https://www.openstreetmap.org/node/11253888990,ODbL 1.0,2026-10-03,,0.5,prawdopodobne
node/11253888991,wheelchair,yes,OpenStreetMap,https://www.openstreetmap.org/node/11253888991,ODbL 1.0,2026-10-03,,0.5,prawdopodobne
node/11256194458,wheelchair,no,OpenStreetMap,https://www.openstreetmap.org/node/11256194458,ODbL 1.0,2026-10-03,,0.5,prawdopodobne
node/11256194461,wheelchair,yes,OpenStreetMap,https://www.openstreetmap.org/node/11256194461,ODbL 1.0,2026-10-03,,0.5,prawdopodobne
node/11256194463,wheelchair,yes,OpenStreetMap,https://www.openstreetmap.org/node/11256194463,ODbL 1.0,2026-10-03,,0.5,prawdopodobne
node/11271425380,wheelchair,no,OpenStreetMap,https://www.openstreetmap.org/node/11271425380,ODbL 1.0,2026-10-03,,0.5,prawdopodobne
node/11289638602,wheelchair,yes,OpenStreetMap,https://www.openstreetmap.org/node/11289638602,ODbL 1.0,2026-10-03,,0.5,prawdopodobne
node/11367387030,wheelchair,no,OpenStreetMap,https://www.openstreetmap.org/node/11367387030,ODbL 1.0,2026-10-03,2026-03-02,0.8,potwierdzone
node/11367387030,level,0,OpenStreetMap,https://www.openstreetmap.org/node/11367387030,ODbL 1.0,2026-10-03,2026-03-02,0.8,potwierdzone
node/11375521369,level,0,OpenStreetMap,https://www.openstreetmap.org/node/11375521369,ODbL 1.0,2026-10-03,,0.5,prawdopodobne
node/11412534335,wheelchair,yes,OpenStreetMap,https://www.openstreetmap.org/node/11412534335,ODbL 1.0,2026-10-03,,0.5,prawdopodobne
node/11474497378,wheelchair,limited,OpenStreetMap,https://www.openstreetmap.org/node/11474497378,ODbL 1.0,2026-10-03,,0.5,prawdopodobne
node/11475924969,wheelchair,no,OpenStreetMap,https://www.openstreetmap.org/node/11475924969,ODbL 1.0,2026-10-03,,0.5,prawdopodobne
node/11537721099,wheelchair,no,OpenStreetMap,https://www.openstreetmap.org/node/11537721099,ODbL 1.0,2026-10-03,2026-09-02,0.8,potwierdzone
node/11537721100,wheelchair,no,OpenStreetMap,https://www.openstreetmap.org/node/11537721100,ODbL 1.0,2026-10-03,,0.5,prawdopodobne
node/11537721103,wheelchair,yes,OpenStreetMap,https://www.openstreetmap.org/node/11537721103,ODbL 1.0,2026-10-03,,0.5,prawdopodobne
node/11537721114,wheelchair,no,OpenStreetMap,https://www.openstreetmap.org/node/11537721114,ODbL 1.0,2026-10-03,,0.5,prawdopodobne
node/11537721115,wheelchair,limited,OpenStreetMap,https://www.openstreetmap.org/node/11537721115,ODbL 1.0,2026-10-03,2026-07-14,0.8,potwierdzone
node/11537721115,toilets:wheelchair,yes,OpenStreetMap,https://www.openstreetmap.org/node/11537721115,ODbL 1.0,2026-10-03,2026-07-14,0.8,potwierdzone
node/11537721115,changing_table,yes,OpenStreetMap,https://www.openstreetmap.org/node/11537721115,ODbL 1.0,2026-10-03,2026-07-14,0.8,potwierdzone
node/11537721115,level,0,OpenStreetMap,https://www.openstreetmap.org/node/11537721115,ODbL 1.0,2026-10-03,2026-07-14,0.8,potwierdzone
node/11537855057,level,0,OpenStreetMap,https://www.openstreetmap.org/node/11537855057,ODbL 1.0,2026-10-03,,0.5,prawdopodobne
node/11537855059,wheelchair,no,OpenStreetMap,https://www.openstreetmap.org/node/11537855059,ODbL 1.0,2026-10-03,,0.5,prawdopodobne
node/11537855060,wheelchair,no,OpenStreetMap,https://www.openstreetmap.org/node/11537855060,ODbL 1.0,2026-10-03,,0.5,prawdopodobne
node/11537855063,wheelchair,no,OpenStreetMap,https://www.openstreetmap.org/node/11537855063,ODbL 1.0,2026-10-03,,0.5,prawdopodobne
node/11537855064,wheelchair,no,OpenStreetMap,https://www.openstreetmap.org/node/11537855064,ODbL 1.0,2026-10-03,2026-07-14,0.8,potwierdzone
node/11537855066,wheelchair,no,OpenStreetMap,https://www.openstreetmap.org/node/11537855066,ODbL 1.0,2026-10-03,,0.5,prawdopodobne
node/11537855068,wheelchair,no,OpenStreetMap,https://www.openstreetmap.org/node/11537855068,ODbL 1.0,2026-10-03,,0.5,prawdopodobne
node/11541651728,wheelchair,yes,OpenStreetMap,https://www.openstreetmap.org/node/11541651728,ODbL 1.0,2026-10-03,,0.5,prawdopodobne
node/11541651729,wheelchair,yes,OpenStreetMap,https://www.openstreetmap.org/node/11541651729,ODbL 1.0,2026-10-03,,0.5,prawdopodobne
node/11541651730,wheelchair,yes,OpenStreetMap,https://www.openstreetmap.org/node/11541651730,ODbL 1.0,2026-10-03,,0.5,prawdopodobne
node/11541669181,wheelchair,no,OpenStreetMap,https://www.openstreetmap.org/node/11541669181,ODbL 1.0,2026-10-03,2025-07-24,0.8,potwierdzone
node/11541669183,wheelchair,no,OpenStreetMap,https://www.openstreetmap.org/node/11541669183,ODbL 1.0,2026-10-03,2026-08-08,0.8,potwierdzone
node/11548067570,wheelchair,yes,OpenStreetMap,https://www.openstreetmap.org/node/11548067570,ODbL 1.0,2026-10-03,2025-07-13,0.8,potwierdzone
node/11548067570,level,0,OpenStreetMap,https://www.openstreetmap.org/node/11548067570,ODbL 1.0,2026-10-03,2025-07-13,0.8,potwierdzone
node/11548067571,wheelchair,limited,OpenStreetMap,https://www.openstreetmap.org/node/11548067571,ODbL 1.0,2026-10-03,2024-11-30,0.8,potwierdzone
node/11548067571,level,0,OpenStreetMap,https://www.openstreetmap.org/node/11548067571,ODbL 1.0,2026-10-03,2024-11-30,0.8,potwierdzone
node/11572790397,wheelchair,yes,OpenStreetMap,https://www.openstreetmap.org/node/11572790397,ODbL 1.0,2026-10-03,,0.5,prawdopodobne
node/11572790397,level,0;1,OpenStreetMap,https://www.openstreetmap.org/node/11572790397,ODbL 1.0,2026-10-03,,0.5,prawdopodobne
node/11578842182,wheelchair,yes,OpenStreetMap,https://www.openstreetmap.org/node/11578842182,ODbL 1.0,2026-10-03,,0.5,prawdopodobne
node/11616250293,level,0,OpenStreetMap,https://www.openstreetmap.org/node/11616250293,ODbL 1.0,2026-10-03,2026-03-03,0.8,potwierdzone
node/11627939868,wheelchair,yes,OpenStreetMap,https://www.openstreetmap.org/node/11627939868,ODbL 1.0,2026-10-03,2026-09-26,0.8,potwierdzone
node/11628074115,wheelchair,no,OpenStreetMap,https://www.openstreetmap.org/node/11628074115,ODbL 1.0,2026-10-03,2026-09-14,0.8,potwierdzone
node/11666329406,wheelchair,yes,OpenStreetMap,https://www.openstreetmap.org/node/11666329406,ODbL 1.0,2026-10-03,2025-12-05,0.8,potwierdzone
node/11666963374,wheelchair,no,OpenStreetMap,https://www.openstreetmap.org/node/11666963374,ODbL 1.0,2026-10-03,,0.5,prawdopodobne
node/11728725234,wheelchair,no,OpenStreetMap,https://www.openstreetmap.org/node/11728725234,ODbL 1.0,2026-10-03,,0.5,prawdopodobne
node/11736237669,wheelchair,no,OpenStreetMap,https://www.openstreetmap.org/node/11736237669,ODbL 1.0,2026-10-03,,0.5,prawdopodobne
node/11767220272,wheelchair,no,OpenStreetMap,https://www.openstreetmap.org/node/11767220272,ODbL 1.0,2026-10-03,,0.5,prawdopodobne
node/11786596041,level,-1,OpenStreetMap,https://www.openstreetmap.org/node/11786596041,ODbL 1.0,2026-10-03,2025-07-07,0.8,potwierdzone
node/11786642369,level,0,OpenStreetMap,https://www.openstreetmap.org/node/11786642369,ODbL 1.0,2026-10-03,2026-04-29,0.8,potwierdzone
node/11809091353,bench,yes,OpenStreetMap,https://www.openstreetmap.org/node/11809091353,ODbL 1.0,2026-10-03,,0.5,prawdopodobne
node/11809091353,tactile_paving,no,OpenStreetMap,https://www.openstreetmap.org/node/11809091353,ODbL 1.0,2026-10-03,,0.5,prawdopodobne
node/11809091353,lit,yes,OpenStreetMap,https://www.openstreetmap.org/node/11809091353,ODbL 1.0,2026-10-03,,0.5,prawdopodobne
node/11869517675,wheelchair,no,OpenStreetMap,https://www.openstreetmap.org/node/11869517675,ODbL 1.0,2026-10-03,,0.5,prawdopodobne
node/11873939942,wheelchair,no,OpenStreetMap,https://www.openstreetmap.org/node/11873939942,ODbL 1.0,2026-10-03,2025-11-05,0.8,potwierdzone
node/11873939942,level,0,OpenStreetMap,https://www.openstreetmap.org/node/11873939942,ODbL 1.0,2026-10-03,2025-11-05,0.8,potwierdzone
node/11888838030,wheelchair,no,OpenStreetMap,https://www.openstreetmap.org/node/11888838030,ODbL 1.0,2026-10-03,2025-05-27,0.8,potwierdzone
node/11888838030,toilets:wheelchair,no,OpenStreetMap,https://www.openstreetmap.org/node/11888838030,ODbL 1.0,2026-10-03,2025-05-27,0.8,potwierdzone
node/11909777744,wheelchair,limited,OpenStreetMap,https://www.openstreetmap.org/node/11909777744,ODbL 1.0,2026-10-03,,0.5,prawdopodobne
node/11955338218,wheelchair,yes,OpenStreetMap,https://www.openstreetmap.org/node/11955338218,ODbL 1.0,2026-10-03,2026-09-19,0.8,potwierdzone
node/11984980238,wheelchair,no,OpenStreetMap,https://www.openstreetmap.org/node/11984980238,ODbL 1.0,2026-10-03,,0.5,prawdopodobne
node/11984980238,toilets:wheelchair,no,OpenStreetMap,https://www.openstreetmap.org/node/11984980238,ODbL 1.0,2026-10-03,,0.5,prawdopodobne
node/12003819512,wheelchair,limited,OpenStreetMap,https://www.openstreetmap.org/node/12003819512,ODbL 1.0,2026-10-03,2026-09-30,0.8,potwierdzone
node/12003819512,level,0,OpenStreetMap,https://www.openstreetmap.org/node/12003819512,ODbL 1.0,2026-10-03,2026-09-30,0.8,potwierdzone
node/12049678160,wheelchair,no,OpenStreetMap,https://www.openstreetmap.org/node/12049678160,ODbL 1.0,2026-10-03,2024-07-12,0.77,prawdopodobne
node/12049678160,level,0;1,OpenStreetMap,https://www.openstreetmap.org/node/12049678160,ODbL 1.0,2026-10-03,2024-07-12,0.77,prawdopodobne
node/12050710065,level,0,OpenStreetMap,https://www.openstreetmap.org/node/12050710065,ODbL 1.0,2026-10-03,2024-07-13,0.77,prawdopodobne
node/12068087636,wheelchair,yes,OpenStreetMap,https://www.openstreetmap.org/node/12068087636,ODbL 1.0,2026-10-03,,0.5,prawdopodobne
node/12068100759,wheelchair,yes,OpenStreetMap,https://www.openstreetmap.org/node/12068100759,ODbL 1.0,2026-10-03,,0.5,prawdopodobne
node/12068112855,wheelchair,yes,OpenStreetMap,https://www.openstreetmap.org/node/12068112855,ODbL 1.0,2026-10-03,,0.5,prawdopodobne
node/12068119312,wheelchair,yes,OpenStreetMap,https://www.openstreetmap.org/node/12068119312,ODbL 1.0,2026-10-03,,0.5,prawdopodobne
node/12068121781,wheelchair,yes,OpenStreetMap,https://www.openstreetmap.org/node/12068121781,ODbL 1.0,2026-10-03,,0.5,prawdopodobne
node/12075500907,level,0,OpenStreetMap,https://www.openstreetmap.org/node/12075500907,ODbL 1.0,2026-10-03,2026-07-18,0.8,potwierdzone
node/12079816933,wheelchair,limited,OpenStreetMap,https://www.openstreetmap.org/node/12079816933,ODbL 1.0,2026-10-03,2024-07-29,0.78,prawdopodobne
node/12089246387,bench,yes,OpenStreetMap,https://www.openstreetmap.org/node/12089246387,ODbL 1.0,2026-10-03,,0.5,prawdopodobne
node/12089246388,bench,yes,OpenStreetMap,https://www.openstreetmap.org/node/12089246388,ODbL 1.0,2026-10-03,,0.5,prawdopodobne
node/12089246388,lit,yes,OpenStreetMap,https://www.openstreetmap.org/node/12089246388,ODbL 1.0,2026-10-03,,0.5,prawdopodobne
node/12089246389,bench,yes,OpenStreetMap,https://www.openstreetmap.org/node/12089246389,ODbL 1.0,2026-10-03,,0.5,prawdopodobne
node/12089246389,lit,yes,OpenStreetMap,https://www.openstreetmap.org/node/12089246389,ODbL 1.0,2026-10-03,,0.5,prawdopodobne
node/12089246390,bench,yes,OpenStreetMap,https://www.openstreetmap.org/node/12089246390,ODbL 1.0,2026-10-03,,0.5,prawdopodobne
node/12089246390,lit,yes,OpenStreetMap,https://www.openstreetmap.org/node/12089246390,ODbL 1.0,2026-10-03,,0.5,prawdopodobne
node/12089246391,bench,yes,OpenStreetMap,https://www.openstreetmap.org/node/12089246391,ODbL 1.0,2026-10-03,,0.5,prawdopodobne
node/12089246392,bench,yes,OpenStreetMap,https://www.openstreetmap.org/node/12089246392,ODbL 1.0,2026-10-03,,0.5,prawdopodobne
node/12089246393,bench,yes,OpenStreetMap,https://www.openstreetmap.org/node/12089246393,ODbL 1.0,2026-10-03,,0.5,prawdopodobne
node/12089246394,bench,yes,OpenStreetMap,https://www.openstreetmap.org/node/12089246394,ODbL 1.0,2026-10-03,,0.5,prawdopodobne
node/12089246395,bench,yes,OpenStreetMap,https://www.openstreetmap.org/node/12089246395,ODbL 1.0,2026-10-03,,0.5,prawdopodobne
node/12089246396,bench,yes,OpenStreetMap,https://www.openstreetmap.org/node/12089246396,ODbL 1.0,2026-10-03,,0.5,prawdopodobne
node/12089246399,bench,yes,OpenStreetMap,https://www.openstreetmap.org/node/12089246399,ODbL 1.0,2026-10-03,,0.5,prawdopodobne
node/12089246400,bench,yes,OpenStreetMap,https://www.openstreetmap.org/node/12089246400,ODbL 1.0,2026-10-03,,0.5,prawdopodobne
node/12089246401,bench,yes,OpenStreetMap,https://www.openstreetmap.org/node/12089246401,ODbL 1.0,2026-10-03,,0.5,prawdopodobne
node/12089246401,tactile_paving,no,OpenStreetMap,https://www.openstreetmap.org/node/12089246401,ODbL 1.0,2026-10-03,,0.5,prawdopodobne
node/12089246401,lit,yes,OpenStreetMap,https://www.openstreetmap.org/node/12089246401,ODbL 1.0,2026-10-03,,0.5,prawdopodobne
node/12089246402,bench,yes,OpenStreetMap,https://www.openstreetmap.org/node/12089246402,ODbL 1.0,2026-10-03,,0.5,prawdopodobne
node/12089246402,tactile_paving,no,OpenStreetMap,https://www.openstreetmap.org/node/12089246402,ODbL 1.0,2026-10-03,,0.5,prawdopodobne
node/12089246402,lit,yes,OpenStreetMap,https://www.openstreetmap.org/node/12089246402,ODbL 1.0,2026-10-03,,0.5,prawdopodobne
node/12089246403,bench,yes,OpenStreetMap,https://www.openstreetmap.org/node/12089246403,ODbL 1.0,2026-10-03,,0.5,prawdopodobne
node/12089246403,tactile_paving,no,OpenStreetMap,https://www.openstreetmap.org/node/12089246403,ODbL 1.0,2026-10-03,,0.5,prawdopodobne
node/12089246403,lit,yes,OpenStreetMap,https://www.openstreetmap.org/node/12089246403,ODbL 1.0,2026-10-03,,0.5,prawdopodobne
node/12089246404,bench,yes,OpenStreetMap,https://www.openstreetmap.org/node/12089246404,ODbL 1.0,2026-10-03,,0.5,prawdopodobne
node/12089246404,tactile_paving,no,OpenStreetMap,https://www.openstreetmap.org/node/12089246404,ODbL 1.0,2026-10-03,,0.5,prawdopodobne
node/12089246404,lit,yes,OpenStreetMap,https://www.openstreetmap.org/node/12089246404,ODbL 1.0,2026-10-03,,0.5,prawdopodobne
node/12089246407,tactile_paving,no,OpenStreetMap,https://www.openstreetmap.org/node/12089246407,ODbL 1.0,2026-10-03,,0.5,prawdopodobne
node/12089246407,lit,yes,OpenStreetMap,https://www.openstreetmap.org/node/12089246407,ODbL 1.0,2026-10-03,,0.5,prawdopodobne
node/12089246408,bench,yes,OpenStreetMap,https://www.openstreetmap.org/node/12089246408,ODbL 1.0,2026-10-03,,0.5,prawdopodobne
node/12089246408,tactile_paving,no,OpenStreetMap,https://www.openstreetmap.org/node/12089246408,ODbL 1.0,2026-10-03,,0.5,prawdopodobne
node/12089246408,lit,yes,OpenStreetMap,https://www.openstreetmap.org/node/12089246408,ODbL 1.0,2026-10-03,,0.5,prawdopodobne
node/12089246409,bench,no,OpenStreetMap,https://www.openstreetmap.org/node/12089246409,ODbL 1.0,2026-10-03,,0.5,prawdopodobne
node/12089246409,tactile_paving,no,OpenStreetMap,https://www.openstreetmap.org/node/12089246409,ODbL 1.0,2026-10-03,,0.5,prawdopodobne
node/12089246409,lit,yes,OpenStreetMap,https://www.openstreetmap.org/node/12089246409,ODbL 1.0,2026-10-03,,0.5,prawdopodobne
node/12089246410,bench,no,OpenStreetMap,https://www.openstreetmap.org/node/12089246410,ODbL 1.0,2026-10-03,,0.5,prawdopodobne
node/12089246410,lit,yes,OpenStreetMap,https://www.openstreetmap.org/node/12089246410,ODbL 1.0,2026-10-03,,0.5,prawdopodobne
node/12089246411,bench,no,OpenStreetMap,https://www.openstreetmap.org/node/12089246411,ODbL 1.0,2026-10-03,,0.5,prawdopodobne
node/12089246411,lit,yes,OpenStreetMap,https://www.openstreetmap.org/node/12089246411,ODbL 1.0,2026-10-03,,0.5,prawdopodobne
node/12089246412,lit,yes,OpenStreetMap,https://www.openstreetmap.org/node/12089246412,ODbL 1.0,2026-10-03,,0.5,prawdopodobne
node/12089246413,tactile_paving,no,OpenStreetMap,https://www.openstreetmap.org/node/12089246413,ODbL 1.0,2026-10-03,,0.5,prawdopodobne
node/12089246413,lit,yes,OpenStreetMap,https://www.openstreetmap.org/node/12089246413,ODbL 1.0,2026-10-03,,0.5,prawdopodobne
node/12089246415,bench,no,OpenStreetMap,https://www.openstreetmap.org/node/12089246415,ODbL 1.0,2026-10-03,,0.5,prawdopodobne
node/12089246416,bench,no,OpenStreetMap,https://www.openstreetmap.org/node/12089246416,ODbL 1.0,2026-10-03,,0.5,prawdopodobne
node/12089246417,bench,no,OpenStreetMap,https://www.openstreetmap.org/node/12089246417,ODbL 1.0,2026-10-03,,0.5,prawdopodobne
node/12092083185,level,0,OpenStreetMap,https://www.openstreetmap.org/node/12092083185,ODbL 1.0,2026-10-03,2025-10-25,0.8,potwierdzone
node/12092262863,level,0,OpenStreetMap,https://www.openstreetmap.org/node/12092262863,ODbL 1.0,2026-10-03,,0.5,prawdopodobne
node/12101877939,wheelchair,yes,OpenStreetMap,https://www.openstreetmap.org/node/12101877939,ODbL 1.0,2026-10-03,2024-08-08,0.78,prawdopodobne
node/12101877939,level,0,OpenStreetMap,https://www.openstreetmap.org/node/12101877939,ODbL 1.0,2026-10-03,2024-08-08,0.78,prawdopodobne
node/12161657501,wheelchair,limited,OpenStreetMap,https://www.openstreetmap.org/node/12161657501,ODbL 1.0,2026-10-03,2024-09-09,0.79,prawdopodobne
node/12165563101,level,1,OpenStreetMap,https://www.openstreetmap.org/node/12165563101,ODbL 1.0,2026-10-03,,0.5,prawdopodobne
node/12207240370,wheelchair,yes,OpenStreetMap,https://www.openstreetmap.org/node/12207240370,ODbL 1.0,2026-10-03,2026-07-18,0.8,potwierdzone
node/12207240370,level,0,OpenStreetMap,https://www.openstreetmap.org/node/12207240370,ODbL 1.0,2026-10-03,2026-07-18,0.8,potwierdzone
node/12270717877,bench,no,OpenStreetMap,https://www.openstreetmap.org/node/12270717877,ODbL 1.0,2026-10-03,,0.5,prawdopodobne
node/12270717877,tactile_paving,no,OpenStreetMap,https://www.openstreetmap.org/node/12270717877,ODbL 1.0,2026-10-03,,0.5,prawdopodobne
node/12270717877,lit,yes,OpenStreetMap,https://www.openstreetmap.org/node/12270717877,ODbL 1.0,2026-10-03,,0.5,prawdopodobne
node/12272941152,level,3,OpenStreetMap,https://www.openstreetmap.org/node/12272941152,ODbL 1.0,2026-10-03,,0.5,prawdopodobne
node/12285357059,wheelchair,no,OpenStreetMap,https://www.openstreetmap.org/node/12285357059,ODbL 1.0,2026-10-03,2024-10-24,0.8,potwierdzone
node/12285686878,bench,yes,OpenStreetMap,https://www.openstreetmap.org/node/12285686878,ODbL 1.0,2026-10-03,,0.5,prawdopodobne
node/12285686878,tactile_paving,no,OpenStreetMap,https://www.openstreetmap.org/node/12285686878,ODbL 1.0,2026-10-03,,0.5,prawdopodobne
node/12285686878,lit,yes,OpenStreetMap,https://www.openstreetmap.org/node/12285686878,ODbL 1.0,2026-10-03,,0.5,prawdopodobne
node/12285686879,bench,yes,OpenStreetMap,https://www.openstreetmap.org/node/12285686879,ODbL 1.0,2026-10-03,,0.5,prawdopodobne
node/12285686879,tactile_paving,no,OpenStreetMap,https://www.openstreetmap.org/node/12285686879,ODbL 1.0,2026-10-03,,0.5,prawdopodobne
node/12285686879,lit,yes,OpenStreetMap,https://www.openstreetmap.org/node/12285686879,ODbL 1.0,2026-10-03,,0.5,prawdopodobne
node/12306787635,wheelchair,no,OpenStreetMap,https://www.openstreetmap.org/node/12306787635,ODbL 1.0,2026-10-03,,0.5,prawdopodobne
node/12306787635,level,1,OpenStreetMap,https://www.openstreetmap.org/node/12306787635,ODbL 1.0,2026-10-03,,0.5,prawdopodobne
node/12320094259,wheelchair,yes,OpenStreetMap,https://www.openstreetmap.org/node/12320094259,ODbL 1.0,2026-10-03,,0.5,prawdopodobne
node/12323184058,level,2,OpenStreetMap,https://www.openstreetmap.org/node/12323184058,ODbL 1.0,2026-10-03,,0.5,prawdopodobne
node/12327176851,level,1,OpenStreetMap,https://www.openstreetmap.org/node/12327176851,ODbL 1.0,2026-10-03,,0.5,prawdopodobne
node/12374880206,wheelchair,yes,OpenStreetMap,https://www.openstreetmap.org/node/12374880206,ODbL 1.0,2026-10-03,2026-01-12,0.8,potwierdzone
node/12378282210,wheelchair,yes,OpenStreetMap,https://www.openstreetmap.org/node/12378282210,ODbL 1.0,2026-10-03,,0.5,prawdopodobne
node/12382457090,wheelchair,yes,OpenStreetMap,https://www.openstreetmap.org/node/12382457090,ODbL 1.0,2026-10-03,2026-03-23,0.8,potwierdzone
node/12389095428,wheelchair,no,OpenStreetMap,https://www.openstreetmap.org/node/12389095428,ODbL 1.0,2026-10-03,2024-12-01,0.8,potwierdzone
node/12389095428,level,2;3,OpenStreetMap,https://www.openstreetmap.org/node/12389095428,ODbL 1.0,2026-10-03,2024-12-01,0.8,potwierdzone
node/12389095443,wheelchair,no,OpenStreetMap,https://www.openstreetmap.org/node/12389095443,ODbL 1.0,2026-10-03,2024-12-01,0.8,potwierdzone
node/12389095443,level,0,OpenStreetMap,https://www.openstreetmap.org/node/12389095443,ODbL 1.0,2026-10-03,2024-12-01,0.8,potwierdzone
node/12389095445,wheelchair,no,OpenStreetMap,https://www.openstreetmap.org/node/12389095445,ODbL 1.0,2026-10-03,2024-12-01,0.8,potwierdzone
node/12389095445,level,0;1,OpenStreetMap,https://www.openstreetmap.org/node/12389095445,ODbL 1.0,2026-10-03,2024-12-01,0.8,potwierdzone
node/12389095446,wheelchair,no,OpenStreetMap,https://www.openstreetmap.org/node/12389095446,ODbL 1.0,2026-10-03,2024-12-01,0.8,potwierdzone
node/12389095446,level,0;2;3,OpenStreetMap,https://www.openstreetmap.org/node/12389095446,ODbL 1.0,2026-10-03,2024-12-01,0.8,potwierdzone
node/12389095447,wheelchair,no,OpenStreetMap,https://www.openstreetmap.org/node/12389095447,ODbL 1.0,2026-10-03,2024-12-01,0.8,potwierdzone
node/12389095447,level,1,OpenStreetMap,https://www.openstreetmap.org/node/12389095447,ODbL 1.0,2026-10-03,2024-12-01,0.8,potwierdzone
node/12389095448,level,0,OpenStreetMap,https://www.openstreetmap.org/node/12389095448,ODbL 1.0,2026-10-03,2024-12-01,0.8,potwierdzone
node/12389168507,level,1,OpenStreetMap,https://www.openstreetmap.org/node/12389168507,ODbL 1.0,2026-10-03,,0.5,prawdopodobne
node/12444973475,wheelchair,no,OpenStreetMap,https://www.openstreetmap.org/node/12444973475,ODbL 1.0,2026-10-03,2025-10-23,0.8,potwierdzone
node/12444973475,changing_table,yes,OpenStreetMap,https://www.openstreetmap.org/node/12444973475,ODbL 1.0,2026-10-03,2025-10-23,0.8,potwierdzone
node/12511941702,level,-1,OpenStreetMap,https://www.openstreetmap.org/node/12511941702,ODbL 1.0,2026-10-03,,0.5,prawdopodobne
node/12579391029,level,-1,OpenStreetMap,https://www.openstreetmap.org/node/12579391029,ODbL 1.0,2026-10-03,2025-12-20,0.8,potwierdzone
node/12585518939,bench,no,OpenStreetMap,https://www.openstreetmap.org/node/12585518939,ODbL 1.0,2026-10-03,,0.5,prawdopodobne
node/12585518939,tactile_paving,no,OpenStreetMap,https://www.openstreetmap.org/node/12585518939,ODbL 1.0,2026-10-03,,0.5,prawdopodobne
node/12595306167,level,0,OpenStreetMap,https://www.openstreetmap.org/node/12595306167,ODbL 1.0,2026-10-03,,0.5,prawdopodobne
node/12718357709,wheelchair,yes,OpenStreetMap,https://www.openstreetmap.org/node/12718357709,ODbL 1.0,2026-10-03,,0.5,prawdopodobne
node/12740296400,level,1,OpenStreetMap,https://www.openstreetmap.org/node/12740296400,ODbL 1.0,2026-10-03,,0.5,prawdopodobne
node/12740296401,level,1,OpenStreetMap,https://www.openstreetmap.org/node/12740296401,ODbL 1.0,2026-10-03,,0.5,prawdopodobne
node/12782397500,wheelchair,no,OpenStreetMap,https://www.openstreetmap.org/node/12782397500,ODbL 1.0,2026-10-03,,0.5,prawdopodobne
node/12785319078,level,0,OpenStreetMap,https://www.openstreetmap.org/node/12785319078,ODbL 1.0,2026-10-03,2026-07-18,0.8,potwierdzone
node/12791636075,wheelchair,limited,OpenStreetMap,https://www.openstreetmap.org/node/12791636075,ODbL 1.0,2026-10-03,2025-09-13,0.8,potwierdzone
node/12825422097,wheelchair,yes,OpenStreetMap,https://www.openstreetmap.org/node/12825422097,ODbL 1.0,2026-10-03,,0.5,prawdopodobne
node/12825422097,bench,yes,OpenStreetMap,https://www.openstreetmap.org/node/12825422097,ODbL 1.0,2026-10-03,,0.5,prawdopodobne
node/12825422097,tactile_paving,no,OpenStreetMap,https://www.openstreetmap.org/node/12825422097,ODbL 1.0,2026-10-03,,0.5,prawdopodobne
node/12825422097,lit,yes,OpenStreetMap,https://www.openstreetmap.org/node/12825422097,ODbL 1.0,2026-10-03,,0.5,prawdopodobne
node/12825422099,wheelchair,yes,OpenStreetMap,https://www.openstreetmap.org/node/12825422099,ODbL 1.0,2026-10-03,,0.5,prawdopodobne
node/12825422099,bench,yes,OpenStreetMap,https://www.openstreetmap.org/node/12825422099,ODbL 1.0,2026-10-03,,0.5,prawdopodobne
node/12825422099,tactile_paving,no,OpenStreetMap,https://www.openstreetmap.org/node/12825422099,ODbL 1.0,2026-10-03,,0.5,prawdopodobne
node/12825422099,lit,yes,OpenStreetMap,https://www.openstreetmap.org/node/12825422099,ODbL 1.0,2026-10-03,,0.5,prawdopodobne
node/12825435601,wheelchair,yes,OpenStreetMap,https://www.openstreetmap.org/node/12825435601,ODbL 1.0,2026-10-03,,0.5,prawdopodobne
node/12825435601,bench,yes,OpenStreetMap,https://www.openstreetmap.org/node/12825435601,ODbL 1.0,2026-10-03,,0.5,prawdopodobne
node/12825435601,tactile_paving,no,OpenStreetMap,https://www.openstreetmap.org/node/12825435601,ODbL 1.0,2026-10-03,,0.5,prawdopodobne
node/12825435601,lit,no,OpenStreetMap,https://www.openstreetmap.org/node/12825435601,ODbL 1.0,2026-10-03,,0.5,prawdopodobne
node/12825665859,wheelchair,yes,OpenStreetMap,https://www.openstreetmap.org/node/12825665859,ODbL 1.0,2026-10-03,,0.5,prawdopodobne
node/12825665859,bench,yes,OpenStreetMap,https://www.openstreetmap.org/node/12825665859,ODbL 1.0,2026-10-03,,0.5,prawdopodobne
node/12825665859,tactile_paving,no,OpenStreetMap,https://www.openstreetmap.org/node/12825665859,ODbL 1.0,2026-10-03,,0.5,prawdopodobne
node/12825665859,lit,yes,OpenStreetMap,https://www.openstreetmap.org/node/12825665859,ODbL 1.0,2026-10-03,,0.5,prawdopodobne
node/12825798854,bench,no,OpenStreetMap,https://www.openstreetmap.org/node/12825798854,ODbL 1.0,2026-10-03,,0.5,prawdopodobne
node/12825798854,tactile_paving,no,OpenStreetMap,https://www.openstreetmap.org/node/12825798854,ODbL 1.0,2026-10-03,,0.5,prawdopodobne
node/12825910688,wheelchair,yes,OpenStreetMap,https://www.openstreetmap.org/node/12825910688,ODbL 1.0,2026-10-03,,0.5,prawdopodobne
node/12825910688,bench,yes,OpenStreetMap,https://www.openstreetmap.org/node/12825910688,ODbL 1.0,2026-10-03,,0.5,prawdopodobne
node/12825910688,tactile_paving,yes,OpenStreetMap,https://www.openstreetmap.org/node/12825910688,ODbL 1.0,2026-10-03,,0.5,prawdopodobne
node/12893490958,level,1,OpenStreetMap,https://www.openstreetmap.org/node/12893490958,ODbL 1.0,2026-10-03,,0.5,prawdopodobne
node/12897778007,wheelchair,no,OpenStreetMap,https://www.openstreetmap.org/node/12897778007,ODbL 1.0,2026-10-03,2025-06-08,0.8,potwierdzone
node/12911079843,level,-1,OpenStreetMap,https://www.openstreetmap.org/node/12911079843,ODbL 1.0,2026-10-03,2025-07-07,0.8,potwierdzone
node/12911079844,level,-1,OpenStreetMap,https://www.openstreetmap.org/node/12911079844,ODbL 1.0,2026-10-03,2025-06-12,0.8,potwierdzone
node/12911079845,level,-1,OpenStreetMap,https://www.openstreetmap.org/node/12911079845,ODbL 1.0,2026-10-03,2025-07-28,0.8,potwierdzone
node/12911263305,level,1,OpenStreetMap,https://www.openstreetmap.org/node/12911263305,ODbL 1.0,2026-10-03,,0.5,prawdopodobne
node/12999925383,level,-1,OpenStreetMap,https://www.openstreetmap.org/node/12999925383,ODbL 1.0,2026-10-03,,0.5,prawdopodobne
node/12999925388,level,-1,OpenStreetMap,https://www.openstreetmap.org/node/12999925388,ODbL 1.0,2026-10-03,,0.5,prawdopodobne
node/13040175036,wheelchair,yes,OpenStreetMap,https://www.openstreetmap.org/node/13040175036,ODbL 1.0,2026-10-03,,0.5,prawdopodobne
node/13042566491,bench,no,OpenStreetMap,https://www.openstreetmap.org/node/13042566491,ODbL 1.0,2026-10-03,,0.5,prawdopodobne
node/13046172254,wheelchair,yes,OpenStreetMap,https://www.openstreetmap.org/node/13046172254,ODbL 1.0,2026-10-03,,0.5,prawdopodobne
node/13050937462,wheelchair,no,OpenStreetMap,https://www.openstreetmap.org/node/13050937462,ODbL 1.0,2026-10-03,2026-07-13,0.8,potwierdzone
node/13050937462,level,0,OpenStreetMap,https://www.openstreetmap.org/node/13050937462,ODbL 1.0,2026-10-03,2026-07-13,0.8,potwierdzone
node/13056594802,wheelchair,yes,OpenStreetMap,https://www.openstreetmap.org/node/13056594802,ODbL 1.0,2026-10-03,,0.5,prawdopodobne
node/13056725404,level,-1,OpenStreetMap,https://www.openstreetmap.org/node/13056725404,ODbL 1.0,2026-10-03,,0.5,prawdopodobne
node/13056725405,level,-1,OpenStreetMap,https://www.openstreetmap.org/node/13056725405,ODbL 1.0,2026-10-03,,0.5,prawdopodobne
node/13056725406,level,-1,OpenStreetMap,https://www.openstreetmap.org/node/13056725406,ODbL 1.0,2026-10-03,,0.5,prawdopodobne
node/13086731001,lit,no,OpenStreetMap,https://www.openstreetmap.org/node/13086731001,ODbL 1.0,2026-10-03,,0.5,prawdopodobne
node/13088978667,wheelchair,yes,OpenStreetMap,https://www.openstreetmap.org/node/13088978667,ODbL 1.0,2026-10-03,,0.5,prawdopodobne
node/13098249964,level,-1,OpenStreetMap,https://www.openstreetmap.org/node/13098249964,ODbL 1.0,2026-10-03,,0.5,prawdopodobne
node/13098249965,level,0,OpenStreetMap,https://www.openstreetmap.org/node/13098249965,ODbL 1.0,2026-10-03,,0.5,prawdopodobne
node/13128932305,level,0,OpenStreetMap,https://www.openstreetmap.org/node/13128932305,ODbL 1.0,2026-10-03,,0.5,prawdopodobne
node/13129001719,level,-1,OpenStreetMap,https://www.openstreetmap.org/node/13129001719,ODbL 1.0,2026-10-03,,0.5,prawdopodobne
node/13129001720,level,1,OpenStreetMap,https://www.openstreetmap.org/node/13129001720,ODbL 1.0,2026-10-03,,0.5,prawdopodobne
node/13129001722,level,-1,OpenStreetMap,https://www.openstreetmap.org/node/13129001722,ODbL 1.0,2026-10-03,2025-09-08,0.8,potwierdzone
node/13129001723,level,-1,OpenStreetMap,https://www.openstreetmap.org/node/13129001723,ODbL 1.0,2026-10-03,,0.5,prawdopodobne
node/13131314827,level,0,OpenStreetMap,https://www.openstreetmap.org/node/13131314827,ODbL 1.0,2026-10-03,,0.5,prawdopodobne
node/13136089017,wheelchair,no,OpenStreetMap,https://www.openstreetmap.org/node/13136089017,ODbL 1.0,2026-10-03,2025-09-11,0.8,potwierdzone
node/13136089017,level,1,OpenStreetMap,https://www.openstreetmap.org/node/13136089017,ODbL 1.0,2026-10-03,2025-09-11,0.8,potwierdzone
node/13142158881,wheelchair,no,OpenStreetMap,https://www.openstreetmap.org/node/13142158881,ODbL 1.0,2026-10-03,2025-09-13,0.8,potwierdzone
node/13165385177,wheelchair,yes,OpenStreetMap,https://www.openstreetmap.org/node/13165385177,ODbL 1.0,2026-10-03,,0.5,prawdopodobne
node/13234126983,wheelchair,no,OpenStreetMap,https://www.openstreetmap.org/node/13234126983,ODbL 1.0,2026-10-03,2025-12-09,0.8,potwierdzone
node/13234126983,level,0,OpenStreetMap,https://www.openstreetmap.org/node/13234126983,ODbL 1.0,2026-10-03,2025-12-09,0.8,potwierdzone
node/13302024673,wheelchair,no,OpenStreetMap,https://www.openstreetmap.org/node/13302024673,ODbL 1.0,2026-10-03,2026-03-24,0.8,potwierdzone
node/13302024674,wheelchair,no,OpenStreetMap,https://www.openstreetmap.org/node/13302024674,ODbL 1.0,2026-10-03,2026-02-22,0.8,potwierdzone
node/13316261808,wheelchair,no,OpenStreetMap,https://www.openstreetmap.org/node/13316261808,ODbL 1.0,2026-10-03,,0.5,prawdopodobne
node/13364384631,level,-1,OpenStreetMap,https://www.openstreetmap.org/node/13364384631,ODbL 1.0,2026-10-03,2025-12-09,0.8,potwierdzone
node/13369519853,level,0,OpenStreetMap,https://www.openstreetmap.org/node/13369519853,ODbL 1.0,2026-10-03,,0.5,prawdopodobne
node/13566162836,level,0,OpenStreetMap,https://www.openstreetmap.org/node/13566162836,ODbL 1.0,2026-10-03,2026-08-21,0.8,potwierdzone
node/13580233565,wheelchair,no,OpenStreetMap,https://www.openstreetmap.org/node/13580233565,ODbL 1.0,2026-10-03,,0.5,prawdopodobne
node/13593962935,level,-1,OpenStreetMap,https://www.openstreetmap.org/node/13593962935,ODbL 1.0,2026-10-03,,0.5,prawdopodobne
node/13672003601,level,0,OpenStreetMap,https://www.openstreetmap.org/node/13672003601,ODbL 1.0,2026-10-03,2026-03-23,0.8,potwierdzone
node/13732394761,level,0,OpenStreetMap,https://www.openstreetmap.org/node/13732394761,ODbL 1.0,2026-10-03,,0.5,prawdopodobne
node/13732394762,level,0,OpenStreetMap,https://www.openstreetmap.org/node/13732394762,ODbL 1.0,2026-10-03,,0.5,prawdopodobne
node/13732394763,level,0,OpenStreetMap,https://www.openstreetmap.org/node/13732394763,ODbL 1.0,2026-10-03,,0.5,prawdopodobne
node/13732394764,level,0,OpenStreetMap,https://www.openstreetmap.org/node/13732394764,ODbL 1.0,2026-10-03,,0.5,prawdopodobne
node/13732394765,level,0,OpenStreetMap,https://www.openstreetmap.org/node/13732394765,ODbL 1.0,2026-10-03,,0.5,prawdopodobne
node/13732394766,level,0,OpenStreetMap,https://www.openstreetmap.org/node/13732394766,ODbL 1.0,2026-10-03,,0.5,prawdopodobne
node/13732394767,level,0,OpenStreetMap,https://www.openstreetmap.org/node/13732394767,ODbL 1.0,2026-10-03,,0.5,prawdopodobne
node/13732394768,wheelchair,yes,OpenStreetMap,https://www.openstreetmap.org/node/13732394768,ODbL 1.0,2026-10-03,,0.5,prawdopodobne
node/13732394768,level,0,OpenStreetMap,https://www.openstreetmap.org/node/13732394768,ODbL 1.0,2026-10-03,,0.5,prawdopodobne
node/13732394769,level,0,OpenStreetMap,https://www.openstreetmap.org/node/13732394769,ODbL 1.0,2026-10-03,,0.5,prawdopodobne
node/13732394770,level,0,OpenStreetMap,https://www.openstreetmap.org/node/13732394770,ODbL 1.0,2026-10-03,,0.5,prawdopodobne
node/13732394771,level,0,OpenStreetMap,https://www.openstreetmap.org/node/13732394771,ODbL 1.0,2026-10-03,,0.5,prawdopodobne
node/13732394772,level,0,OpenStreetMap,https://www.openstreetmap.org/node/13732394772,ODbL 1.0,2026-10-03,,0.5,prawdopodobne
node/13732394773,level,0,OpenStreetMap,https://www.openstreetmap.org/node/13732394773,ODbL 1.0,2026-10-03,,0.5,prawdopodobne
node/13732394774,level,0,OpenStreetMap,https://www.openstreetmap.org/node/13732394774,ODbL 1.0,2026-10-03,,0.5,prawdopodobne
node/13732394775,level,0,OpenStreetMap,https://www.openstreetmap.org/node/13732394775,ODbL 1.0,2026-10-03,,0.5,prawdopodobne
node/13732394776,level,0,OpenStreetMap,https://www.openstreetmap.org/node/13732394776,ODbL 1.0,2026-10-03,,0.5,prawdopodobne
node/13732394777,level,0,OpenStreetMap,https://www.openstreetmap.org/node/13732394777,ODbL 1.0,2026-10-03,,0.5,prawdopodobne
node/13732394778,level,0,OpenStreetMap,https://www.openstreetmap.org/node/13732394778,ODbL 1.0,2026-10-03,,0.5,prawdopodobne
node/13732394779,level,0,OpenStreetMap,https://www.openstreetmap.org/node/13732394779,ODbL 1.0,2026-10-03,,0.5,prawdopodobne
node/13732394780,level,0,OpenStreetMap,https://www.openstreetmap.org/node/13732394780,ODbL 1.0,2026-10-03,,0.5,prawdopodobne
node/13732394787,level,0,OpenStreetMap,https://www.openstreetmap.org/node/13732394787,ODbL 1.0,2026-10-03,,0.5,prawdopodobne
node/13732394788,level,0,OpenStreetMap,https://www.openstreetmap.org/node/13732394788,ODbL 1.0,2026-10-03,,0.5,prawdopodobne
node/13732466909,level,0,OpenStreetMap,https://www.openstreetmap.org/node/13732466909,ODbL 1.0,2026-10-03,,0.5,prawdopodobne
node/13732466910,level,0,OpenStreetMap,https://www.openstreetmap.org/node/13732466910,ODbL 1.0,2026-10-03,,0.5,prawdopodobne
node/13732466911,level,0,OpenStreetMap,https://www.openstreetmap.org/node/13732466911,ODbL 1.0,2026-10-03,,0.5,prawdopodobne
node/13904539901,level,0,OpenStreetMap,https://www.openstreetmap.org/node/13904539901,ODbL 1.0,2026-10-03,2026-06-02,0.8,potwierdzone
node/13923693698,bench,yes,OpenStreetMap,https://www.openstreetmap.org/node/13923693698,ODbL 1.0,2026-10-03,,0.5,prawdopodobne
node/13924050717,wheelchair,yes,OpenStreetMap,https://www.openstreetmap.org/node/13924050717,ODbL 1.0,2026-10-03,,0.5,prawdopodobne
node/13924050717,bench,no,OpenStreetMap,https://www.openstreetmap.org/node/13924050717,ODbL 1.0,2026-10-03,,0.5,prawdopodobne
node/13924050717,tactile_paving,no,OpenStreetMap,https://www.openstreetmap.org/node/13924050717,ODbL 1.0,2026-10-03,,0.5,prawdopodobne
node/13924050717,lit,no,OpenStreetMap,https://www.openstreetmap.org/node/13924050717,ODbL 1.0,2026-10-03,,0.5,prawdopodobne
node/13937146446,wheelchair,yes,OpenStreetMap,https://www.openstreetmap.org/node/13937146446,ODbL 1.0,2026-10-03,,0.5,prawdopodobne
node/13937146446,bench,yes,OpenStreetMap,https://www.openstreetmap.org/node/13937146446,ODbL 1.0,2026-10-03,,0.5,prawdopodobne
node/13987747884,tactile_paving,no,OpenStreetMap,https://www.openstreetmap.org/node/13987747884,ODbL 1.0,2026-10-03,,0.5,prawdopodobne
node/13987747885,tactile_paving,no,OpenStreetMap,https://www.openstreetmap.org/node/13987747885,ODbL 1.0,2026-10-03,,0.5,prawdopodobne
node/13987866361,wheelchair,yes,OpenStreetMap,https://www.openstreetmap.org/node/13987866361,ODbL 1.0,2026-10-03,,0.5,prawdopodobne
node/13987866361,bench,yes,OpenStreetMap,https://www.openstreetmap.org/node/13987866361,ODbL 1.0,2026-10-03,,0.5,prawdopodobne
node/13987866361,tactile_paving,no,OpenStreetMap,https://www.openstreetmap.org/node/13987866361,ODbL 1.0,2026-10-03,,0.5,prawdopodobne
node/13987866361,lit,yes,OpenStreetMap,https://www.openstreetmap.org/node/13987866361,ODbL 1.0,2026-10-03,,0.5,prawdopodobne
node/13987890119,wheelchair,yes,OpenStreetMap,https://www.openstreetmap.org/node/13987890119,ODbL 1.0,2026-10-03,,0.5,prawdopodobne
node/13987890119,bench,yes,OpenStreetMap,https://www.openstreetmap.org/node/13987890119,ODbL 1.0,2026-10-03,,0.5,prawdopodobne
node/13987890119,tactile_paving,no,OpenStreetMap,https://www.openstreetmap.org/node/13987890119,ODbL 1.0,2026-10-03,,0.5,prawdopodobne
node/13987890119,lit,no,OpenStreetMap,https://www.openstreetmap.org/node/13987890119,ODbL 1.0,2026-10-03,,0.5,prawdopodobne
node/13987927802,wheelchair,yes,OpenStreetMap,https://www.openstreetmap.org/node/13987927802,ODbL 1.0,2026-10-03,,0.5,prawdopodobne
node/13987927802,bench,yes,OpenStreetMap,https://www.openstreetmap.org/node/13987927802,ODbL 1.0,2026-10-03,,0.5,prawdopodobne
node/13987927802,tactile_paving,yes,OpenStreetMap,https://www.openstreetmap.org/node/13987927802,ODbL 1.0,2026-10-03,,0.5,prawdopodobne
node/13987927802,lit,yes,OpenStreetMap,https://www.openstreetmap.org/node/13987927802,ODbL 1.0,2026-10-03,,0.5,prawdopodobne
node/13987927811,wheelchair,yes,OpenStreetMap,https://www.openstreetmap.org/node/13987927811,ODbL 1.0,2026-10-03,,0.5,prawdopodobne
node/13987927811,bench,yes,OpenStreetMap,https://www.openstreetmap.org/node/13987927811,ODbL 1.0,2026-10-03,,0.5,prawdopodobne
node/13987927811,tactile_paving,yes,OpenStreetMap,https://www.openstreetmap.org/node/13987927811,ODbL 1.0,2026-10-03,,0.5,prawdopodobne
node/13987927811,lit,yes,OpenStreetMap,https://www.openstreetmap.org/node/13987927811,ODbL 1.0,2026-10-03,,0.5,prawdopodobne
node/13987927825,wheelchair,yes,OpenStreetMap,https://www.openstreetmap.org/node/13987927825,ODbL 1.0,2026-10-03,,0.5,prawdopodobne
node/13987927825,bench,yes,OpenStreetMap,https://www.openstreetmap.org/node/13987927825,ODbL 1.0,2026-10-03,,0.5,prawdopodobne
node/13987927825,tactile_paving,no,OpenStreetMap,https://www.openstreetmap.org/node/13987927825,ODbL 1.0,2026-10-03,,0.5,prawdopodobne
node/13987927825,lit,yes,OpenStreetMap,https://www.openstreetmap.org/node/13987927825,ODbL 1.0,2026-10-03,,0.5,prawdopodobne
node/14014395669,level,"3,4,5",OpenStreetMap,https://www.openstreetmap.org/node/14014395669,ODbL 1.0,2026-10-03,,0.5,prawdopodobne
node/14031210214,wheelchair,yes,OpenStreetMap,https://www.openstreetmap.org/node/14031210214,ODbL 1.0,2026-10-03,,0.5,prawdopodobne
node/14051760084,wheelchair,no,OpenStreetMap,https://www.openstreetmap.org/node/14051760084,ODbL 1.0,2026-10-03,,0.5,prawdopodobne
node/14051760084,level,0,OpenStreetMap,https://www.openstreetmap.org/node/14051760084,ODbL 1.0,2026-10-03,,0.5,prawdopodobne
node/14080071324,level,0,OpenStreetMap,https://www.openstreetmap.org/node/14080071324,ODbL 1.0,2026-10-03,2026-08-08,0.8,potwierdzone
node/14110286737,level,1,OpenStreetMap,https://www.openstreetmap.org/node/14110286737,ODbL 1.0,2026-10-03,,0.5,prawdopodobne
node/14159580701,level,0,OpenStreetMap,https://www.openstreetmap.org/node/14159580701,ODbL 1.0,2026-10-03,2026-09-07,0.8,potwierdzone
node/14182957131,wheelchair,yes,OpenStreetMap,https://www.openstreetmap.org/node/14182957131,ODbL 1.0,2026-10-03,,0.5,prawdopodobne
node/14184910751,level,1,OpenStreetMap,https://www.openstreetmap.org/node/14184910751,ODbL 1.0,2026-10-03,,0.5,prawdopodobne
node/14213615998,wheelchair,no,OpenStreetMap,https://www.openstreetmap.org/node/14213615998,ODbL 1.0,2026-10-03,2026-09-25,0.8,potwierdzone
node/14216138075,wheelchair,no,OpenStreetMap,https://www.openstreetmap.org/node/14216138075,ODbL 1.0,2026-10-03,2026-09-25,0.8,potwierdzone
node/14229245925,level,1,OpenStreetMap,https://www.openstreetmap.org/node/14229245925,ODbL 1.0,2026-10-03,,0.5,prawdopodobne
node/14235360228,wheelchair,limited,OpenStreetMap,https://www.openstreetmap.org/node/14235360228,ODbL 1.0,2026-10-03,2026-09-30,0.8,potwierdzone
relation/1863002,wheelchair,no,OpenStreetMap,https://www.openstreetmap.org/relation/1863002,ODbL 1.0,2026-10-03,,0.5,prawdopodobne
relation/5725738,wheelchair,yes,OpenStreetMap,https://www.openstreetmap.org/relation/5725738,ODbL 1.0,2026-10-03,,0.5,prawdopodobne
relation/6055306,wheelchair,yes,OpenStreetMap,https://www.openstreetmap.org/relation/6055306,ODbL 1.0,2026-10-03,,0.5,prawdopodobne
relation/6334772,lit,yes,OpenStreetMap,https://www.openstreetmap.org/relation/6334772,ODbL 1.0,2026-10-03,,0.5,prawdopodobne
relation/9624017,wheelchair,yes,OpenStreetMap,https://www.openstreetmap.org/relation/9624017,ODbL 1.0,2026-10-03,,0.5,prawdopodobne
relation/10180236,bench,yes,OpenStreetMap,https://www.openstreetmap.org/relation/10180236,ODbL 1.0,2026-10-03,,0.5,prawdopodobne
relation/10180236,lit,yes,OpenStreetMap,https://www.openstreetmap.org/relation/10180236,ODbL 1.0,2026-10-03,,0.5,prawdopodobne
relation/11031495,bench,yes,OpenStreetMap,https://www.openstreetmap.org/relation/11031495,ODbL 1.0,2026-10-03,,0.5,prawdopodobne
relation/11031495,tactile_paving,yes,OpenStreetMap,https://www.openstreetmap.org/relation/11031495,ODbL 1.0,2026-10-03,,0.5,prawdopodobne
relation/11031495,level,0,OpenStreetMap,https://www.openstreetmap.org/relation/11031495,ODbL 1.0,2026-10-03,,0.5,prawdopodobne
relation/11031495,lit,yes,OpenStreetMap,https://www.openstreetmap.org/relation/11031495,ODbL 1.0,2026-10-03,,0.5,prawdopodobne
relation/11031496,bench,yes,OpenStreetMap,https://www.openstreetmap.org/relation/11031496,ODbL 1.0,2026-10-03,,0.5,prawdopodobne
relation/11031496,tactile_paving,yes,OpenStreetMap,https://www.openstreetmap.org/relation/11031496,ODbL 1.0,2026-10-03,,0.5,prawdopodobne
relation/11031496,level,0,OpenStreetMap,https://www.openstreetmap.org/relation/11031496,ODbL 1.0,2026-10-03,,0.5,prawdopodobne
relation/11031496,lit,yes,OpenStreetMap,https://www.openstreetmap.org/relation/11031496,ODbL 1.0,2026-10-03,,0.5,prawdopodobne
relation/11031497,bench,yes,OpenStreetMap,https://www.openstreetmap.org/relation/11031497,ODbL 1.0,2026-10-03,,0.5,prawdopodobne
relation/11031497,tactile_paving,yes,OpenStreetMap,https://www.openstreetmap.org/relation/11031497,ODbL 1.0,2026-10-03,,0.5,prawdopodobne
relation/11031497,level,0,OpenStreetMap,https://www.openstreetmap.org/relation/11031497,ODbL 1.0,2026-10-03,,0.5,prawdopodobne
relation/11031497,lit,yes,OpenStreetMap,https://www.openstreetmap.org/relation/11031497,ODbL 1.0,2026-10-03,,0.5,prawdopodobne
relation/11031498,bench,yes,OpenStreetMap,https://www.openstreetmap.org/relation/11031498,ODbL 1.0,2026-10-03,,0.5,prawdopodobne
relation/11031498,tactile_paving,yes,OpenStreetMap,https://www.openstreetmap.org/relation/11031498,ODbL 1.0,2026-10-03,,0.5,prawdopodobne
relation/11031498,level,0,OpenStreetMap,https://www.openstreetmap.org/relation/11031498,ODbL 1.0,2026-10-03,,0.5,prawdopodobne
relation/11031498,lit,yes,OpenStreetMap,https://www.openstreetmap.org/relation/11031498,ODbL 1.0,2026-10-03,,0.5,prawdopodobne
relation/11031499,bench,yes,OpenStreetMap,https://www.openstreetmap.org/relation/11031499,ODbL 1.0,2026-10-03,,0.5,prawdopodobne
relation/11031499,tactile_paving,yes,OpenStreetMap,https://www.openstreetmap.org/relation/11031499,ODbL 1.0,2026-10-03,,0.5,prawdopodobne
relation/11031499,level,0,OpenStreetMap,https://www.openstreetmap.org/relation/11031499,ODbL 1.0,2026-10-03,,0.5,prawdopodobne
relation/11031499,lit,yes,OpenStreetMap,https://www.openstreetmap.org/relation/11031499,ODbL 1.0,2026-10-03,,0.5,prawdopodobne
relation/13562708,wheelchair,limited,OpenStreetMap,https://www.openstreetmap.org/relation/13562708,ODbL 1.0,2026-10-03,,0.5,prawdopodobne
relation/19744067,bench,yes,OpenStreetMap,https://www.openstreetmap.org/relation/19744067,ODbL 1.0,2026-10-03,,0.5,prawdopodobne
relation/19744067,tactile_paving,no,OpenStreetMap,https://www.openstreetmap.org/relation/19744067,ODbL 1.0,2026-10-03,,0.5,prawdopodobne
relation/19744067,lit,yes,OpenStreetMap,https://www.openstreetmap.org/relation/19744067,ODbL 1.0,2026-10-03,,0.5,prawdopodobne
relation/21055421,bench,yes,OpenStreetMap,https://www.openstreetmap.org/relation/21055421,ODbL 1.0,2026-10-03,,0.5,prawdopodobne
relation/21055421,tactile_paving,yes,OpenStreetMap,https://www.openstreetmap.org/relation/21055421,ODbL 1.0,2026-10-03,,0.5,prawdopodobne
relation/21055421,level,1,OpenStreetMap,https://www.openstreetmap.org/relation/21055421,ODbL 1.0,2026-10-03,,0.5,prawdopodobne
relation/21055421,lit,yes,OpenStreetMap,https://www.openstreetmap.org/relation/21055421,ODbL 1.0,2026-10-03,,0.5,prawdopodobne
relation/21055422,bench,yes,OpenStreetMap,https://www.openstreetmap.org/relation/21055422,ODbL 1.0,2026-10-03,,0.5,prawdopodobne
relation/21055422,tactile_paving,yes,OpenStreetMap,https://www.openstreetmap.org/relation/21055422,ODbL 1.0,2026-10-03,,0.5,prawdopodobne
relation/21055422,level,1,OpenStreetMap,https://www.openstreetmap.org/relation/21055422,ODbL 1.0,2026-10-03,,0.5,prawdopodobne
relation/21055422,lit,yes,OpenStreetMap,https://www.openstreetmap.org/relation/21055422,ODbL 1.0,2026-10-03,,0.5,prawdopodobne
way/3989492,wheelchair,yes,OpenStreetMap,https://www.openstreetmap.org/way/3989492,ODbL 1.0,2026-10-03,,0.5,prawdopodobne
way/3989492,lit,yes,OpenStreetMap,https://www.openstreetmap.org/way/3989492,ODbL 1.0,2026-10-03,,0.5,prawdopodobne
way/23256528,wheelchair,yes,OpenStreetMap,https://www.openstreetmap.org/way/23256528,ODbL 1.0,2026-10-03,,0.5,prawdopodobne
way/25122842,wheelchair,no,OpenStreetMap,https://www.openstreetmap.org/way/25122842,ODbL 1.0,2026-10-03,,0.5,prawdopodobne
way/26195267,wheelchair,yes,OpenStreetMap,https://www.openstreetmap.org/way/26195267,ODbL 1.0,2026-10-03,,0.5,prawdopodobne
way/29271073,wheelchair,no,OpenStreetMap,https://www.openstreetmap.org/way/29271073,ODbL 1.0,2026-10-03,2024-08-23,0.79,prawdopodobne
way/29327226,wheelchair,yes,OpenStreetMap,https://www.openstreetmap.org/way/29327226,ODbL 1.0,2026-10-03,2026-08-28,0.8,potwierdzone
way/39357538,wheelchair,yes,OpenStreetMap,https://www.openstreetmap.org/way/39357538,ODbL 1.0,2026-10-03,,0.5,prawdopodobne
way/39357541,wheelchair,no,OpenStreetMap,https://www.openstreetmap.org/way/39357541,ODbL 1.0,2026-10-03,2026-09-27,0.8,potwierdzone
way/39357573,wheelchair,limited,OpenStreetMap,https://www.openstreetmap.org/way/39357573,ODbL 1.0,2026-10-03,2023-06-06,0.62,prawdopodobne
way/39357573,toilets:wheelchair,no,OpenStreetMap,https://www.openstreetmap.org/way/39357573,ODbL 1.0,2026-10-03,2023-06-06,0.62,prawdopodobne
way/39393928,wheelchair,no,OpenStreetMap,https://www.openstreetmap.org/way/39393928,ODbL 1.0,2026-10-03,,0.5,prawdopodobne
way/44135136,wheelchair,limited,OpenStreetMap,https://www.openstreetmap.org/way/44135136,ODbL 1.0,2026-10-03,,0.5,prawdopodobne
way/44135291,wheelchair,yes,OpenStreetMap,https://www.openstreetmap.org/way/44135291,ODbL 1.0,2026-10-03,,0.5,prawdopodobne
way/60420313,lit,no,OpenStreetMap,https://www.openstreetmap.org/way/60420313,ODbL 1.0,2026-10-03,,0.5,prawdopodobne
way/60420328,wheelchair,yes,OpenStreetMap,https://www.openstreetmap.org/way/60420328,ODbL 1.0,2026-10-03,,0.5,prawdopodobne
way/60420330,lit,no,OpenStreetMap,https://www.openstreetmap.org/way/60420330,ODbL 1.0,2026-10-03,,0.5,prawdopodobne
way/60420332,lit,no,OpenStreetMap,https://www.openstreetmap.org/way/60420332,ODbL 1.0,2026-10-03,,0.5,prawdopodobne
way/80042146,lit,no,OpenStreetMap,https://www.openstreetmap.org/way/80042146,ODbL 1.0,2026-10-03,,0.5,prawdopodobne
way/85151350,wheelchair,yes,OpenStreetMap,https://www.openstreetmap.org/way/85151350,ODbL 1.0,2026-10-03,,0.5,prawdopodobne
way/85151350,level,0,OpenStreetMap,https://www.openstreetmap.org/way/85151350,ODbL 1.0,2026-10-03,,0.5,prawdopodobne
way/85676236,wheelchair,yes,OpenStreetMap,https://www.openstreetmap.org/way/85676236,ODbL 1.0,2026-10-03,2026-02-11,0.8,potwierdzone
way/87527963,wheelchair,limited,OpenStreetMap,https://www.openstreetmap.org/way/87527963,ODbL 1.0,2026-10-03,,0.5,prawdopodobne
way/87527970,wheelchair,yes,OpenStreetMap,https://www.openstreetmap.org/way/87527970,ODbL 1.0,2026-10-03,,0.5,prawdopodobne
way/87527975,wheelchair,no,OpenStreetMap,https://www.openstreetmap.org/way/87527975,ODbL 1.0,2026-10-03,,0.5,prawdopodobne
way/87527976,wheelchair,yes,OpenStreetMap,https://www.openstreetmap.org/way/87527976,ODbL 1.0,2026-10-03,,0.5,prawdopodobne
way/100311356,lit,no,OpenStreetMap,https://www.openstreetmap.org/way/100311356,ODbL 1.0,2026-10-03,,0.5,prawdopodobne
way/100311357,lit,no,OpenStreetMap,https://www.openstreetmap.org/way/100311357,ODbL 1.0,2026-10-03,,0.5,prawdopodobne
way/117749419,wheelchair,yes,OpenStreetMap,https://www.openstreetmap.org/way/117749419,ODbL 1.0,2026-10-03,,0.5,prawdopodobne
way/117749419,lit,yes,OpenStreetMap,https://www.openstreetmap.org/way/117749419,ODbL 1.0,2026-10-03,,0.5,prawdopodobne
way/122926275,wheelchair,yes,OpenStreetMap,https://www.openstreetmap.org/way/122926275,ODbL 1.0,2026-10-03,,0.5,prawdopodobne
way/128130589,wheelchair,yes,OpenStreetMap,https://www.openstreetmap.org/way/128130589,ODbL 1.0,2026-10-03,,0.5,prawdopodobne
way/136648568,wheelchair,yes,OpenStreetMap,https://www.openstreetmap.org/way/136648568,ODbL 1.0,2026-10-03,,0.5,prawdopodobne
way/137068991,lit,no,OpenStreetMap,https://www.openstreetmap.org/way/137068991,ODbL 1.0,2026-10-03,,0.5,prawdopodobne
way/137069001,lit,yes,OpenStreetMap,https://www.openstreetmap.org/way/137069001,ODbL 1.0,2026-10-03,,0.5,prawdopodobne
way/137069002,lit,no,OpenStreetMap,https://www.openstreetmap.org/way/137069002,ODbL 1.0,2026-10-03,,0.5,prawdopodobne
way/137069011,lit,yes,OpenStreetMap,https://www.openstreetmap.org/way/137069011,ODbL 1.0,2026-10-03,,0.5,prawdopodobne
way/138025140,wheelchair,yes,OpenStreetMap,https://www.openstreetmap.org/way/138025140,ODbL 1.0,2026-10-03,,0.5,prawdopodobne
way/151913830,wheelchair,yes,OpenStreetMap,https://www.openstreetmap.org/way/151913830,ODbL 1.0,2026-10-03,2026-08-22,0.8,potwierdzone
way/151913832,wheelchair,yes,OpenStreetMap,https://www.openstreetmap.org/way/151913832,ODbL 1.0,2026-10-03,,0.5,prawdopodobne
way/151913840,wheelchair,yes,OpenStreetMap,https://www.openstreetmap.org/way/151913840,ODbL 1.0,2026-10-03,,0.5,prawdopodobne
way/151913841,wheelchair,yes,OpenStreetMap,https://www.openstreetmap.org/way/151913841,ODbL 1.0,2026-10-03,,0.5,prawdopodobne
way/151913843,wheelchair,no,OpenStreetMap,https://www.openstreetmap.org/way/151913843,ODbL 1.0,2026-10-03,2026-09-26,0.8,potwierdzone
way/151913843,level,-1,OpenStreetMap,https://www.openstreetmap.org/way/151913843,ODbL 1.0,2026-10-03,2026-09-26,0.8,potwierdzone
way/152104744,wheelchair,limited,OpenStreetMap,https://www.openstreetmap.org/way/152104744,ODbL 1.0,2026-10-03,,0.5,prawdopodobne
way/152104759,wheelchair,no,OpenStreetMap,https://www.openstreetmap.org/way/152104759,ODbL 1.0,2026-10-03,2025-09-30,0.8,potwierdzone
way/152334102,wheelchair,limited,OpenStreetMap,https://www.openstreetmap.org/way/152334102,ODbL 1.0,2026-10-03,,0.5,prawdopodobne
way/153033850,wheelchair,yes,OpenStreetMap,https://www.openstreetmap.org/way/153033850,ODbL 1.0,2026-10-03,2026-07-18,0.8,potwierdzone
way/153033850,toilets:wheelchair,yes,OpenStreetMap,https://www.openstreetmap.org/way/153033850,ODbL 1.0,2026-10-03,2026-07-18,0.8,potwierdzone
way/153173384,wheelchair,yes,OpenStreetMap,https://www.openstreetmap.org/way/153173384,ODbL 1.0,2026-10-03,,0.5,prawdopodobne
way/153173489,wheelchair,yes,OpenStreetMap,https://www.openstreetmap.org/way/153173489,ODbL 1.0,2026-10-03,,0.5,prawdopodobne
way/153988919,wheelchair,yes,OpenStreetMap,https://www.openstreetmap.org/way/153988919,ODbL 1.0,2026-10-03,2026-07-18,0.8,potwierdzone
way/158256306,wheelchair,yes,OpenStreetMap,https://www.openstreetmap.org/way/158256306,ODbL 1.0,2026-10-03,,0.5,prawdopodobne
way/158256306,bench,yes,OpenStreetMap,https://www.openstreetmap.org/way/158256306,ODbL 1.0,2026-10-03,,0.5,prawdopodobne
way/158256306,tactile_paving,no,OpenStreetMap,https://www.openstreetmap.org/way/158256306,ODbL 1.0,2026-10-03,,0.5,prawdopodobne
way/158256306,lit,yes,OpenStreetMap,https://www.openstreetmap.org/way/158256306,ODbL 1.0,2026-10-03,,0.5,prawdopodobne
way/162605865,lit,yes,OpenStreetMap,https://www.openstreetmap.org/way/162605865,ODbL 1.0,2026-10-03,,0.5,prawdopodobne
way/166311090,wheelchair,limited,OpenStreetMap,https://www.openstreetmap.org/way/166311090,ODbL 1.0,2026-10-03,,0.5,prawdopodobne
way/179162231,wheelchair,yes,OpenStreetMap,https://www.openstreetmap.org/way/179162231,ODbL 1.0,2026-10-03,,0.5,prawdopodobne
way/196358062,bench,yes,OpenStreetMap,https://www.openstreetmap.org/way/196358062,ODbL 1.0,2026-10-03,,0.5,prawdopodobne
way/196358062,tactile_paving,no,OpenStreetMap,https://www.openstreetmap.org/way/196358062,ODbL 1.0,2026-10-03,,0.5,prawdopodobne
way/196358062,lit,no,OpenStreetMap,https://www.openstreetmap.org/way/196358062,ODbL 1.0,2026-10-03,,0.5,prawdopodobne
way/199775383,wheelchair,yes,OpenStreetMap,https://www.openstreetmap.org/way/199775383,ODbL 1.0,2026-10-03,,0.5,prawdopodobne
way/201133718,wheelchair,yes,OpenStreetMap,https://www.openstreetmap.org/way/201133718,ODbL 1.0,2026-10-03,,0.5,prawdopodobne
way/203495624,wheelchair,limited,OpenStreetMap,https://www.openstreetmap.org/way/203495624,ODbL 1.0,2026-10-03,,0.5,prawdopodobne
way/203940384,wheelchair,yes,OpenStreetMap,https://www.openstreetmap.org/way/203940384,ODbL 1.0,2026-10-03,,0.5,prawdopodobne
way/216211345,wheelchair,yes,OpenStreetMap,https://www.openstreetmap.org/way/216211345,ODbL 1.0,2026-10-03,,0.5,prawdopodobne
way/216211345,bench,yes,OpenStreetMap,https://www.openstreetmap.org/way/216211345,ODbL 1.0,2026-10-03,,0.5,prawdopodobne
way/216211345,tactile_paving,yes,OpenStreetMap,https://www.openstreetmap.org/way/216211345,ODbL 1.0,2026-10-03,,0.5,prawdopodobne
way/216211345,lit,yes,OpenStreetMap,https://www.openstreetmap.org/way/216211345,ODbL 1.0,2026-10-03,,0.5,prawdopodobne
way/216211346,wheelchair,yes,OpenStreetMap,https://www.openstreetmap.org/way/216211346,ODbL 1.0,2026-10-03,,0.5,prawdopodobne
way/216211346,bench,yes,OpenStreetMap,https://www.openstreetmap.org/way/216211346,ODbL 1.0,2026-10-03,,0.5,prawdopodobne
way/216211346,tactile_paving,yes,OpenStreetMap,https://www.openstreetmap.org/way/216211346,ODbL 1.0,2026-10-03,,0.5,prawdopodobne
way/216211346,lit,yes,OpenStreetMap,https://www.openstreetmap.org/way/216211346,ODbL 1.0,2026-10-03,,0.5,prawdopodobne
way/216249973,lit,no,OpenStreetMap,https://www.openstreetmap.org/way/216249973,ODbL 1.0,2026-10-03,,0.5,prawdopodobne
way/218821363,wheelchair,limited,OpenStreetMap,https://www.openstreetmap.org/way/218821363,ODbL 1.0,2026-10-03,,0.5,prawdopodobne
way/233092319,wheelchair,limited,OpenStreetMap,https://www.openstreetmap.org/way/233092319,ODbL 1.0,2026-10-03,2026-02-07,0.8,potwierdzone
way/233373069,wheelchair,limited,OpenStreetMap,https://www.openstreetmap.org/way/233373069,ODbL 1.0,2026-10-03,2024-11-08,0.8,potwierdzone
way/233954795,bench,yes,OpenStreetMap,https://www.openstreetmap.org/way/233954795,ODbL 1.0,2026-10-03,,0.5,prawdopodobne
way/233954795,tactile_paving,yes,OpenStreetMap,https://www.openstreetmap.org/way/233954795,ODbL 1.0,2026-10-03,,0.5,prawdopodobne
way/233954795,lit,yes,OpenStreetMap,https://www.openstreetmap.org/way/233954795,ODbL 1.0,2026-10-03,,0.5,prawdopodobne
way/233954796,bench,yes,OpenStreetMap,https://www.openstreetmap.org/way/233954796,ODbL 1.0,2026-10-03,,0.5,prawdopodobne
way/233954796,tactile_paving,yes,OpenStreetMap,https://www.openstreetmap.org/way/233954796,ODbL 1.0,2026-10-03,,0.5,prawdopodobne
way/233954796,lit,yes,OpenStreetMap,https://www.openstreetmap.org/way/233954796,ODbL 1.0,2026-10-03,,0.5,prawdopodobne
way/233958136,bench,yes,OpenStreetMap,https://www.openstreetmap.org/way/233958136,ODbL 1.0,2026-10-03,,0.5,prawdopodobne
way/233958136,tactile_paving,yes,OpenStreetMap,https://www.openstreetmap.org/way/233958136,ODbL 1.0,2026-10-03,,0.5,prawdopodobne
way/233958136,lit,no,OpenStreetMap,https://www.openstreetmap.org/way/233958136,ODbL 1.0,2026-10-03,,0.5,prawdopodobne
way/233958137,bench,yes,OpenStreetMap,https://www.openstreetmap.org/way/233958137,ODbL 1.0,2026-10-03,,0.5,prawdopodobne
way/233958137,tactile_paving,yes,OpenStreetMap,https://www.openstreetmap.org/way/233958137,ODbL 1.0,2026-10-03,,0.5,prawdopodobne
way/233958137,lit,no,OpenStreetMap,https://www.openstreetmap.org/way/233958137,ODbL 1.0,2026-10-03,,0.5,prawdopodobne
way/233961129,wheelchair,yes,OpenStreetMap,https://www.openstreetmap.org/way/233961129,ODbL 1.0,2026-10-03,,0.5,prawdopodobne
way/233961129,bench,yes,OpenStreetMap,https://www.openstreetmap.org/way/233961129,ODbL 1.0,2026-10-03,,0.5,prawdopodobne
way/233961129,tactile_paving,yes,OpenStreetMap,https://www.openstreetmap.org/way/233961129,ODbL 1.0,2026-10-03,,0.5,prawdopodobne
way/233961129,lit,yes,OpenStreetMap,https://www.openstreetmap.org/way/233961129,ODbL 1.0,2026-10-03,,0.5,prawdopodobne
way/233962319,bench,yes,OpenStreetMap,https://www.openstreetmap.org/way/233962319,ODbL 1.0,2026-10-03,,0.5,prawdopodobne
way/233962319,tactile_paving,yes,OpenStreetMap,https://www.openstreetmap.org/way/233962319,ODbL 1.0,2026-10-03,,0.5,prawdopodobne
way/233962319,lit,yes,OpenStreetMap,https://www.openstreetmap.org/way/233962319,ODbL 1.0,2026-10-03,,0.5,prawdopodobne
way/233962320,wheelchair,yes,OpenStreetMap,https://www.openstreetmap.org/way/233962320,ODbL 1.0,2026-10-03,,0.5,prawdopodobne
way/233962320,bench,yes,OpenStreetMap,https://www.openstreetmap.org/way/233962320,ODbL 1.0,2026-10-03,,0.5,prawdopodobne
way/233962320,tactile_paving,yes,OpenStreetMap,https://www.openstreetmap.org/way/233962320,ODbL 1.0,2026-10-03,,0.5,prawdopodobne
way/233962320,lit,yes,OpenStreetMap,https://www.openstreetmap.org/way/233962320,ODbL 1.0,2026-10-03,,0.5,prawdopodobne
way/233962321,bench,yes,OpenStreetMap,https://www.openstreetmap.org/way/233962321,ODbL 1.0,2026-10-03,,0.5,prawdopodobne
way/233962321,tactile_paving,no,OpenStreetMap,https://www.openstreetmap.org/way/233962321,ODbL 1.0,2026-10-03,,0.5,prawdopodobne
way/233962321,lit,yes,OpenStreetMap,https://www.openstreetmap.org/way/233962321,ODbL 1.0,2026-10-03,,0.5,prawdopodobne
way/233980637,bench,yes,OpenStreetMap,https://www.openstreetmap.org/way/233980637,ODbL 1.0,2026-10-03,,0.5,prawdopodobne
way/233980637,tactile_paving,no,OpenStreetMap,https://www.openstreetmap.org/way/233980637,ODbL 1.0,2026-10-03,,0.5,prawdopodobne
way/233980637,lit,yes,OpenStreetMap,https://www.openstreetmap.org/way/233980637,ODbL 1.0,2026-10-03,,0.5,prawdopodobne
way/233980638,bench,yes,OpenStreetMap,https://www.openstreetmap.org/way/233980638,ODbL 1.0,2026-10-03,,0.5,prawdopodobne
way/233980638,tactile_paving,no,OpenStreetMap,https://www.openstreetmap.org/way/233980638,ODbL 1.0,2026-10-03,,0.5,prawdopodobne
way/233980638,lit,yes,OpenStreetMap,https://www.openstreetmap.org/way/233980638,ODbL 1.0,2026-10-03,,0.5,prawdopodobne
way/233980639,bench,yes,OpenStreetMap,https://www.openstreetmap.org/way/233980639,ODbL 1.0,2026-10-03,,0.5,prawdopodobne
way/233980639,tactile_paving,no,OpenStreetMap,https://www.openstreetmap.org/way/233980639,ODbL 1.0,2026-10-03,,0.5,prawdopodobne
way/233980639,lit,yes,OpenStreetMap,https://www.openstreetmap.org/way/233980639,ODbL 1.0,2026-10-03,,0.5,prawdopodobne
way/233980640,bench,yes,OpenStreetMap,https://www.openstreetmap.org/way/233980640,ODbL 1.0,2026-10-03,,0.5,prawdopodobne
way/233980640,tactile_paving,no,OpenStreetMap,https://www.openstreetmap.org/way/233980640,ODbL 1.0,2026-10-03,,0.5,prawdopodobne
way/233980640,lit,yes,OpenStreetMap,https://www.openstreetmap.org/way/233980640,ODbL 1.0,2026-10-03,,0.5,prawdopodobne
way/233981243,wheelchair,yes,OpenStreetMap,https://www.openstreetmap.org/way/233981243,ODbL 1.0,2026-10-03,,0.5,prawdopodobne
way/233981243,bench,yes,OpenStreetMap,https://www.openstreetmap.org/way/233981243,ODbL 1.0,2026-10-03,,0.5,prawdopodobne
way/233981243,tactile_paving,no,OpenStreetMap,https://www.openstreetmap.org/way/233981243,ODbL 1.0,2026-10-03,,0.5,prawdopodobne
way/233981243,lit,yes,OpenStreetMap,https://www.openstreetmap.org/way/233981243,ODbL 1.0,2026-10-03,,0.5,prawdopodobne
way/233981244,wheelchair,yes,OpenStreetMap,https://www.openstreetmap.org/way/233981244,ODbL 1.0,2026-10-03,,0.5,prawdopodobne
way/233981244,bench,yes,OpenStreetMap,https://www.openstreetmap.org/way/233981244,ODbL 1.0,2026-10-03,,0.5,prawdopodobne
way/233981244,tactile_paving,no,OpenStreetMap,https://www.openstreetmap.org/way/233981244,ODbL 1.0,2026-10-03,,0.5,prawdopodobne
way/233981244,lit,yes,OpenStreetMap,https://www.openstreetmap.org/way/233981244,ODbL 1.0,2026-10-03,,0.5,prawdopodobne
way/233981245,wheelchair,yes,OpenStreetMap,https://www.openstreetmap.org/way/233981245,ODbL 1.0,2026-10-03,,0.5,prawdopodobne
way/233981245,bench,yes,OpenStreetMap,https://www.openstreetmap.org/way/233981245,ODbL 1.0,2026-10-03,,0.5,prawdopodobne
way/233981245,tactile_paving,yes,OpenStreetMap,https://www.openstreetmap.org/way/233981245,ODbL 1.0,2026-10-03,,0.5,prawdopodobne
way/233981245,lit,yes,OpenStreetMap,https://www.openstreetmap.org/way/233981245,ODbL 1.0,2026-10-03,,0.5,prawdopodobne
way/233991664,bench,yes,OpenStreetMap,https://www.openstreetmap.org/way/233991664,ODbL 1.0,2026-10-03,,0.5,prawdopodobne
way/233991664,tactile_paving,no,OpenStreetMap,https://www.openstreetmap.org/way/233991664,ODbL 1.0,2026-10-03,,0.5,prawdopodobne
way/233991664,lit,yes,OpenStreetMap,https://www.openstreetmap.org/way/233991664,ODbL 1.0,2026-10-03,,0.5,prawdopodobne
way/233991665,wheelchair,yes,OpenStreetMap,https://www.openstreetmap.org/way/233991665,ODbL 1.0,2026-10-03,,0.5,prawdopodobne
way/233991665,bench,yes,OpenStreetMap,https://www.openstreetmap.org/way/233991665,ODbL 1.0,2026-10-03,,0.5,prawdopodobne
way/233991665,tactile_paving,yes,OpenStreetMap,https://www.openstreetmap.org/way/233991665,ODbL 1.0,2026-10-03,,0.5,prawdopodobne
way/233991665,lit,yes,OpenStreetMap,https://www.openstreetmap.org/way/233991665,ODbL 1.0,2026-10-03,,0.5,prawdopodobne
way/233991666,wheelchair,yes,OpenStreetMap,https://www.openstreetmap.org/way/233991666,ODbL 1.0,2026-10-03,,0.5,prawdopodobne
way/233991666,bench,yes,OpenStreetMap,https://www.openstreetmap.org/way/233991666,ODbL 1.0,2026-10-03,,0.5,prawdopodobne
way/233991666,tactile_paving,yes,OpenStreetMap,https://www.openstreetmap.org/way/233991666,ODbL 1.0,2026-10-03,,0.5,prawdopodobne
way/233991666,lit,yes,OpenStreetMap,https://www.openstreetmap.org/way/233991666,ODbL 1.0,2026-10-03,,0.5,prawdopodobne
way/233991667,wheelchair,yes,OpenStreetMap,https://www.openstreetmap.org/way/233991667,ODbL 1.0,2026-10-03,,0.5,prawdopodobne
way/233991667,bench,yes,OpenStreetMap,https://www.openstreetmap.org/way/233991667,ODbL 1.0,2026-10-03,,0.5,prawdopodobne
way/233991667,tactile_paving,yes,OpenStreetMap,https://www.openstreetmap.org/way/233991667,ODbL 1.0,2026-10-03,,0.5,prawdopodobne
way/233991667,lit,yes,OpenStreetMap,https://www.openstreetmap.org/way/233991667,ODbL 1.0,2026-10-03,,0.5,prawdopodobne
way/233996443,wheelchair,yes,OpenStreetMap,https://www.openstreetmap.org/way/233996443,ODbL 1.0,2026-10-03,,0.5,prawdopodobne
way/233996443,bench,yes,OpenStreetMap,https://www.openstreetmap.org/way/233996443,ODbL 1.0,2026-10-03,,0.5,prawdopodobne
way/233996443,tactile_paving,no,OpenStreetMap,https://www.openstreetmap.org/way/233996443,ODbL 1.0,2026-10-03,,0.5,prawdopodobne
way/233996443,lit,yes,OpenStreetMap,https://www.openstreetmap.org/way/233996443,ODbL 1.0,2026-10-03,,0.5,prawdopodobne
way/233996444,wheelchair,yes,OpenStreetMap,https://www.openstreetmap.org/way/233996444,ODbL 1.0,2026-10-03,,0.5,prawdopodobne
way/233996444,bench,yes,OpenStreetMap,https://www.openstreetmap.org/way/233996444,ODbL 1.0,2026-10-03,,0.5,prawdopodobne
way/233996444,tactile_paving,no,OpenStreetMap,https://www.openstreetmap.org/way/233996444,ODbL 1.0,2026-10-03,,0.5,prawdopodobne
way/233996444,lit,yes,OpenStreetMap,https://www.openstreetmap.org/way/233996444,ODbL 1.0,2026-10-03,,0.5,prawdopodobne
way/233998617,wheelchair,yes,OpenStreetMap,https://www.openstreetmap.org/way/233998617,ODbL 1.0,2026-10-03,,0.5,prawdopodobne
way/233998617,bench,yes,OpenStreetMap,https://www.openstreetmap.org/way/233998617,ODbL 1.0,2026-10-03,,0.5,prawdopodobne
way/233998617,tactile_paving,no,OpenStreetMap,https://www.openstreetmap.org/way/233998617,ODbL 1.0,2026-10-03,,0.5,prawdopodobne
way/233998617,lit,yes,OpenStreetMap,https://www.openstreetmap.org/way/233998617,ODbL 1.0,2026-10-03,,0.5,prawdopodobne
way/233998618,wheelchair,yes,OpenStreetMap,https://www.openstreetmap.org/way/233998618,ODbL 1.0,2026-10-03,,0.5,prawdopodobne
way/233998618,bench,yes,OpenStreetMap,https://www.openstreetmap.org/way/233998618,ODbL 1.0,2026-10-03,,0.5,prawdopodobne
way/233998618,tactile_paving,no,OpenStreetMap,https://www.openstreetmap.org/way/233998618,ODbL 1.0,2026-10-03,,0.5,prawdopodobne
way/233998618,lit,yes,OpenStreetMap,https://www.openstreetmap.org/way/233998618,ODbL 1.0,2026-10-03,,0.5,prawdopodobne
way/233999127,bench,yes,OpenStreetMap,https://www.openstreetmap.org/way/233999127,ODbL 1.0,2026-10-03,,0.5,prawdopodobne
way/233999127,tactile_paving,yes,OpenStreetMap,https://www.openstreetmap.org/way/233999127,ODbL 1.0,2026-10-03,,0.5,prawdopodobne
way/233999127,lit,yes,OpenStreetMap,https://www.openstreetmap.org/way/233999127,ODbL 1.0,2026-10-03,,0.5,prawdopodobne
way/233999128,bench,yes,OpenStreetMap,https://www.openstreetmap.org/way/233999128,ODbL 1.0,2026-10-03,,0.5,prawdopodobne
way/233999128,tactile_paving,yes,OpenStreetMap,https://www.openstreetmap.org/way/233999128,ODbL 1.0,2026-10-03,,0.5,prawdopodobne
way/233999128,lit,yes,OpenStreetMap,https://www.openstreetmap.org/way/233999128,ODbL 1.0,2026-10-03,,0.5,prawdopodobne
way/234005361,wheelchair,yes,OpenStreetMap,https://www.openstreetmap.org/way/234005361,ODbL 1.0,2026-10-03,,0.5,prawdopodobne
way/234005361,bench,yes,OpenStreetMap,https://www.openstreetmap.org/way/234005361,ODbL 1.0,2026-10-03,,0.5,prawdopodobne
way/234005361,tactile_paving,yes,OpenStreetMap,https://www.openstreetmap.org/way/234005361,ODbL 1.0,2026-10-03,,0.5,prawdopodobne
way/234005361,lit,yes,OpenStreetMap,https://www.openstreetmap.org/way/234005361,ODbL 1.0,2026-10-03,,0.5,prawdopodobne
way/234005362,wheelchair,yes,OpenStreetMap,https://www.openstreetmap.org/way/234005362,ODbL 1.0,2026-10-03,,0.5,prawdopodobne
way/234005362,bench,yes,OpenStreetMap,https://www.openstreetmap.org/way/234005362,ODbL 1.0,2026-10-03,,0.5,prawdopodobne
way/234005362,tactile_paving,yes,OpenStreetMap,https://www.openstreetmap.org/way/234005362,ODbL 1.0,2026-10-03,,0.5,prawdopodobne
way/234005362,lit,yes,OpenStreetMap,https://www.openstreetmap.org/way/234005362,ODbL 1.0,2026-10-03,,0.5,prawdopodobne
way/234008650,bench,yes,OpenStreetMap,https://www.openstreetmap.org/way/234008650,ODbL 1.0,2026-10-03,,0.5,prawdopodobne
way/234008650,tactile_paving,no,OpenStreetMap,https://www.openstreetmap.org/way/234008650,ODbL 1.0,2026-10-03,,0.5,prawdopodobne
way/234008650,lit,yes,OpenStreetMap,https://www.openstreetmap.org/way/234008650,ODbL 1.0,2026-10-03,,0.5,prawdopodobne
way/234010338,lit,yes,OpenStreetMap,https://www.openstreetmap.org/way/234010338,ODbL 1.0,2026-10-03,,0.5,prawdopodobne
way/234013783,bench,yes,OpenStreetMap,https://www.openstreetmap.org/way/234013783,ODbL 1.0,2026-10-03,,0.5,prawdopodobne
way/234013783,tactile_paving,yes,OpenStreetMap,https://www.openstreetmap.org/way/234013783,ODbL 1.0,2026-10-03,,0.5,prawdopodobne
way/234013783,lit,yes,OpenStreetMap,https://www.openstreetmap.org/way/234013783,ODbL 1.0,2026-10-03,,0.5,prawdopodobne
way/234013784,bench,yes,OpenStreetMap,https://www.openstreetmap.org/way/234013784,ODbL 1.0,2026-10-03,,0.5,prawdopodobne
way/234013784,tactile_paving,yes,OpenStreetMap,https://www.openstreetmap.org/way/234013784,ODbL 1.0,2026-10-03,,0.5,prawdopodobne
way/234013784,lit,yes,OpenStreetMap,https://www.openstreetmap.org/way/234013784,ODbL 1.0,2026-10-03,,0.5,prawdopodobne
way/234013785,bench,yes,OpenStreetMap,https://www.openstreetmap.org/way/234013785,ODbL 1.0,2026-10-03,,0.5,prawdopodobne
way/234013785,tactile_paving,yes,OpenStreetMap,https://www.openstreetmap.org/way/234013785,ODbL 1.0,2026-10-03,,0.5,prawdopodobne
way/234013785,lit,yes,OpenStreetMap,https://www.openstreetmap.org/way/234013785,ODbL 1.0,2026-10-03,,0.5,prawdopodobne
way/234016001,bench,yes,OpenStreetMap,https://www.openstreetmap.org/way/234016001,ODbL 1.0,2026-10-03,,0.5,prawdopodobne
way/234016001,tactile_paving,no,OpenStreetMap,https://www.openstreetmap.org/way/234016001,ODbL 1.0,2026-10-03,,0.5,prawdopodobne
way/234016001,lit,yes,OpenStreetMap,https://www.openstreetmap.org/way/234016001,ODbL 1.0,2026-10-03,,0.5,prawdopodobne
way/234016002,wheelchair,yes,OpenStreetMap,https://www.openstreetmap.org/way/234016002,ODbL 1.0,2026-10-03,,0.5,prawdopodobne
way/234016002,bench,yes,OpenStreetMap,https://www.openstreetmap.org/way/234016002,ODbL 1.0,2026-10-03,,0.5,prawdopodobne
way/234016002,tactile_paving,no,OpenStreetMap,https://www.openstreetmap.org/way/234016002,ODbL 1.0,2026-10-03,,0.5,prawdopodobne
way/234016002,lit,yes,OpenStreetMap,https://www.openstreetmap.org/way/234016002,ODbL 1.0,2026-10-03,,0.5,prawdopodobne
way/234016003,wheelchair,yes,OpenStreetMap,https://www.openstreetmap.org/way/234016003,ODbL 1.0,2026-10-03,,0.5,prawdopodobne
way/234016003,bench,yes,OpenStreetMap,https://www.openstreetmap.org/way/234016003,ODbL 1.0,2026-10-03,,0.5,prawdopodobne
way/234016003,tactile_paving,no,OpenStreetMap,https://www.openstreetmap.org/way/234016003,ODbL 1.0,2026-10-03,,0.5,prawdopodobne
way/234016003,lit,yes,OpenStreetMap,https://www.openstreetmap.org/way/234016003,ODbL 1.0,2026-10-03,,0.5,prawdopodobne
way/234016004,bench,yes,OpenStreetMap,https://www.openstreetmap.org/way/234016004,ODbL 1.0,2026-10-03,,0.5,prawdopodobne
way/234016004,tactile_paving,no,OpenStreetMap,https://www.openstreetmap.org/way/234016004,ODbL 1.0,2026-10-03,,0.5,prawdopodobne
way/234016004,lit,yes,OpenStreetMap,https://www.openstreetmap.org/way/234016004,ODbL 1.0,2026-10-03,,0.5,prawdopodobne
way/234029957,wheelchair,yes,OpenStreetMap,https://www.openstreetmap.org/way/234029957,ODbL 1.0,2026-10-03,,0.5,prawdopodobne
way/234029957,bench,yes,OpenStreetMap,https://www.openstreetmap.org/way/234029957,ODbL 1.0,2026-10-03,,0.5,prawdopodobne
way/234029957,tactile_paving,no,OpenStreetMap,https://www.openstreetmap.org/way/234029957,ODbL 1.0,2026-10-03,,0.5,prawdopodobne
way/234029957,lit,yes,OpenStreetMap,https://www.openstreetmap.org/way/234029957,ODbL 1.0,2026-10-03,,0.5,prawdopodobne
way/234029958,wheelchair,yes,OpenStreetMap,https://www.openstreetmap.org/way/234029958,ODbL 1.0,2026-10-03,,0.5,prawdopodobne
way/234029958,bench,yes,OpenStreetMap,https://www.openstreetmap.org/way/234029958,ODbL 1.0,2026-10-03,,0.5,prawdopodobne
way/234029958,tactile_paving,no,OpenStreetMap,https://www.openstreetmap.org/way/234029958,ODbL 1.0,2026-10-03,,0.5,prawdopodobne
way/234029958,lit,yes,OpenStreetMap,https://www.openstreetmap.org/way/234029958,ODbL 1.0,2026-10-03,,0.5,prawdopodobne
way/234039652,wheelchair,yes,OpenStreetMap,https://www.openstreetmap.org/way/234039652,ODbL 1.0,2026-10-03,,0.5,prawdopodobne
way/234039652,bench,yes,OpenStreetMap,https://www.openstreetmap.org/way/234039652,ODbL 1.0,2026-10-03,,0.5,prawdopodobne
way/234039652,tactile_paving,no,OpenStreetMap,https://www.openstreetmap.org/way/234039652,ODbL 1.0,2026-10-03,,0.5,prawdopodobne
way/234039652,lit,yes,OpenStreetMap,https://www.openstreetmap.org/way/234039652,ODbL 1.0,2026-10-03,,0.5,prawdopodobne
way/234039653,wheelchair,yes,OpenStreetMap,https://www.openstreetmap.org/way/234039653,ODbL 1.0,2026-10-03,,0.5,prawdopodobne
way/234039653,bench,yes,OpenStreetMap,https://www.openstreetmap.org/way/234039653,ODbL 1.0,2026-10-03,,0.5,prawdopodobne
way/234039653,tactile_paving,no,OpenStreetMap,https://www.openstreetmap.org/way/234039653,ODbL 1.0,2026-10-03,,0.5,prawdopodobne
way/234039653,lit,yes,OpenStreetMap,https://www.openstreetmap.org/way/234039653,ODbL 1.0,2026-10-03,,0.5,prawdopodobne
way/234039654,wheelchair,yes,OpenStreetMap,https://www.openstreetmap.org/way/234039654,ODbL 1.0,2026-10-03,,0.5,prawdopodobne
way/234039654,bench,yes,OpenStreetMap,https://www.openstreetmap.org/way/234039654,ODbL 1.0,2026-10-03,,0.5,prawdopodobne
way/234039654,tactile_paving,no,OpenStreetMap,https://www.openstreetmap.org/way/234039654,ODbL 1.0,2026-10-03,,0.5,prawdopodobne
way/234039654,lit,yes,OpenStreetMap,https://www.openstreetmap.org/way/234039654,ODbL 1.0,2026-10-03,,0.5,prawdopodobne
way/234041341,wheelchair,yes,OpenStreetMap,https://www.openstreetmap.org/way/234041341,ODbL 1.0,2026-10-03,,0.5,prawdopodobne
way/234041341,bench,yes,OpenStreetMap,https://www.openstreetmap.org/way/234041341,ODbL 1.0,2026-10-03,,0.5,prawdopodobne
way/234041341,tactile_paving,no,OpenStreetMap,https://www.openstreetmap.org/way/234041341,ODbL 1.0,2026-10-03,,0.5,prawdopodobne
way/234041341,lit,yes,OpenStreetMap,https://www.openstreetmap.org/way/234041341,ODbL 1.0,2026-10-03,,0.5,prawdopodobne
way/234041342,wheelchair,yes,OpenStreetMap,https://www.openstreetmap.org/way/234041342,ODbL 1.0,2026-10-03,,0.5,prawdopodobne
way/234041342,bench,yes,OpenStreetMap,https://www.openstreetmap.org/way/234041342,ODbL 1.0,2026-10-03,,0.5,prawdopodobne
way/234041342,tactile_paving,yes,OpenStreetMap,https://www.openstreetmap.org/way/234041342,ODbL 1.0,2026-10-03,,0.5,prawdopodobne
way/234041342,lit,yes,OpenStreetMap,https://www.openstreetmap.org/way/234041342,ODbL 1.0,2026-10-03,,0.5,prawdopodobne
way/234041343,wheelchair,yes,OpenStreetMap,https://www.openstreetmap.org/way/234041343,ODbL 1.0,2026-10-03,,0.5,prawdopodobne
way/234041343,bench,yes,OpenStreetMap,https://www.openstreetmap.org/way/234041343,ODbL 1.0,2026-10-03,,0.5,prawdopodobne
way/234041343,tactile_paving,yes,OpenStreetMap,https://www.openstreetmap.org/way/234041343,ODbL 1.0,2026-10-03,,0.5,prawdopodobne
way/234041343,lit,yes,OpenStreetMap,https://www.openstreetmap.org/way/234041343,ODbL 1.0,2026-10-03,,0.5,prawdopodobne
way/234046619,wheelchair,yes,OpenStreetMap,https://www.openstreetmap.org/way/234046619,ODbL 1.0,2026-10-03,,0.5,prawdopodobne
way/234046619,bench,yes,OpenStreetMap,https://www.openstreetmap.org/way/234046619,ODbL 1.0,2026-10-03,,0.5,prawdopodobne
way/234046619,tactile_paving,no,OpenStreetMap,https://www.openstreetmap.org/way/234046619,ODbL 1.0,2026-10-03,,0.5,prawdopodobne
way/234046619,lit,yes,OpenStreetMap,https://www.openstreetmap.org/way/234046619,ODbL 1.0,2026-10-03,,0.5,prawdopodobne
way/234046620,wheelchair,yes,OpenStreetMap,https://www.openstreetmap.org/way/234046620,ODbL 1.0,2026-10-03,,0.5,prawdopodobne
way/234046620,bench,yes,OpenStreetMap,https://www.openstreetmap.org/way/234046620,ODbL 1.0,2026-10-03,,0.5,prawdopodobne
way/234046620,tactile_paving,yes,OpenStreetMap,https://www.openstreetmap.org/way/234046620,ODbL 1.0,2026-10-03,,0.5,prawdopodobne
way/234046620,lit,yes,OpenStreetMap,https://www.openstreetmap.org/way/234046620,ODbL 1.0,2026-10-03,,0.5,prawdopodobne
way/234046621,wheelchair,yes,OpenStreetMap,https://www.openstreetmap.org/way/234046621,ODbL 1.0,2026-10-03,,0.5,prawdopodobne
way/234046621,bench,yes,OpenStreetMap,https://www.openstreetmap.org/way/234046621,ODbL 1.0,2026-10-03,,0.5,prawdopodobne
way/234046621,tactile_paving,no,OpenStreetMap,https://www.openstreetmap.org/way/234046621,ODbL 1.0,2026-10-03,,0.5,prawdopodobne
way/234046621,lit,yes,OpenStreetMap,https://www.openstreetmap.org/way/234046621,ODbL 1.0,2026-10-03,,0.5,prawdopodobne
way/234046622,wheelchair,yes,OpenStreetMap,https://www.openstreetmap.org/way/234046622,ODbL 1.0,2026-10-03,,0.5,prawdopodobne
way/234046622,bench,yes,OpenStreetMap,https://www.openstreetmap.org/way/234046622,ODbL 1.0,2026-10-03,,0.5,prawdopodobne
way/234046622,tactile_paving,no,OpenStreetMap,https://www.openstreetmap.org/way/234046622,ODbL 1.0,2026-10-03,,0.5,prawdopodobne
way/234046622,lit,yes,OpenStreetMap,https://www.openstreetmap.org/way/234046622,ODbL 1.0,2026-10-03,,0.5,prawdopodobne
way/234046623,wheelchair,yes,OpenStreetMap,https://www.openstreetmap.org/way/234046623,ODbL 1.0,2026-10-03,,0.5,prawdopodobne
way/234046623,bench,yes,OpenStreetMap,https://www.openstreetmap.org/way/234046623,ODbL 1.0,2026-10-03,,0.5,prawdopodobne
way/234046623,tactile_paving,no,OpenStreetMap,https://www.openstreetmap.org/way/234046623,ODbL 1.0,2026-10-03,,0.5,prawdopodobne
way/234046623,lit,yes,OpenStreetMap,https://www.openstreetmap.org/way/234046623,ODbL 1.0,2026-10-03,,0.5,prawdopodobne
way/234072264,wheelchair,yes,OpenStreetMap,https://www.openstreetmap.org/way/234072264,ODbL 1.0,2026-10-03,,0.5,prawdopodobne
way/234072264,bench,yes,OpenStreetMap,https://www.openstreetmap.org/way/234072264,ODbL 1.0,2026-10-03,,0.5,prawdopodobne
way/234072264,tactile_paving,yes,OpenStreetMap,https://www.openstreetmap.org/way/234072264,ODbL 1.0,2026-10-03,,0.5,prawdopodobne
way/234072264,lit,yes,OpenStreetMap,https://www.openstreetmap.org/way/234072264,ODbL 1.0,2026-10-03,,0.5,prawdopodobne
way/234072265,wheelchair,yes,OpenStreetMap,https://www.openstreetmap.org/way/234072265,ODbL 1.0,2026-10-03,,0.5,prawdopodobne
way/234072265,bench,yes,OpenStreetMap,https://www.openstreetmap.org/way/234072265,ODbL 1.0,2026-10-03,,0.5,prawdopodobne
way/234072265,tactile_paving,yes,OpenStreetMap,https://www.openstreetmap.org/way/234072265,ODbL 1.0,2026-10-03,,0.5,prawdopodobne
way/234072265,lit,yes,OpenStreetMap,https://www.openstreetmap.org/way/234072265,ODbL 1.0,2026-10-03,,0.5,prawdopodobne
way/234100234,wheelchair,yes,OpenStreetMap,https://www.openstreetmap.org/way/234100234,ODbL 1.0,2026-10-03,,0.5,prawdopodobne
way/234100234,bench,yes,OpenStreetMap,https://www.openstreetmap.org/way/234100234,ODbL 1.0,2026-10-03,,0.5,prawdopodobne
way/234100234,tactile_paving,no,OpenStreetMap,https://www.openstreetmap.org/way/234100234,ODbL 1.0,2026-10-03,,0.5,prawdopodobne
way/234100234,lit,yes,OpenStreetMap,https://www.openstreetmap.org/way/234100234,ODbL 1.0,2026-10-03,,0.5,prawdopodobne
way/234100235,wheelchair,yes,OpenStreetMap,https://www.openstreetmap.org/way/234100235,ODbL 1.0,2026-10-03,,0.5,prawdopodobne
way/234100235,bench,yes,OpenStreetMap,https://www.openstreetmap.org/way/234100235,ODbL 1.0,2026-10-03,,0.5,prawdopodobne
way/234100235,tactile_paving,no,OpenStreetMap,https://www.openstreetmap.org/way/234100235,ODbL 1.0,2026-10-03,,0.5,prawdopodobne
way/234100235,lit,yes,OpenStreetMap,https://www.openstreetmap.org/way/234100235,ODbL 1.0,2026-10-03,,0.5,prawdopodobne
way/234100797,wheelchair,yes,OpenStreetMap,https://www.openstreetmap.org/way/234100797,ODbL 1.0,2026-10-03,,0.5,prawdopodobne
way/234100797,bench,yes,OpenStreetMap,https://www.openstreetmap.org/way/234100797,ODbL 1.0,2026-10-03,,0.5,prawdopodobne
way/234100797,tactile_paving,yes,OpenStreetMap,https://www.openstreetmap.org/way/234100797,ODbL 1.0,2026-10-03,,0.5,prawdopodobne
way/234100797,lit,yes,OpenStreetMap,https://www.openstreetmap.org/way/234100797,ODbL 1.0,2026-10-03,,0.5,prawdopodobne
way/234100798,wheelchair,yes,OpenStreetMap,https://www.openstreetmap.org/way/234100798,ODbL 1.0,2026-10-03,,0.5,prawdopodobne
way/234100798,bench,yes,OpenStreetMap,https://www.openstreetmap.org/way/234100798,ODbL 1.0,2026-10-03,,0.5,prawdopodobne
way/234100798,tactile_paving,yes,OpenStreetMap,https://www.openstreetmap.org/way/234100798,ODbL 1.0,2026-10-03,,0.5,prawdopodobne
way/234100798,lit,yes,OpenStreetMap,https://www.openstreetmap.org/way/234100798,ODbL 1.0,2026-10-03,,0.5,prawdopodobne
way/234104127,wheelchair,yes,OpenStreetMap,https://www.openstreetmap.org/way/234104127,ODbL 1.0,2026-10-03,,0.5,prawdopodobne
way/234104127,bench,yes,OpenStreetMap,https://www.openstreetmap.org/way/234104127,ODbL 1.0,2026-10-03,,0.5,prawdopodobne
way/234104127,tactile_paving,yes,OpenStreetMap,https://www.openstreetmap.org/way/234104127,ODbL 1.0,2026-10-03,,0.5,prawdopodobne
way/234104127,lit,yes,OpenStreetMap,https://www.openstreetmap.org/way/234104127,ODbL 1.0,2026-10-03,,0.5,prawdopodobne
way/234104134,wheelchair,yes,OpenStreetMap,https://www.openstreetmap.org/way/234104134,ODbL 1.0,2026-10-03,,0.5,prawdopodobne
way/234104134,bench,yes,OpenStreetMap,https://www.openstreetmap.org/way/234104134,ODbL 1.0,2026-10-03,,0.5,prawdopodobne
way/234104134,tactile_paving,yes,OpenStreetMap,https://www.openstreetmap.org/way/234104134,ODbL 1.0,2026-10-03,,0.5,prawdopodobne
way/234104134,lit,yes,OpenStreetMap,https://www.openstreetmap.org/way/234104134,ODbL 1.0,2026-10-03,,0.5,prawdopodobne
way/234104135,bench,yes,OpenStreetMap,https://www.openstreetmap.org/way/234104135,ODbL 1.0,2026-10-03,,0.5,prawdopodobne
way/234104135,tactile_paving,yes,OpenStreetMap,https://www.openstreetmap.org/way/234104135,ODbL 1.0,2026-10-03,,0.5,prawdopodobne
way/234104135,lit,yes,OpenStreetMap,https://www.openstreetmap.org/way/234104135,ODbL 1.0,2026-10-03,,0.5,prawdopodobne
way/234105990,wheelchair,yes,OpenStreetMap,https://www.openstreetmap.org/way/234105990,ODbL 1.0,2026-10-03,,0.5,prawdopodobne
way/234105990,bench,yes,OpenStreetMap,https://www.openstreetmap.org/way/234105990,ODbL 1.0,2026-10-03,,0.5,prawdopodobne
way/234105990,tactile_paving,no,OpenStreetMap,https://www.openstreetmap.org/way/234105990,ODbL 1.0,2026-10-03,,0.5,prawdopodobne
way/234105990,lit,yes,OpenStreetMap,https://www.openstreetmap.org/way/234105990,ODbL 1.0,2026-10-03,,0.5,prawdopodobne
way/234105991,wheelchair,yes,OpenStreetMap,https://www.openstreetmap.org/way/234105991,ODbL 1.0,2026-10-03,,0.5,prawdopodobne
way/234105991,bench,yes,OpenStreetMap,https://www.openstreetmap.org/way/234105991,ODbL 1.0,2026-10-03,,0.5,prawdopodobne
way/234105991,tactile_paving,yes,OpenStreetMap,https://www.openstreetmap.org/way/234105991,ODbL 1.0,2026-10-03,,0.5,prawdopodobne
way/234105991,lit,yes,OpenStreetMap,https://www.openstreetmap.org/way/234105991,ODbL 1.0,2026-10-03,,0.5,prawdopodobne
way/234105992,wheelchair,yes,OpenStreetMap,https://www.openstreetmap.org/way/234105992,ODbL 1.0,2026-10-03,,0.5,prawdopodobne
way/234105992,bench,yes,OpenStreetMap,https://www.openstreetmap.org/way/234105992,ODbL 1.0,2026-10-03,,0.5,prawdopodobne
way/234105992,tactile_paving,yes,OpenStreetMap,https://www.openstreetmap.org/way/234105992,ODbL 1.0,2026-10-03,,0.5,prawdopodobne
way/234105992,lit,yes,OpenStreetMap,https://www.openstreetmap.org/way/234105992,ODbL 1.0,2026-10-03,,0.5,prawdopodobne
way/234107715,wheelchair,yes,OpenStreetMap,https://www.openstreetmap.org/way/234107715,ODbL 1.0,2026-10-03,,0.5,prawdopodobne
way/234107715,bench,yes,OpenStreetMap,https://www.openstreetmap.org/way/234107715,ODbL 1.0,2026-10-03,,0.5,prawdopodobne
way/234107715,tactile_paving,no,OpenStreetMap,https://www.openstreetmap.org/way/234107715,ODbL 1.0,2026-10-03,,0.5,prawdopodobne
way/234107715,lit,yes,OpenStreetMap,https://www.openstreetmap.org/way/234107715,ODbL 1.0,2026-10-03,,0.5,prawdopodobne
way/234107716,wheelchair,yes,OpenStreetMap,https://www.openstreetmap.org/way/234107716,ODbL 1.0,2026-10-03,,0.5,prawdopodobne
way/234107716,bench,yes,OpenStreetMap,https://www.openstreetmap.org/way/234107716,ODbL 1.0,2026-10-03,,0.5,prawdopodobne
way/234107716,tactile_paving,no,OpenStreetMap,https://www.openstreetmap.org/way/234107716,ODbL 1.0,2026-10-03,,0.5,prawdopodobne
way/234107716,lit,yes,OpenStreetMap,https://www.openstreetmap.org/way/234107716,ODbL 1.0,2026-10-03,,0.5,prawdopodobne
way/234122107,wheelchair,yes,OpenStreetMap,https://www.openstreetmap.org/way/234122107,ODbL 1.0,2026-10-03,,0.5,prawdopodobne
way/234122107,bench,yes,OpenStreetMap,https://www.openstreetmap.org/way/234122107,ODbL 1.0,2026-10-03,,0.5,prawdopodobne
way/234122107,tactile_paving,no,OpenStreetMap,https://www.openstreetmap.org/way/234122107,ODbL 1.0,2026-10-03,,0.5,prawdopodobne
way/234122107,lit,yes,OpenStreetMap,https://www.openstreetmap.org/way/234122107,ODbL 1.0,2026-10-03,,0.5,prawdopodobne
way/234122109,bench,yes,OpenStreetMap,https://www.openstreetmap.org/way/234122109,ODbL 1.0,2026-10-03,,0.5,prawdopodobne
way/234122109,tactile_paving,no,OpenStreetMap,https://www.openstreetmap.org/way/234122109,ODbL 1.0,2026-10-03,,0.5,prawdopodobne
way/234183931,bench,yes,OpenStreetMap,https://www.openstreetmap.org/way/234183931,ODbL 1.0,2026-10-03,,0.5,prawdopodobne
way/234183931,tactile_paving,no,OpenStreetMap,https://www.openstreetmap.org/way/234183931,ODbL 1.0,2026-10-03,,0.5,prawdopodobne
way/234183931,lit,yes,OpenStreetMap,https://www.openstreetmap.org/way/234183931,ODbL 1.0,2026-10-03,,0.5,prawdopodobne
way/234183933,bench,yes,OpenStreetMap,https://www.openstreetmap.org/way/234183933,ODbL 1.0,2026-10-03,,0.5,prawdopodobne
way/234183933,tactile_paving,no,OpenStreetMap,https://www.openstreetmap.org/way/234183933,ODbL 1.0,2026-10-03,,0.5,prawdopodobne
way/234183933,lit,yes,OpenStreetMap,https://www.openstreetmap.org/way/234183933,ODbL 1.0,2026-10-03,,0.5,prawdopodobne
way/234294863,wheelchair,yes,OpenStreetMap,https://www.openstreetmap.org/way/234294863,ODbL 1.0,2026-10-03,,0.5,prawdopodobne
way/234294863,bench,yes,OpenStreetMap,https://www.openstreetmap.org/way/234294863,ODbL 1.0,2026-10-03,,0.5,prawdopodobne
way/234294863,tactile_paving,no,OpenStreetMap,https://www.openstreetmap.org/way/234294863,ODbL 1.0,2026-10-03,,0.5,prawdopodobne
way/234310410,wheelchair,yes,OpenStreetMap,https://www.openstreetmap.org/way/234310410,ODbL 1.0,2026-10-03,,0.5,prawdopodobne
way/234310410,bench,yes,OpenStreetMap,https://www.openstreetmap.org/way/234310410,ODbL 1.0,2026-10-03,,0.5,prawdopodobne
way/234310410,tactile_paving,no,OpenStreetMap,https://www.openstreetmap.org/way/234310410,ODbL 1.0,2026-10-03,,0.5,prawdopodobne
way/234310410,lit,yes,OpenStreetMap,https://www.openstreetmap.org/way/234310410,ODbL 1.0,2026-10-03,,0.5,prawdopodobne
way/234310412,bench,yes,OpenStreetMap,https://www.openstreetmap.org/way/234310412,ODbL 1.0,2026-10-03,,0.5,prawdopodobne
way/234310412,tactile_paving,no,OpenStreetMap,https://www.openstreetmap.org/way/234310412,ODbL 1.0,2026-10-03,,0.5,prawdopodobne
way/234310413,bench,yes,OpenStreetMap,https://www.openstreetmap.org/way/234310413,ODbL 1.0,2026-10-03,,0.5,prawdopodobne
way/234310413,tactile_paving,no,OpenStreetMap,https://www.openstreetmap.org/way/234310413,ODbL 1.0,2026-10-03,,0.5,prawdopodobne
way/234310413,lit,no,OpenStreetMap,https://www.openstreetmap.org/way/234310413,ODbL 1.0,2026-10-03,,0.5,prawdopodobne
way/234318534,bench,no,OpenStreetMap,https://www.openstreetmap.org/way/234318534,ODbL 1.0,2026-10-03,,0.5,prawdopodobne
way/234318534,tactile_paving,no,OpenStreetMap,https://www.openstreetmap.org/way/234318534,ODbL 1.0,2026-10-03,,0.5,prawdopodobne
way/234318534,lit,yes,OpenStreetMap,https://www.openstreetmap.org/way/234318534,ODbL 1.0,2026-10-03,,0.5,prawdopodobne
way/234318535,bench,yes,OpenStreetMap,https://www.openstreetmap.org/way/234318535,ODbL 1.0,2026-10-03,,0.5,prawdopodobne
way/234318535,tactile_paving,no,OpenStreetMap,https://www.openstreetmap.org/way/234318535,ODbL 1.0,2026-10-03,,0.5,prawdopodobne
way/234318535,lit,yes,OpenStreetMap,https://www.openstreetmap.org/way/234318535,ODbL 1.0,2026-10-03,,0.5,prawdopodobne
way/234546852,wheelchair,yes,OpenStreetMap,https://www.openstreetmap.org/way/234546852,ODbL 1.0,2026-10-03,,0.5,prawdopodobne
way/234546852,bench,yes,OpenStreetMap,https://www.openstreetmap.org/way/234546852,ODbL 1.0,2026-10-03,,0.5,prawdopodobne
way/234546852,tactile_paving,yes,OpenStreetMap,https://www.openstreetmap.org/way/234546852,ODbL 1.0,2026-10-03,,0.5,prawdopodobne
way/234546852,lit,yes,OpenStreetMap,https://www.openstreetmap.org/way/234546852,ODbL 1.0,2026-10-03,,0.5,prawdopodobne
way/234546855,wheelchair,yes,OpenStreetMap,https://www.openstreetmap.org/way/234546855,ODbL 1.0,2026-10-03,,0.5,prawdopodobne
way/234546855,bench,yes,OpenStreetMap,https://www.openstreetmap.org/way/234546855,ODbL 1.0,2026-10-03,,0.5,prawdopodobne
way/234546855,tactile_paving,yes,OpenStreetMap,https://www.openstreetmap.org/way/234546855,ODbL 1.0,2026-10-03,,0.5,prawdopodobne
way/234546855,lit,yes,OpenStreetMap,https://www.openstreetmap.org/way/234546855,ODbL 1.0,2026-10-03,,0.5,prawdopodobne
way/234547916,wheelchair,yes,OpenStreetMap,https://www.openstreetmap.org/way/234547916,ODbL 1.0,2026-10-03,,0.5,prawdopodobne
way/234547916,bench,yes,OpenStreetMap,https://www.openstreetmap.org/way/234547916,ODbL 1.0,2026-10-03,,0.5,prawdopodobne
way/234547916,tactile_paving,yes,OpenStreetMap,https://www.openstreetmap.org/way/234547916,ODbL 1.0,2026-10-03,,0.5,prawdopodobne
way/234547916,lit,yes,OpenStreetMap,https://www.openstreetmap.org/way/234547916,ODbL 1.0,2026-10-03,,0.5,prawdopodobne
way/234548559,wheelchair,yes,OpenStreetMap,https://www.openstreetmap.org/way/234548559,ODbL 1.0,2026-10-03,,0.5,prawdopodobne
way/234548559,bench,yes,OpenStreetMap,https://www.openstreetmap.org/way/234548559,ODbL 1.0,2026-10-03,,0.5,prawdopodobne
way/234548559,tactile_paving,yes,OpenStreetMap,https://www.openstreetmap.org/way/234548559,ODbL 1.0,2026-10-03,,0.5,prawdopodobne
way/234548559,lit,yes,OpenStreetMap,https://www.openstreetmap.org/way/234548559,ODbL 1.0,2026-10-03,,0.5,prawdopodobne
way/234548562,bench,yes,OpenStreetMap,https://www.openstreetmap.org/way/234548562,ODbL 1.0,2026-10-03,,0.5,prawdopodobne
way/234548562,tactile_paving,no,OpenStreetMap,https://www.openstreetmap.org/way/234548562,ODbL 1.0,2026-10-03,,0.5,prawdopodobne
way/234548562,lit,yes,OpenStreetMap,https://www.openstreetmap.org/way/234548562,ODbL 1.0,2026-10-03,,0.5,prawdopodobne
way/234548563,bench,yes,OpenStreetMap,https://www.openstreetmap.org/way/234548563,ODbL 1.0,2026-10-03,,0.5,prawdopodobne
way/234548563,tactile_paving,yes,OpenStreetMap,https://www.openstreetmap.org/way/234548563,ODbL 1.0,2026-10-03,,0.5,prawdopodobne
way/234548563,lit,yes,OpenStreetMap,https://www.openstreetmap.org/way/234548563,ODbL 1.0,2026-10-03,,0.5,prawdopodobne
way/234812854,bench,yes,OpenStreetMap,https://www.openstreetmap.org/way/234812854,ODbL 1.0,2026-10-03,,0.5,prawdopodobne
way/234812854,tactile_paving,no,OpenStreetMap,https://www.openstreetmap.org/way/234812854,ODbL 1.0,2026-10-03,,0.5,prawdopodobne
way/234812854,lit,yes,OpenStreetMap,https://www.openstreetmap.org/way/234812854,ODbL 1.0,2026-10-03,,0.5,prawdopodobne
way/234974342,wheelchair,yes,OpenStreetMap,https://www.openstreetmap.org/way/234974342,ODbL 1.0,2026-10-03,,0.5,prawdopodobne
way/234974342,lit,yes,OpenStreetMap,https://www.openstreetmap.org/way/234974342,ODbL 1.0,2026-10-03,,0.5,prawdopodobne
way/236253611,wheelchair,yes,OpenStreetMap,https://www.openstreetmap.org/way/236253611,ODbL 1.0,2026-10-03,,0.5,prawdopodobne
way/236253611,bench,yes,OpenStreetMap,https://www.openstreetmap.org/way/236253611,ODbL 1.0,2026-10-03,,0.5,prawdopodobne
way/236253611,tactile_paving,yes,OpenStreetMap,https://www.openstreetmap.org/way/236253611,ODbL 1.0,2026-10-03,,0.5,prawdopodobne
way/236253611,level,-2,OpenStreetMap,https://www.openstreetmap.org/way/236253611,ODbL 1.0,2026-10-03,,0.5,prawdopodobne
way/236253611,lit,yes,OpenStreetMap,https://www.openstreetmap.org/way/236253611,ODbL 1.0,2026-10-03,,0.5,prawdopodobne
way/236253612,wheelchair,yes,OpenStreetMap,https://www.openstreetmap.org/way/236253612,ODbL 1.0,2026-10-03,,0.5,prawdopodobne
way/236253612,bench,yes,OpenStreetMap,https://www.openstreetmap.org/way/236253612,ODbL 1.0,2026-10-03,,0.5,prawdopodobne
way/236253612,tactile_paving,yes,OpenStreetMap,https://www.openstreetmap.org/way/236253612,ODbL 1.0,2026-10-03,,0.5,prawdopodobne
way/236253612,level,-2,OpenStreetMap,https://www.openstreetmap.org/way/236253612,ODbL 1.0,2026-10-03,,0.5,prawdopodobne
way/236253612,lit,yes,OpenStreetMap,https://www.openstreetmap.org/way/236253612,ODbL 1.0,2026-10-03,,0.5,prawdopodobne
way/236284064,bench,yes,OpenStreetMap,https://www.openstreetmap.org/way/236284064,ODbL 1.0,2026-10-03,,0.5,prawdopodobne
way/236284064,tactile_paving,no,OpenStreetMap,https://www.openstreetmap.org/way/236284064,ODbL 1.0,2026-10-03,,0.5,prawdopodobne
way/236284064,lit,yes,OpenStreetMap,https://www.openstreetmap.org/way/236284064,ODbL 1.0,2026-10-03,,0.5,prawdopodobne
way/236284070,bench,yes,OpenStreetMap,https://www.openstreetmap.org/way/236284070,ODbL 1.0,2026-10-03,,0.5,prawdopodobne
way/236284070,tactile_paving,no,OpenStreetMap,https://www.openstreetmap.org/way/236284070,ODbL 1.0,2026-10-03,,0.5,prawdopodobne
way/236284070,lit,yes,OpenStreetMap,https://www.openstreetmap.org/way/236284070,ODbL 1.0,2026-10-03,,0.5,prawdopodobne
way/242682567,wheelchair,yes,OpenStreetMap,https://www.openstreetmap.org/way/242682567,ODbL 1.0,2026-10-03,,0.5,prawdopodobne
way/242852083,wheelchair,yes,OpenStreetMap,https://www.openstreetmap.org/way/242852083,ODbL 1.0,2026-10-03,,0.5,prawdopodobne
way/243432610,wheelchair,yes,OpenStreetMap,https://www.openstreetmap.org/way/243432610,ODbL 1.0,2026-10-03,,0.5,prawdopodobne
way/294097407,wheelchair,yes,OpenStreetMap,https://www.openstreetmap.org/way/294097407,ODbL 1.0,2026-10-03,,0.5,prawdopodobne
way/295276413,lit,yes,OpenStreetMap,https://www.openstreetmap.org/way/295276413,ODbL 1.0,2026-10-03,,0.5,prawdopodobne
way/295582422,wheelchair,yes,OpenStreetMap,https://www.openstreetmap.org/way/295582422,ODbL 1.0,2026-10-03,,0.5,prawdopodobne
way/295582422,bench,yes,OpenStreetMap,https://www.openstreetmap.org/way/295582422,ODbL 1.0,2026-10-03,,0.5,prawdopodobne
way/295582422,tactile_paving,yes,OpenStreetMap,https://www.openstreetmap.org/way/295582422,ODbL 1.0,2026-10-03,,0.5,prawdopodobne
way/295582422,lit,yes,OpenStreetMap,https://www.openstreetmap.org/way/295582422,ODbL 1.0,2026-10-03,,0.5,prawdopodobne
way/297180392,lit,yes,OpenStreetMap,https://www.openstreetmap.org/way/297180392,ODbL 1.0,2026-10-03,,0.5,prawdopodobne
way/299681520,bench,yes,OpenStreetMap,https://www.openstreetmap.org/way/299681520,ODbL 1.0,2026-10-03,,0.5,prawdopodobne
way/299681520,tactile_paving,no,OpenStreetMap,https://www.openstreetmap.org/way/299681520,ODbL 1.0,2026-10-03,,0.5,prawdopodobne
way/299681520,lit,yes,OpenStreetMap,https://www.openstreetmap.org/way/299681520,ODbL 1.0,2026-10-03,,0.5,prawdopodobne
way/299684527,wheelchair,yes,OpenStreetMap,https://www.openstreetmap.org/way/299684527,ODbL 1.0,2026-10-03,2025-08-06,0.8,potwierdzone
way/299746799,wheelchair,yes,OpenStreetMap,https://www.openstreetmap.org/way/299746799,ODbL 1.0,2026-10-03,2025-04-13,0.8,potwierdzone
way/302622210,wheelchair,no,OpenStreetMap,https://www.openstreetmap.org/way/302622210,ODbL 1.0,2026-10-03,,0.5,prawdopodobne
way/302622212,wheelchair,limited,OpenStreetMap,https://www.openstreetmap.org/way/302622212,ODbL 1.0,2026-10-03,,0.5,prawdopodobne
way/302914916,bench,yes,OpenStreetMap,https://www.openstreetmap.org/way/302914916,ODbL 1.0,2026-10-03,,0.5,prawdopodobne
way/302914916,tactile_paving,no,OpenStreetMap,https://www.openstreetmap.org/way/302914916,ODbL 1.0,2026-10-03,,0.5,prawdopodobne
way/302914916,lit,no,OpenStreetMap,https://www.openstreetmap.org/way/302914916,ODbL 1.0,2026-10-03,,0.5,prawdopodobne
way/302967393,lit,no,OpenStreetMap,https://www.openstreetmap.org/way/302967393,ODbL 1.0,2026-10-03,,0.5,prawdopodobne
way/303843179,lit,yes,OpenStreetMap,https://www.openstreetmap.org/way/303843179,ODbL 1.0,2026-10-03,,0.5,prawdopodobne
way/303843180,lit,yes,OpenStreetMap,https://www.openstreetmap.org/way/303843180,ODbL 1.0,2026-10-03,,0.5,prawdopodobne
way/304544076,bench,yes,OpenStreetMap,https://www.openstreetmap.org/way/304544076,ODbL 1.0,2026-10-03,,0.5,prawdopodobne
way/304544076,tactile_paving,no,OpenStreetMap,https://www.openstreetmap.org/way/304544076,ODbL 1.0,2026-10-03,,0.5,prawdopodobne
way/304544076,lit,yes,OpenStreetMap,https://www.openstreetmap.org/way/304544076,ODbL 1.0,2026-10-03,,0.5,prawdopodobne
way/305000456,wheelchair,yes,OpenStreetMap,https://www.openstreetmap.org/way/305000456,ODbL 1.0,2026-10-03,,0.5,prawdopodobne
way/312037132,wheelchair,yes,OpenStreetMap,https://www.openstreetmap.org/way/312037132,ODbL 1.0,2026-10-03,,0.5,prawdopodobne
way/312038001,lit,yes,OpenStreetMap,https://www.openstreetmap.org/way/312038001,ODbL 1.0,2026-10-03,,0.5,prawdopodobne
way/325362054,lit,yes,OpenStreetMap,https://www.openstreetmap.org/way/325362054,ODbL 1.0,2026-10-03,,0.5,prawdopodobne
way/332916665,wheelchair,yes,OpenStreetMap,https://www.openstreetmap.org/way/332916665,ODbL 1.0,2026-10-03,,0.5,prawdopodobne
way/341533860,wheelchair,yes,OpenStreetMap,https://www.openstreetmap.org/way/341533860,ODbL 1.0,2026-10-03,,0.5,prawdopodobne
way/348316345,wheelchair,yes,OpenStreetMap,https://www.openstreetmap.org/way/348316345,ODbL 1.0,2026-10-03,,0.5,prawdopodobne
way/359169341,wheelchair,yes,OpenStreetMap,https://www.openstreetmap.org/way/359169341,ODbL 1.0,2026-10-03,,0.5,prawdopodobne
way/359169341,lit,yes,OpenStreetMap,https://www.openstreetmap.org/way/359169341,ODbL 1.0,2026-10-03,,0.5,prawdopodobne
way/365611993,wheelchair,yes,OpenStreetMap,https://www.openstreetmap.org/way/365611993,ODbL 1.0,2026-10-03,,0.5,prawdopodobne
way/365611993,bench,yes,OpenStreetMap,https://www.openstreetmap.org/way/365611993,ODbL 1.0,2026-10-03,,0.5,prawdopodobne
way/365611993,tactile_paving,yes,OpenStreetMap,https://www.openstreetmap.org/way/365611993,ODbL 1.0,2026-10-03,,0.5,prawdopodobne
way/365611993,lit,yes,OpenStreetMap,https://www.openstreetmap.org/way/365611993,ODbL 1.0,2026-10-03,,0.5,prawdopodobne
way/365611994,wheelchair,yes,OpenStreetMap,https://www.openstreetmap.org/way/365611994,ODbL 1.0,2026-10-03,,0.5,prawdopodobne
way/365611994,bench,yes,OpenStreetMap,https://www.openstreetmap.org/way/365611994,ODbL 1.0,2026-10-03,,0.5,prawdopodobne
way/365611994,tactile_paving,yes,OpenStreetMap,https://www.openstreetmap.org/way/365611994,ODbL 1.0,2026-10-03,,0.5,prawdopodobne
way/365611994,lit,yes,OpenStreetMap,https://www.openstreetmap.org/way/365611994,ODbL 1.0,2026-10-03,,0.5,prawdopodobne
way/370537827,lit,yes,OpenStreetMap,https://www.openstreetmap.org/way/370537827,ODbL 1.0,2026-10-03,,0.5,prawdopodobne
way/371916800,wheelchair,yes,OpenStreetMap,https://www.openstreetmap.org/way/371916800,ODbL 1.0,2026-10-03,,0.5,prawdopodobne
way/372060522,wheelchair,yes,OpenStreetMap,https://www.openstreetmap.org/way/372060522,ODbL 1.0,2026-10-03,,0.5,prawdopodobne
way/374583522,level,-1,OpenStreetMap,https://www.openstreetmap.org/way/374583522,ODbL 1.0,2026-10-03,,0.5,prawdopodobne
way/391159441,level,3,OpenStreetMap,https://www.openstreetmap.org/way/391159441,ODbL 1.0,2026-10-03,,0.5,prawdopodobne
way/404263194,lit,yes,OpenStreetMap,https://www.openstreetmap.org/way/404263194,ODbL 1.0,2026-10-03,,0.5,prawdopodobne
way/438181295,wheelchair,yes,OpenStreetMap,https://www.openstreetmap.org/way/438181295,ODbL 1.0,2026-10-03,,0.5,prawdopodobne
way/440239352,wheelchair,limited,OpenStreetMap,https://www.openstreetmap.org/way/440239352,ODbL 1.0,2026-10-03,,0.5,prawdopodobne
way/447568028,wheelchair,limited,OpenStreetMap,https://www.openstreetmap.org/way/447568028,ODbL 1.0,2026-10-03,,0.5,prawdopodobne
way/447568028,lit,yes,OpenStreetMap,https://www.openstreetmap.org/way/447568028,ODbL 1.0,2026-10-03,,0.5,prawdopodobne
way/465692849,wheelchair,yes,OpenStreetMap,https://www.openstreetmap.org/way/465692849,ODbL 1.0,2026-10-03,,0.5,prawdopodobne
way/465692886,wheelchair,yes,OpenStreetMap,https://www.openstreetmap.org/way/465692886,ODbL 1.0,2026-10-03,,0.5,prawdopodobne
way/465692886,level,2,OpenStreetMap,https://www.openstreetmap.org/way/465692886,ODbL 1.0,2026-10-03,,0.5,prawdopodobne
way/465692910,wheelchair,yes,OpenStreetMap,https://www.openstreetmap.org/way/465692910,ODbL 1.0,2026-10-03,,0.5,prawdopodobne
way/465692910,level,-1,OpenStreetMap,https://www.openstreetmap.org/way/465692910,ODbL 1.0,2026-10-03,,0.5,prawdopodobne
way/465692916,level,2,OpenStreetMap,https://www.openstreetmap.org/way/465692916,ODbL 1.0,2026-10-03,,0.5,prawdopodobne
way/465692969,wheelchair,yes,OpenStreetMap,https://www.openstreetmap.org/way/465692969,ODbL 1.0,2026-10-03,,0.5,prawdopodobne
way/465692969,level,2,OpenStreetMap,https://www.openstreetmap.org/way/465692969,ODbL 1.0,2026-10-03,,0.5,prawdopodobne
way/465692982,wheelchair,yes,OpenStreetMap,https://www.openstreetmap.org/way/465692982,ODbL 1.0,2026-10-03,,0.5,prawdopodobne
way/465891313,level,2,OpenStreetMap,https://www.openstreetmap.org/way/465891313,ODbL 1.0,2026-10-03,,0.5,prawdopodobne
way/465891314,wheelchair,yes,OpenStreetMap,https://www.openstreetmap.org/way/465891314,ODbL 1.0,2026-10-03,,0.5,prawdopodobne
way/465904474,level,-1,OpenStreetMap,https://www.openstreetmap.org/way/465904474,ODbL 1.0,2026-10-03,,0.5,prawdopodobne
way/465904482,wheelchair,yes,OpenStreetMap,https://www.openstreetmap.org/way/465904482,ODbL 1.0,2026-10-03,,0.5,prawdopodobne
way/465904482,level,-1,OpenStreetMap,https://www.openstreetmap.org/way/465904482,ODbL 1.0,2026-10-03,,0.5,prawdopodobne
way/498091446,wheelchair,yes,OpenStreetMap,https://www.openstreetmap.org/way/498091446,ODbL 1.0,2026-10-03,,0.5,prawdopodobne
way/512161274,wheelchair,yes,OpenStreetMap,https://www.openstreetmap.org/way/512161274,ODbL 1.0,2026-10-03,,0.5,prawdopodobne
way/525229887,wheelchair,yes,OpenStreetMap,https://www.openstreetmap.org/way/525229887,ODbL 1.0,2026-10-03,,0.5,prawdopodobne
way/525650678,wheelchair,yes,OpenStreetMap,https://www.openstreetmap.org/way/525650678,ODbL 1.0,2026-10-03,,0.5,prawdopodobne
way/525650678,level,-1;0,OpenStreetMap,https://www.openstreetmap.org/way/525650678,ODbL 1.0,2026-10-03,,0.5,prawdopodobne
way/536171826,bench,yes,OpenStreetMap,https://www.openstreetmap.org/way/536171826,ODbL 1.0,2026-10-03,,0.5,prawdopodobne
way/536171826,tactile_paving,no,OpenStreetMap,https://www.openstreetmap.org/way/536171826,ODbL 1.0,2026-10-03,,0.5,prawdopodobne
way/536171826,lit,yes,OpenStreetMap,https://www.openstreetmap.org/way/536171826,ODbL 1.0,2026-10-03,,0.5,prawdopodobne
way/545348244,wheelchair,yes,OpenStreetMap,https://www.openstreetmap.org/way/545348244,ODbL 1.0,2026-10-03,,0.5,prawdopodobne
way/545348244,bench,yes,OpenStreetMap,https://www.openstreetmap.org/way/545348244,ODbL 1.0,2026-10-03,,0.5,prawdopodobne
way/545348244,tactile_paving,no,OpenStreetMap,https://www.openstreetmap.org/way/545348244,ODbL 1.0,2026-10-03,,0.5,prawdopodobne
way/545348244,lit,yes,OpenStreetMap,https://www.openstreetmap.org/way/545348244,ODbL 1.0,2026-10-03,,0.5,prawdopodobne
way/603760829,wheelchair,yes,OpenStreetMap,https://www.openstreetmap.org/way/603760829,ODbL 1.0,2026-10-03,,0.5,prawdopodobne
way/603760829,tactile_paving,no,OpenStreetMap,https://www.openstreetmap.org/way/603760829,ODbL 1.0,2026-10-03,,0.5,prawdopodobne
way/603760829,level,-1,OpenStreetMap,https://www.openstreetmap.org/way/603760829,ODbL 1.0,2026-10-03,,0.5,prawdopodobne
way/606791682,wheelchair,yes,OpenStreetMap,https://www.openstreetmap.org/way/606791682,ODbL 1.0,2026-10-03,,0.5,prawdopodobne
way/606791682,lit,yes,OpenStreetMap,https://www.openstreetmap.org/way/606791682,ODbL 1.0,2026-10-03,,0.5,prawdopodobne
way/636995901,wheelchair,limited,OpenStreetMap,https://www.openstreetmap.org/way/636995901,ODbL 1.0,2026-10-03,,0.5,prawdopodobne
way/655027220,wheelchair,yes,OpenStreetMap,https://www.openstreetmap.org/way/655027220,ODbL 1.0,2026-10-03,,0.5,prawdopodobne
way/655027220,bench,yes,OpenStreetMap,https://www.openstreetmap.org/way/655027220,ODbL 1.0,2026-10-03,,0.5,prawdopodobne
way/655027220,tactile_paving,yes,OpenStreetMap,https://www.openstreetmap.org/way/655027220,ODbL 1.0,2026-10-03,,0.5,prawdopodobne
way/688243869,wheelchair,yes,OpenStreetMap,https://www.openstreetmap.org/way/688243869,ODbL 1.0,2026-10-03,2026-04-27,0.8,potwierdzone
way/692393582,lit,yes,OpenStreetMap,https://www.openstreetmap.org/way/692393582,ODbL 1.0,2026-10-03,,0.5,prawdopodobne
way/692582389,wheelchair,no,OpenStreetMap,https://www.openstreetmap.org/way/692582389,ODbL 1.0,2026-10-03,,0.5,prawdopodobne
way/692582389,level,1;2,OpenStreetMap,https://www.openstreetmap.org/way/692582389,ODbL 1.0,2026-10-03,,0.5,prawdopodobne
way/692836127,wheelchair,yes,OpenStreetMap,https://www.openstreetmap.org/way/692836127,ODbL 1.0,2026-10-03,2025-08-21,0.8,potwierdzone
way/710492449,wheelchair,yes,OpenStreetMap,https://www.openstreetmap.org/way/710492449,ODbL 1.0,2026-10-03,,0.5,prawdopodobne
way/710492450,wheelchair,yes,OpenStreetMap,https://www.openstreetmap.org/way/710492450,ODbL 1.0,2026-10-03,,0.5,prawdopodobne
way/710492452,wheelchair,yes,OpenStreetMap,https://www.openstreetmap.org/way/710492452,ODbL 1.0,2026-10-03,,0.5,prawdopodobne
way/710492453,wheelchair,yes,OpenStreetMap,https://www.openstreetmap.org/way/710492453,ODbL 1.0,2026-10-03,,0.5,prawdopodobne
way/710495484,wheelchair,no,OpenStreetMap,https://www.openstreetmap.org/way/710495484,ODbL 1.0,2026-10-03,,0.5,prawdopodobne
way/766325927,level,-1,OpenStreetMap,https://www.openstreetmap.org/way/766325927,ODbL 1.0,2026-10-03,,0.5,prawdopodobne
way/766325928,level,0,OpenStreetMap,https://www.openstreetmap.org/way/766325928,ODbL 1.0,2026-10-03,,0.5,prawdopodobne
way/766325929,level,0,OpenStreetMap,https://www.openstreetmap.org/way/766325929,ODbL 1.0,2026-10-03,2022-10-21,0.54,prawdopodobne
way/766325930,level,0,OpenStreetMap,https://www.openstreetmap.org/way/766325930,ODbL 1.0,2026-10-03,,0.5,prawdopodobne
way/766325931,level,0,OpenStreetMap,https://www.openstreetmap.org/way/766325931,ODbL 1.0,2026-10-03,,0.5,prawdopodobne
way/766325932,level,0,OpenStreetMap,https://www.openstreetmap.org/way/766325932,ODbL 1.0,2026-10-03,,0.5,prawdopodobne
way/766325933,level,0,OpenStreetMap,https://www.openstreetmap.org/way/766325933,ODbL 1.0,2026-10-03,,0.5,prawdopodobne
way/766325934,level,0,OpenStreetMap,https://www.openstreetmap.org/way/766325934,ODbL 1.0,2026-10-03,,0.5,prawdopodobne
way/766325935,level,0,OpenStreetMap,https://www.openstreetmap.org/way/766325935,ODbL 1.0,2026-10-03,2025-05-27,0.8,potwierdzone
way/766325936,level,0,OpenStreetMap,https://www.openstreetmap.org/way/766325936,ODbL 1.0,2026-10-03,,0.5,prawdopodobne
way/766325937,level,-1,OpenStreetMap,https://www.openstreetmap.org/way/766325937,ODbL 1.0,2026-10-03,,0.5,prawdopodobne
way/766325938,level,-1,OpenStreetMap,https://www.openstreetmap.org/way/766325938,ODbL 1.0,2026-10-03,,0.5,prawdopodobne
way/766325939,level,-1,OpenStreetMap,https://www.openstreetmap.org/way/766325939,ODbL 1.0,2026-10-03,,0.5,prawdopodobne
way/766325940,level,-1,OpenStreetMap,https://www.openstreetmap.org/way/766325940,ODbL 1.0,2026-10-03,,0.5,prawdopodobne
way/766325941,level,-1,OpenStreetMap,https://www.openstreetmap.org/way/766325941,ODbL 1.0,2026-10-03,,0.5,prawdopodobne
way/766325942,level,-1,OpenStreetMap,https://www.openstreetmap.org/way/766325942,ODbL 1.0,2026-10-03,,0.5,prawdopodobne
way/766325943,level,-1,OpenStreetMap,https://www.openstreetmap.org/way/766325943,ODbL 1.0,2026-10-03,,0.5,prawdopodobne
way/766325944,level,-1,OpenStreetMap,https://www.openstreetmap.org/way/766325944,ODbL 1.0,2026-10-03,,0.5,prawdopodobne
way/766325945,level,-1,OpenStreetMap,https://www.openstreetmap.org/way/766325945,ODbL 1.0,2026-10-03,,0.5,prawdopodobne
way/766325946,level,-1,OpenStreetMap,https://www.openstreetmap.org/way/766325946,ODbL 1.0,2026-10-03,2022-10-22,0.54,prawdopodobne
way/766325947,level,-1,OpenStreetMap,https://www.openstreetmap.org/way/766325947,ODbL 1.0,2026-10-03,2025-05-27,0.8,potwierdzone
way/766325948,level,-1,OpenStreetMap,https://www.openstreetmap.org/way/766325948,ODbL 1.0,2026-10-03,,0.5,prawdopodobne
way/766325950,level,-1,OpenStreetMap,https://www.openstreetmap.org/way/766325950,ODbL 1.0,2026-10-03,,0.5,prawdopodobne
way/766325951,level,-1,OpenStreetMap,https://www.openstreetmap.org/way/766325951,ODbL 1.0,2026-10-03,,0.5,prawdopodobne
way/766325952,level,-1,OpenStreetMap,https://www.openstreetmap.org/way/766325952,ODbL 1.0,2026-10-03,,0.5,prawdopodobne
way/766325953,level,-1,OpenStreetMap,https://www.openstreetmap.org/way/766325953,ODbL 1.0,2026-10-03,,0.5,prawdopodobne
way/766325954,level,-1,OpenStreetMap,https://www.openstreetmap.org/way/766325954,ODbL 1.0,2026-10-03,,0.5,prawdopodobne
way/766325955,level,-1,OpenStreetMap,https://www.openstreetmap.org/way/766325955,ODbL 1.0,2026-10-03,,0.5,prawdopodobne
way/766325956,level,-1,OpenStreetMap,https://www.openstreetmap.org/way/766325956,ODbL 1.0,2026-10-03,,0.5,prawdopodobne
way/766325957,level,-1,OpenStreetMap,https://www.openstreetmap.org/way/766325957,ODbL 1.0,2026-10-03,,0.5,prawdopodobne
way/766325958,level,-1,OpenStreetMap,https://www.openstreetmap.org/way/766325958,ODbL 1.0,2026-10-03,,0.5,prawdopodobne
way/766325959,level,-1,OpenStreetMap,https://www.openstreetmap.org/way/766325959,ODbL 1.0,2026-10-03,,0.5,prawdopodobne
way/766325960,level,-1,OpenStreetMap,https://www.openstreetmap.org/way/766325960,ODbL 1.0,2026-10-03,,0.5,prawdopodobne
way/766325969,level,1,OpenStreetMap,https://www.openstreetmap.org/way/766325969,ODbL 1.0,2026-10-03,,0.5,prawdopodobne
way/766325970,level,1,OpenStreetMap,https://www.openstreetmap.org/way/766325970,ODbL 1.0,2026-10-03,,0.5,prawdopodobne
way/766325971,level,1,OpenStreetMap,https://www.openstreetmap.org/way/766325971,ODbL 1.0,2026-10-03,,0.5,prawdopodobne
way/766325973,level,1,OpenStreetMap,https://www.openstreetmap.org/way/766325973,ODbL 1.0,2026-10-03,,0.5,prawdopodobne
way/766325974,level,1,OpenStreetMap,https://www.openstreetmap.org/way/766325974,ODbL 1.0,2026-10-03,,0.5,prawdopodobne
way/766325977,level,1,OpenStreetMap,https://www.openstreetmap.org/way/766325977,ODbL 1.0,2026-10-03,,0.5,prawdopodobne
way/766325978,level,1,OpenStreetMap,https://www.openstreetmap.org/way/766325978,ODbL 1.0,2026-10-03,,0.5,prawdopodobne
way/766325979,level,1,OpenStreetMap,https://www.openstreetmap.org/way/766325979,ODbL 1.0,2026-10-03,,0.5,prawdopodobne
way/766325980,level,1,OpenStreetMap,https://www.openstreetmap.org/way/766325980,ODbL 1.0,2026-10-03,,0.5,prawdopodobne
way/766325981,level,1,OpenStreetMap,https://www.openstreetmap.org/way/766325981,ODbL 1.0,2026-10-03,,0.5,prawdopodobne
way/766325982,level,1,OpenStreetMap,https://www.openstreetmap.org/way/766325982,ODbL 1.0,2026-10-03,,0.5,prawdopodobne
way/766325983,level,1,OpenStreetMap,https://www.openstreetmap.org/way/766325983,ODbL 1.0,2026-10-03,,0.5,prawdopodobne
way/766325986,level,1,OpenStreetMap,https://www.openstreetmap.org/way/766325986,ODbL 1.0,2026-10-03,,0.5,prawdopodobne
way/766325987,level,1,OpenStreetMap,https://www.openstreetmap.org/way/766325987,ODbL 1.0,2026-10-03,,0.5,prawdopodobne
way/766325988,level,1,OpenStreetMap,https://www.openstreetmap.org/way/766325988,ODbL 1.0,2026-10-03,,0.5,prawdopodobne
way/766325994,level,1,OpenStreetMap,https://www.openstreetmap.org/way/766325994,ODbL 1.0,2026-10-03,,0.5,prawdopodobne
way/766325995,level,1,OpenStreetMap,https://www.openstreetmap.org/way/766325995,ODbL 1.0,2026-10-03,,0.5,prawdopodobne
way/766325996,level,1,OpenStreetMap,https://www.openstreetmap.org/way/766325996,ODbL 1.0,2026-10-03,,0.5,prawdopodobne
way/766325997,level,1,OpenStreetMap,https://www.openstreetmap.org/way/766325997,ODbL 1.0,2026-10-03,,0.5,prawdopodobne
way/766325998,level,1,OpenStreetMap,https://www.openstreetmap.org/way/766325998,ODbL 1.0,2026-10-03,,0.5,prawdopodobne
way/766325999,level,1,OpenStreetMap,https://www.openstreetmap.org/way/766325999,ODbL 1.0,2026-10-03,,0.5,prawdopodobne
way/766326000,level,1,OpenStreetMap,https://www.openstreetmap.org/way/766326000,ODbL 1.0,2026-10-03,,0.5,prawdopodobne
way/766326001,level,1,OpenStreetMap,https://www.openstreetmap.org/way/766326001,ODbL 1.0,2026-10-03,,0.5,prawdopodobne
way/766326002,level,1,OpenStreetMap,https://www.openstreetmap.org/way/766326002,ODbL 1.0,2026-10-03,,0.5,prawdopodobne
way/766326003,level,1,OpenStreetMap,https://www.openstreetmap.org/way/766326003,ODbL 1.0,2026-10-03,,0.5,prawdopodobne
way/766326004,level,1,OpenStreetMap,https://www.openstreetmap.org/way/766326004,ODbL 1.0,2026-10-03,,0.5,prawdopodobne
way/766326005,level,1,OpenStreetMap,https://www.openstreetmap.org/way/766326005,ODbL 1.0,2026-10-03,,0.5,prawdopodobne
way/766326006,wheelchair,yes,OpenStreetMap,https://www.openstreetmap.org/way/766326006,ODbL 1.0,2026-10-03,,0.5,prawdopodobne
way/766326006,level,1,OpenStreetMap,https://www.openstreetmap.org/way/766326006,ODbL 1.0,2026-10-03,,0.5,prawdopodobne
way/766326007,level,1,OpenStreetMap,https://www.openstreetmap.org/way/766326007,ODbL 1.0,2026-10-03,,0.5,prawdopodobne
way/766326008,level,1,OpenStreetMap,https://www.openstreetmap.org/way/766326008,ODbL 1.0,2026-10-03,,0.5,prawdopodobne
way/766326009,level,1,OpenStreetMap,https://www.openstreetmap.org/way/766326009,ODbL 1.0,2026-10-03,,0.5,prawdopodobne
way/766326010,level,1,OpenStreetMap,https://www.openstreetmap.org/way/766326010,ODbL 1.0,2026-10-03,,0.5,prawdopodobne
way/766326011,level,1,OpenStreetMap,https://www.openstreetmap.org/way/766326011,ODbL 1.0,2026-10-03,,0.5,prawdopodobne
way/766326012,level,1,OpenStreetMap,https://www.openstreetmap.org/way/766326012,ODbL 1.0,2026-10-03,,0.5,prawdopodobne
way/766326013,level,1,OpenStreetMap,https://www.openstreetmap.org/way/766326013,ODbL 1.0,2026-10-03,,0.5,prawdopodobne
way/766326014,level,1,OpenStreetMap,https://www.openstreetmap.org/way/766326014,ODbL 1.0,2026-10-03,,0.5,prawdopodobne
way/766326015,level,1,OpenStreetMap,https://www.openstreetmap.org/way/766326015,ODbL 1.0,2026-10-03,,0.5,prawdopodobne
way/766326017,level,1,OpenStreetMap,https://www.openstreetmap.org/way/766326017,ODbL 1.0,2026-10-03,,0.5,prawdopodobne
way/766326018,level,1,OpenStreetMap,https://www.openstreetmap.org/way/766326018,ODbL 1.0,2026-10-03,,0.5,prawdopodobne
way/766326019,level,1,OpenStreetMap,https://www.openstreetmap.org/way/766326019,ODbL 1.0,2026-10-03,,0.5,prawdopodobne
way/766326020,level,1,OpenStreetMap,https://www.openstreetmap.org/way/766326020,ODbL 1.0,2026-10-03,,0.5,prawdopodobne
way/766326021,level,1,OpenStreetMap,https://www.openstreetmap.org/way/766326021,ODbL 1.0,2026-10-03,,0.5,prawdopodobne
way/766326022,level,1,OpenStreetMap,https://www.openstreetmap.org/way/766326022,ODbL 1.0,2026-10-03,,0.5,prawdopodobne
way/766326023,level,1,OpenStreetMap,https://www.openstreetmap.org/way/766326023,ODbL 1.0,2026-10-03,,0.5,prawdopodobne
way/766326024,level,1,OpenStreetMap,https://www.openstreetmap.org/way/766326024,ODbL 1.0,2026-10-03,,0.5,prawdopodobne
way/766326025,level,1,OpenStreetMap,https://www.openstreetmap.org/way/766326025,ODbL 1.0,2026-10-03,,0.5,prawdopodobne
way/766326026,level,1,OpenStreetMap,https://www.openstreetmap.org/way/766326026,ODbL 1.0,2026-10-03,,0.5,prawdopodobne
way/766326027,level,1,OpenStreetMap,https://www.openstreetmap.org/way/766326027,ODbL 1.0,2026-10-03,,0.5,prawdopodobne
way/766326029,level,1,OpenStreetMap,https://www.openstreetmap.org/way/766326029,ODbL 1.0,2026-10-03,,0.5,prawdopodobne
way/766326030,level,1,OpenStreetMap,https://www.openstreetmap.org/way/766326030,ODbL 1.0,2026-10-03,,0.5,prawdopodobne
way/766326031,level,1,OpenStreetMap,https://www.openstreetmap.org/way/766326031,ODbL 1.0,2026-10-03,,0.5,prawdopodobne
way/766326032,level,1,OpenStreetMap,https://www.openstreetmap.org/way/766326032,ODbL 1.0,2026-10-03,2024-12-01,0.8,potwierdzone
way/766326033,level,1,OpenStreetMap,https://www.openstreetmap.org/way/766326033,ODbL 1.0,2026-10-03,,0.5,prawdopodobne
way/766326034,level,1,OpenStreetMap,https://www.openstreetmap.org/way/766326034,ODbL 1.0,2026-10-03,,0.5,prawdopodobne
way/766326035,level,1,OpenStreetMap,https://www.openstreetmap.org/way/766326035,ODbL 1.0,2026-10-03,,0.5,prawdopodobne
way/766326036,level,1,OpenStreetMap,https://www.openstreetmap.org/way/766326036,ODbL 1.0,2026-10-03,,0.5,prawdopodobne
way/766326037,level,1,OpenStreetMap,https://www.openstreetmap.org/way/766326037,ODbL 1.0,2026-10-03,,0.5,prawdopodobne
way/766326041,level,1,OpenStreetMap,https://www.openstreetmap.org/way/766326041,ODbL 1.0,2026-10-03,,0.5,prawdopodobne
way/766326043,level,1,OpenStreetMap,https://www.openstreetmap.org/way/766326043,ODbL 1.0,2026-10-03,,0.5,prawdopodobne
way/766326044,level,1,OpenStreetMap,https://www.openstreetmap.org/way/766326044,ODbL 1.0,2026-10-03,,0.5,prawdopodobne
way/766326045,level,1,OpenStreetMap,https://www.openstreetmap.org/way/766326045,ODbL 1.0,2026-10-03,,0.5,prawdopodobne
way/766326046,level,1,OpenStreetMap,https://www.openstreetmap.org/way/766326046,ODbL 1.0,2026-10-03,,0.5,prawdopodobne
way/766326047,level,1,OpenStreetMap,https://www.openstreetmap.org/way/766326047,ODbL 1.0,2026-10-03,,0.5,prawdopodobne
way/766326048,level,1,OpenStreetMap,https://www.openstreetmap.org/way/766326048,ODbL 1.0,2026-10-03,,0.5,prawdopodobne
way/766326049,level,1,OpenStreetMap,https://www.openstreetmap.org/way/766326049,ODbL 1.0,2026-10-03,,0.5,prawdopodobne
way/766326050,level,1,OpenStreetMap,https://www.openstreetmap.org/way/766326050,ODbL 1.0,2026-10-03,,0.5,prawdopodobne
way/766326051,level,1,OpenStreetMap,https://www.openstreetmap.org/way/766326051,ODbL 1.0,2026-10-03,,0.5,prawdopodobne
way/766326052,level,1,OpenStreetMap,https://www.openstreetmap.org/way/766326052,ODbL 1.0,2026-10-03,,0.5,prawdopodobne
way/766326053,level,1,OpenStreetMap,https://www.openstreetmap.org/way/766326053,ODbL 1.0,2026-10-03,,0.5,prawdopodobne
way/766326054,level,1,OpenStreetMap,https://www.openstreetmap.org/way/766326054,ODbL 1.0,2026-10-03,,0.5,prawdopodobne
way/766326055,level,1,OpenStreetMap,https://www.openstreetmap.org/way/766326055,ODbL 1.0,2026-10-03,,0.5,prawdopodobne
way/766326056,level,1,OpenStreetMap,https://www.openstreetmap.org/way/766326056,ODbL 1.0,2026-10-03,,0.5,prawdopodobne
way/766326060,level,1,OpenStreetMap,https://www.openstreetmap.org/way/766326060,ODbL 1.0,2026-10-03,,0.5,prawdopodobne
way/766326061,level,1,OpenStreetMap,https://www.openstreetmap.org/way/766326061,ODbL 1.0,2026-10-03,,0.5,prawdopodobne
way/766326062,level,1,OpenStreetMap,https://www.openstreetmap.org/way/766326062,ODbL 1.0,2026-10-03,,0.5,prawdopodobne
way/766326068,level,0,OpenStreetMap,https://www.openstreetmap.org/way/766326068,ODbL 1.0,2026-10-03,,0.5,prawdopodobne
way/766326069,level,0,OpenStreetMap,https://www.openstreetmap.org/way/766326069,ODbL 1.0,2026-10-03,,0.5,prawdopodobne
way/766326070,level,0,OpenStreetMap,https://www.openstreetmap.org/way/766326070,ODbL 1.0,2026-10-03,,0.5,prawdopodobne
way/766326071,level,0,OpenStreetMap,https://www.openstreetmap.org/way/766326071,ODbL 1.0,2026-10-03,,0.5,prawdopodobne
way/766326072,level,0,OpenStreetMap,https://www.openstreetmap.org/way/766326072,ODbL 1.0,2026-10-03,,0.5,prawdopodobne
way/766326073,level,0,OpenStreetMap,https://www.openstreetmap.org/way/766326073,ODbL 1.0,2026-10-03,,0.5,prawdopodobne
way/766326074,level,0,OpenStreetMap,https://www.openstreetmap.org/way/766326074,ODbL 1.0,2026-10-03,,0.5,prawdopodobne
way/766326075,level,0,OpenStreetMap,https://www.openstreetmap.org/way/766326075,ODbL 1.0,2026-10-03,,0.5,prawdopodobne
way/766326077,level,0,OpenStreetMap,https://www.openstreetmap.org/way/766326077,ODbL 1.0,2026-10-03,,0.5,prawdopodobne
way/766326078,level,0,OpenStreetMap,https://www.openstreetmap.org/way/766326078,ODbL 1.0,2026-10-03,,0.5,prawdopodobne
way/766326079,level,0,OpenStreetMap,https://www.openstreetmap.org/way/766326079,ODbL 1.0,2026-10-03,,0.5,prawdopodobne
way/766326080,level,0,OpenStreetMap,https://www.openstreetmap.org/way/766326080,ODbL 1.0,2026-10-03,,0.5,prawdopodobne
way/766326081,level,0,OpenStreetMap,https://www.openstreetmap.org/way/766326081,ODbL 1.0,2026-10-03,,0.5,prawdopodobne
way/766326082,level,0,OpenStreetMap,https://www.openstreetmap.org/way/766326082,ODbL 1.0,2026-10-03,,0.5,prawdopodobne
way/766326083,level,0,OpenStreetMap,https://www.openstreetmap.org/way/766326083,ODbL 1.0,2026-10-03,,0.5,prawdopodobne
way/766326084,level,0,OpenStreetMap,https://www.openstreetmap.org/way/766326084,ODbL 1.0,2026-10-03,,0.5,prawdopodobne
way/766326085,level,0,OpenStreetMap,https://www.openstreetmap.org/way/766326085,ODbL 1.0,2026-10-03,,0.5,prawdopodobne
way/766326086,level,0,OpenStreetMap,https://www.openstreetmap.org/way/766326086,ODbL 1.0,2026-10-03,,0.5,prawdopodobne
way/766326096,level,0,OpenStreetMap,https://www.openstreetmap.org/way/766326096,ODbL 1.0,2026-10-03,,0.5,prawdopodobne
way/766326097,level,0,OpenStreetMap,https://www.openstreetmap.org/way/766326097,ODbL 1.0,2026-10-03,,0.5,prawdopodobne
way/766326098,level,0,OpenStreetMap,https://www.openstreetmap.org/way/766326098,ODbL 1.0,2026-10-03,,0.5,prawdopodobne
way/766326099,wheelchair,yes,OpenStreetMap,https://www.openstreetmap.org/way/766326099,ODbL 1.0,2026-10-03,,0.5,prawdopodobne
way/766326099,level,0,OpenStreetMap,https://www.openstreetmap.org/way/766326099,ODbL 1.0,2026-10-03,,0.5,prawdopodobne
way/766326101,level,0,OpenStreetMap,https://www.openstreetmap.org/way/766326101,ODbL 1.0,2026-10-03,,0.5,prawdopodobne
way/766326103,level,0,OpenStreetMap,https://www.openstreetmap.org/way/766326103,ODbL 1.0,2026-10-03,,0.5,prawdopodobne
way/766326104,level,0,OpenStreetMap,https://www.openstreetmap.org/way/766326104,ODbL 1.0,2026-10-03,,0.5,prawdopodobne
way/766326105,level,0,OpenStreetMap,https://www.openstreetmap.org/way/766326105,ODbL 1.0,2026-10-03,,0.5,prawdopodobne
way/766326106,level,0,OpenStreetMap,https://www.openstreetmap.org/way/766326106,ODbL 1.0,2026-10-03,,0.5,prawdopodobne
way/766326107,level,0,OpenStreetMap,https://www.openstreetmap.org/way/766326107,ODbL 1.0,2026-10-03,,0.5,prawdopodobne
way/766326108,level,0,OpenStreetMap,https://www.openstreetmap.org/way/766326108,ODbL 1.0,2026-10-03,,0.5,prawdopodobne
way/766326109,level,0,OpenStreetMap,https://www.openstreetmap.org/way/766326109,ODbL 1.0,2026-10-03,,0.5,prawdopodobne
way/766326110,level,0,OpenStreetMap,https://www.openstreetmap.org/way/766326110,ODbL 1.0,2026-10-03,,0.5,prawdopodobne
way/766326111,level,0,OpenStreetMap,https://www.openstreetmap.org/way/766326111,ODbL 1.0,2026-10-03,,0.5,prawdopodobne
way/766326112,level,0,OpenStreetMap,https://www.openstreetmap.org/way/766326112,ODbL 1.0,2026-10-03,,0.5,prawdopodobne
way/766326113,level,0,OpenStreetMap,https://www.openstreetmap.org/way/766326113,ODbL 1.0,2026-10-03,,0.5,prawdopodobne
way/766326114,level,0,OpenStreetMap,https://www.openstreetmap.org/way/766326114,ODbL 1.0,2026-10-03,,0.5,prawdopodobne
way/766326115,level,0,OpenStreetMap,https://www.openstreetmap.org/way/766326115,ODbL 1.0,2026-10-03,,0.5,prawdopodobne
way/766326116,level,0,OpenStreetMap,https://www.openstreetmap.org/way/766326116,ODbL 1.0,2026-10-03,,0.5,prawdopodobne
way/766326117,level,0,OpenStreetMap,https://www.openstreetmap.org/way/766326117,ODbL 1.0,2026-10-03,,0.5,prawdopodobne
way/766326118,level,0,OpenStreetMap,https://www.openstreetmap.org/way/766326118,ODbL 1.0,2026-10-03,,0.5,prawdopodobne
way/766326119,level,0,OpenStreetMap,https://www.openstreetmap.org/way/766326119,ODbL 1.0,2026-10-03,,0.5,prawdopodobne
way/766326122,level,0,OpenStreetMap,https://www.openstreetmap.org/way/766326122,ODbL 1.0,2026-10-03,,0.5,prawdopodobne
way/766326123,level,0,OpenStreetMap,https://www.openstreetmap.org/way/766326123,ODbL 1.0,2026-10-03,,0.5,prawdopodobne
way/766326124,level,0,OpenStreetMap,https://www.openstreetmap.org/way/766326124,ODbL 1.0,2026-10-03,,0.5,prawdopodobne
way/766326125,level,0,OpenStreetMap,https://www.openstreetmap.org/way/766326125,ODbL 1.0,2026-10-03,,0.5,prawdopodobne
way/766326126,level,0,OpenStreetMap,https://www.openstreetmap.org/way/766326126,ODbL 1.0,2026-10-03,,0.5,prawdopodobne
way/766326127,level,0,OpenStreetMap,https://www.openstreetmap.org/way/766326127,ODbL 1.0,2026-10-03,,0.5,prawdopodobne
way/766326128,level,0,OpenStreetMap,https://www.openstreetmap.org/way/766326128,ODbL 1.0,2026-10-03,,0.5,prawdopodobne
way/766326129,level,0,OpenStreetMap,https://www.openstreetmap.org/way/766326129,ODbL 1.0,2026-10-03,,0.5,prawdopodobne
way/766326130,level,0,OpenStreetMap,https://www.openstreetmap.org/way/766326130,ODbL 1.0,2026-10-03,,0.5,prawdopodobne
way/766326131,level,0,OpenStreetMap,https://www.openstreetmap.org/way/766326131,ODbL 1.0,2026-10-03,,0.5,prawdopodobne
way/766326132,level,0,OpenStreetMap,https://www.openstreetmap.org/way/766326132,ODbL 1.0,2026-10-03,,0.5,prawdopodobne
way/766326133,level,0,OpenStreetMap,https://www.openstreetmap.org/way/766326133,ODbL 1.0,2026-10-03,,0.5,prawdopodobne
way/766326134,level,0,OpenStreetMap,https://www.openstreetmap.org/way/766326134,ODbL 1.0,2026-10-03,,0.5,prawdopodobne
way/766326135,level,0,OpenStreetMap,https://www.openstreetmap.org/way/766326135,ODbL 1.0,2026-10-03,,0.5,prawdopodobne
way/766326136,level,0,OpenStreetMap,https://www.openstreetmap.org/way/766326136,ODbL 1.0,2026-10-03,,0.5,prawdopodobne
way/766326137,level,0,OpenStreetMap,https://www.openstreetmap.org/way/766326137,ODbL 1.0,2026-10-03,,0.5,prawdopodobne
way/766326138,level,0,OpenStreetMap,https://www.openstreetmap.org/way/766326138,ODbL 1.0,2026-10-03,,0.5,prawdopodobne
way/766326139,wheelchair,yes,OpenStreetMap,https://www.openstreetmap.org/way/766326139,ODbL 1.0,2026-10-03,,0.5,prawdopodobne
way/766326139,level,0,OpenStreetMap,https://www.openstreetmap.org/way/766326139,ODbL 1.0,2026-10-03,,0.5,prawdopodobne
way/766326140,level,0,OpenStreetMap,https://www.openstreetmap.org/way/766326140,ODbL 1.0,2026-10-03,,0.5,prawdopodobne
way/766326144,level,0,OpenStreetMap,https://www.openstreetmap.org/way/766326144,ODbL 1.0,2026-10-03,,0.5,prawdopodobne
way/766326145,level,0,OpenStreetMap,https://www.openstreetmap.org/way/766326145,ODbL 1.0,2026-10-03,,0.5,prawdopodobne
way/766326146,level,0,OpenStreetMap,https://www.openstreetmap.org/way/766326146,ODbL 1.0,2026-10-03,,0.5,prawdopodobne
way/766326147,level,0,OpenStreetMap,https://www.openstreetmap.org/way/766326147,ODbL 1.0,2026-10-03,,0.5,prawdopodobne
way/766326148,level,0,OpenStreetMap,https://www.openstreetmap.org/way/766326148,ODbL 1.0,2026-10-03,,0.5,prawdopodobne
way/766326149,level,0,OpenStreetMap,https://www.openstreetmap.org/way/766326149,ODbL 1.0,2026-10-03,,0.5,prawdopodobne
way/766326150,level,0,OpenStreetMap,https://www.openstreetmap.org/way/766326150,ODbL 1.0,2026-10-03,,0.5,prawdopodobne
way/766326151,level,0,OpenStreetMap,https://www.openstreetmap.org/way/766326151,ODbL 1.0,2026-10-03,,0.5,prawdopodobne
way/766326152,level,0,OpenStreetMap,https://www.openstreetmap.org/way/766326152,ODbL 1.0,2026-10-03,,0.5,prawdopodobne
way/766326153,level,0,OpenStreetMap,https://www.openstreetmap.org/way/766326153,ODbL 1.0,2026-10-03,,0.5,prawdopodobne
way/766326154,level,0,OpenStreetMap,https://www.openstreetmap.org/way/766326154,ODbL 1.0,2026-10-03,,0.5,prawdopodobne
way/766326155,level,0,OpenStreetMap,https://www.openstreetmap.org/way/766326155,ODbL 1.0,2026-10-03,,0.5,prawdopodobne
way/766326156,level,0,OpenStreetMap,https://www.openstreetmap.org/way/766326156,ODbL 1.0,2026-10-03,,0.5,prawdopodobne
way/766326157,level,0,OpenStreetMap,https://www.openstreetmap.org/way/766326157,ODbL 1.0,2026-10-03,,0.5,prawdopodobne
way/766326158,level,0,OpenStreetMap,https://www.openstreetmap.org/way/766326158,ODbL 1.0,2026-10-03,,0.5,prawdopodobne
way/766326159,level,0,OpenStreetMap,https://www.openstreetmap.org/way/766326159,ODbL 1.0,2026-10-03,,0.5,prawdopodobne
way/766326160,level,0,OpenStreetMap,https://www.openstreetmap.org/way/766326160,ODbL 1.0,2026-10-03,,0.5,prawdopodobne
way/766326161,level,0,OpenStreetMap,https://www.openstreetmap.org/way/766326161,ODbL 1.0,2026-10-03,,0.5,prawdopodobne
way/766326162,level,-1,OpenStreetMap,https://www.openstreetmap.org/way/766326162,ODbL 1.0,2026-10-03,,0.5,prawdopodobne
way/766326163,level,-1,OpenStreetMap,https://www.openstreetmap.org/way/766326163,ODbL 1.0,2026-10-03,,0.5,prawdopodobne
way/766326168,level,-1,OpenStreetMap,https://www.openstreetmap.org/way/766326168,ODbL 1.0,2026-10-03,,0.5,prawdopodobne
way/766326171,level,-1,OpenStreetMap,https://www.openstreetmap.org/way/766326171,ODbL 1.0,2026-10-03,,0.5,prawdopodobne
way/766326174,level,-1,OpenStreetMap,https://www.openstreetmap.org/way/766326174,ODbL 1.0,2026-10-03,,0.5,prawdopodobne
way/766326175,level,-1,OpenStreetMap,https://www.openstreetmap.org/way/766326175,ODbL 1.0,2026-10-03,,0.5,prawdopodobne
way/766326176,level,-1,OpenStreetMap,https://www.openstreetmap.org/way/766326176,ODbL 1.0,2026-10-03,,0.5,prawdopodobne
way/766326177,level,-1,OpenStreetMap,https://www.openstreetmap.org/way/766326177,ODbL 1.0,2026-10-03,,0.5,prawdopodobne
way/766326178,level,-1-1,OpenStreetMap,https://www.openstreetmap.org/way/766326178,ODbL 1.0,2026-10-03,,0.5,prawdopodobne
way/766326179,level,-1-1,OpenStreetMap,https://www.openstreetmap.org/way/766326179,ODbL 1.0,2026-10-03,,0.5,prawdopodobne
way/766326180,level,-1,OpenStreetMap,https://www.openstreetmap.org/way/766326180,ODbL 1.0,2026-10-03,,0.5,prawdopodobne
way/766326181,level,-1,OpenStreetMap,https://www.openstreetmap.org/way/766326181,ODbL 1.0,2026-10-03,,0.5,prawdopodobne
way/766326182,wheelchair,yes,OpenStreetMap,https://www.openstreetmap.org/way/766326182,ODbL 1.0,2026-10-03,,0.5,prawdopodobne
way/766326182,level,-1,OpenStreetMap,https://www.openstreetmap.org/way/766326182,ODbL 1.0,2026-10-03,,0.5,prawdopodobne
way/766326183,level,-1,OpenStreetMap,https://www.openstreetmap.org/way/766326183,ODbL 1.0,2026-10-03,,0.5,prawdopodobne
way/766326184,level,-1,OpenStreetMap,https://www.openstreetmap.org/way/766326184,ODbL 1.0,2026-10-03,,0.5,prawdopodobne
way/766326185,level,-1,OpenStreetMap,https://www.openstreetmap.org/way/766326185,ODbL 1.0,2026-10-03,,0.5,prawdopodobne
way/766326186,level,-1,OpenStreetMap,https://www.openstreetmap.org/way/766326186,ODbL 1.0,2026-10-03,,0.5,prawdopodobne
way/766326187,level,-1,OpenStreetMap,https://www.openstreetmap.org/way/766326187,ODbL 1.0,2026-10-03,,0.5,prawdopodobne
way/766326188,level,-1,OpenStreetMap,https://www.openstreetmap.org/way/766326188,ODbL 1.0,2026-10-03,,0.5,prawdopodobne
way/766326189,level,-1,OpenStreetMap,https://www.openstreetmap.org/way/766326189,ODbL 1.0,2026-10-03,,0.5,prawdopodobne
way/766326190,level,-1,OpenStreetMap,https://www.openstreetmap.org/way/766326190,ODbL 1.0,2026-10-03,,0.5,prawdopodobne
way/766326191,level,-1,OpenStreetMap,https://www.openstreetmap.org/way/766326191,ODbL 1.0,2026-10-03,,0.5,prawdopodobne
way/766326192,level,-1,OpenStreetMap,https://www.openstreetmap.org/way/766326192,ODbL 1.0,2026-10-03,,0.5,prawdopodobne
way/766326193,level,-1,OpenStreetMap,https://www.openstreetmap.org/way/766326193,ODbL 1.0,2026-10-03,,0.5,prawdopodobne
way/766326195,level,-1,OpenStreetMap,https://www.openstreetmap.org/way/766326195,ODbL 1.0,2026-10-03,,0.5,prawdopodobne
way/766326196,level,-1,OpenStreetMap,https://www.openstreetmap.org/way/766326196,ODbL 1.0,2026-10-03,,0.5,prawdopodobne
way/766326197,level,-1,OpenStreetMap,https://www.openstreetmap.org/way/766326197,ODbL 1.0,2026-10-03,,0.5,prawdopodobne
way/766326198,level,-1,OpenStreetMap,https://www.openstreetmap.org/way/766326198,ODbL 1.0,2026-10-03,,0.5,prawdopodobne
way/766326199,level,-1,OpenStreetMap,https://www.openstreetmap.org/way/766326199,ODbL 1.0,2026-10-03,,0.5,prawdopodobne
way/766326200,level,-1,OpenStreetMap,https://www.openstreetmap.org/way/766326200,ODbL 1.0,2026-10-03,,0.5,prawdopodobne
way/766326201,level,-1,OpenStreetMap,https://www.openstreetmap.org/way/766326201,ODbL 1.0,2026-10-03,,0.5,prawdopodobne
way/766326202,level,-1,OpenStreetMap,https://www.openstreetmap.org/way/766326202,ODbL 1.0,2026-10-03,,0.5,prawdopodobne
way/766326203,level,-1,OpenStreetMap,https://www.openstreetmap.org/way/766326203,ODbL 1.0,2026-10-03,,0.5,prawdopodobne
way/766326204,level,-1,OpenStreetMap,https://www.openstreetmap.org/way/766326204,ODbL 1.0,2026-10-03,,0.5,prawdopodobne
way/766326205,level,-1,OpenStreetMap,https://www.openstreetmap.org/way/766326205,ODbL 1.0,2026-10-03,,0.5,prawdopodobne
way/766326206,level,-1,OpenStreetMap,https://www.openstreetmap.org/way/766326206,ODbL 1.0,2026-10-03,,0.5,prawdopodobne
way/766326207,level,-1,OpenStreetMap,https://www.openstreetmap.org/way/766326207,ODbL 1.0,2026-10-03,,0.5,prawdopodobne
way/766326208,level,-1,OpenStreetMap,https://www.openstreetmap.org/way/766326208,ODbL 1.0,2026-10-03,,0.5,prawdopodobne
way/766326209,level,-1,OpenStreetMap,https://www.openstreetmap.org/way/766326209,ODbL 1.0,2026-10-03,,0.5,prawdopodobne
way/766326210,level,-1,OpenStreetMap,https://www.openstreetmap.org/way/766326210,ODbL 1.0,2026-10-03,,0.5,prawdopodobne
way/766326211,level,-1,OpenStreetMap,https://www.openstreetmap.org/way/766326211,ODbL 1.0,2026-10-03,,0.5,prawdopodobne
way/766326212,level,-1,OpenStreetMap,https://www.openstreetmap.org/way/766326212,ODbL 1.0,2026-10-03,,0.5,prawdopodobne
way/766326213,level,-1,OpenStreetMap,https://www.openstreetmap.org/way/766326213,ODbL 1.0,2026-10-03,,0.5,prawdopodobne
way/766326214,level,-1,OpenStreetMap,https://www.openstreetmap.org/way/766326214,ODbL 1.0,2026-10-03,,0.5,prawdopodobne
way/766326215,level,-1,OpenStreetMap,https://www.openstreetmap.org/way/766326215,ODbL 1.0,2026-10-03,,0.5,prawdopodobne
way/766326218,level,-1,OpenStreetMap,https://www.openstreetmap.org/way/766326218,ODbL 1.0,2026-10-03,,0.5,prawdopodobne
way/766326219,level,-1,OpenStreetMap,https://www.openstreetmap.org/way/766326219,ODbL 1.0,2026-10-03,,0.5,prawdopodobne
way/766326220,level,-1,OpenStreetMap,https://www.openstreetmap.org/way/766326220,ODbL 1.0,2026-10-03,,0.5,prawdopodobne
way/766326221,level,-1,OpenStreetMap,https://www.openstreetmap.org/way/766326221,ODbL 1.0,2026-10-03,,0.5,prawdopodobne
way/766326222,level,-1,OpenStreetMap,https://www.openstreetmap.org/way/766326222,ODbL 1.0,2026-10-03,,0.5,prawdopodobne
way/766326223,level,-1,OpenStreetMap,https://www.openstreetmap.org/way/766326223,ODbL 1.0,2026-10-03,,0.5,prawdopodobne
way/766326224,level,-1,OpenStreetMap,https://www.openstreetmap.org/way/766326224,ODbL 1.0,2026-10-03,,0.5,prawdopodobne
way/766326225,level,-1,OpenStreetMap,https://www.openstreetmap.org/way/766326225,ODbL 1.0,2026-10-03,,0.5,prawdopodobne
way/766326226,level,-1,OpenStreetMap,https://www.openstreetmap.org/way/766326226,ODbL 1.0,2026-10-03,,0.5,prawdopodobne
way/766326227,level,-1,OpenStreetMap,https://www.openstreetmap.org/way/766326227,ODbL 1.0,2026-10-03,,0.5,prawdopodobne
way/766326228,level,-1,OpenStreetMap,https://www.openstreetmap.org/way/766326228,ODbL 1.0,2026-10-03,,0.5,prawdopodobne
way/766326229,level,-1,OpenStreetMap,https://www.openstreetmap.org/way/766326229,ODbL 1.0,2026-10-03,,0.5,prawdopodobne
way/766326230,level,-1,OpenStreetMap,https://www.openstreetmap.org/way/766326230,ODbL 1.0,2026-10-03,,0.5,prawdopodobne
way/766326231,level,-1,OpenStreetMap,https://www.openstreetmap.org/way/766326231,ODbL 1.0,2026-10-03,,0.5,prawdopodobne
way/766326232,level,-1,OpenStreetMap,https://www.openstreetmap.org/way/766326232,ODbL 1.0,2026-10-03,,0.5,prawdopodobne
way/766326233,level,-1,OpenStreetMap,https://www.openstreetmap.org/way/766326233,ODbL 1.0,2026-10-03,,0.5,prawdopodobne
way/766326234,level,-1,OpenStreetMap,https://www.openstreetmap.org/way/766326234,ODbL 1.0,2026-10-03,,0.5,prawdopodobne
way/766326235,level,-1,OpenStreetMap,https://www.openstreetmap.org/way/766326235,ODbL 1.0,2026-10-03,,0.5,prawdopodobne
way/766326237,level,-1,OpenStreetMap,https://www.openstreetmap.org/way/766326237,ODbL 1.0,2026-10-03,,0.5,prawdopodobne
way/766326238,level,-1,OpenStreetMap,https://www.openstreetmap.org/way/766326238,ODbL 1.0,2026-10-03,,0.5,prawdopodobne
way/766326239,level,-1,OpenStreetMap,https://www.openstreetmap.org/way/766326239,ODbL 1.0,2026-10-03,,0.5,prawdopodobne
way/766326240,level,-1,OpenStreetMap,https://www.openstreetmap.org/way/766326240,ODbL 1.0,2026-10-03,,0.5,prawdopodobne
way/766326241,level,-1,OpenStreetMap,https://www.openstreetmap.org/way/766326241,ODbL 1.0,2026-10-03,,0.5,prawdopodobne
way/766326242,level,-1,OpenStreetMap,https://www.openstreetmap.org/way/766326242,ODbL 1.0,2026-10-03,,0.5,prawdopodobne
way/766326243,level,-1,OpenStreetMap,https://www.openstreetmap.org/way/766326243,ODbL 1.0,2026-10-03,,0.5,prawdopodobne
way/766326244,level,-1,OpenStreetMap,https://www.openstreetmap.org/way/766326244,ODbL 1.0,2026-10-03,,0.5,prawdopodobne
way/766326245,wheelchair,yes,OpenStreetMap,https://www.openstreetmap.org/way/766326245,ODbL 1.0,2026-10-03,,0.5,prawdopodobne
way/766326245,level,-1,OpenStreetMap,https://www.openstreetmap.org/way/766326245,ODbL 1.0,2026-10-03,,0.5,prawdopodobne
way/766326247,level,-1,OpenStreetMap,https://www.openstreetmap.org/way/766326247,ODbL 1.0,2026-10-03,,0.5,prawdopodobne
way/766326248,level,-1,OpenStreetMap,https://www.openstreetmap.org/way/766326248,ODbL 1.0,2026-10-03,,0.5,prawdopodobne
way/766326249,level,-1,OpenStreetMap,https://www.openstreetmap.org/way/766326249,ODbL 1.0,2026-10-03,,0.5,prawdopodobne
way/766326250,level,-1,OpenStreetMap,https://www.openstreetmap.org/way/766326250,ODbL 1.0,2026-10-03,,0.5,prawdopodobne
way/766326251,wheelchair,yes,OpenStreetMap,https://www.openstreetmap.org/way/766326251,ODbL 1.0,2026-10-03,,0.5,prawdopodobne
way/766326251,level,-1,OpenStreetMap,https://www.openstreetmap.org/way/766326251,ODbL 1.0,2026-10-03,,0.5,prawdopodobne
way/766326252,level,-1,OpenStreetMap,https://www.openstreetmap.org/way/766326252,ODbL 1.0,2026-10-03,,0.5,prawdopodobne
way/766326253,level,-1-1,OpenStreetMap,https://www.openstreetmap.org/way/766326253,ODbL 1.0,2026-10-03,,0.5,prawdopodobne
way/766326254,level,-1-1,OpenStreetMap,https://www.openstreetmap.org/way/766326254,ODbL 1.0,2026-10-03,,0.5,prawdopodobne
way/766326255,level,-1,OpenStreetMap,https://www.openstreetmap.org/way/766326255,ODbL 1.0,2026-10-03,,0.5,prawdopodobne
way/766326256,level,-1,OpenStreetMap,https://www.openstreetmap.org/way/766326256,ODbL 1.0,2026-10-03,,0.5,prawdopodobne
way/766326257,level,-1,OpenStreetMap,https://www.openstreetmap.org/way/766326257,ODbL 1.0,2026-10-03,,0.5,prawdopodobne
way/766326258,level,-1,OpenStreetMap,https://www.openstreetmap.org/way/766326258,ODbL 1.0,2026-10-03,,0.5,prawdopodobne
way/766326259,level,-1,OpenStreetMap,https://www.openstreetmap.org/way/766326259,ODbL 1.0,2026-10-03,,0.5,prawdopodobne
way/827644994,wheelchair,no,OpenStreetMap,https://www.openstreetmap.org/way/827644994,ODbL 1.0,2026-10-03,,0.5,prawdopodobne
way/827644994,wheelchair:description,"można obejrzeć schody z filmu, same schody nie są przystosowane do ruchu wózków inwalidzkich",OpenStreetMap,https://www.openstreetmap.org/way/827644994,ODbL 1.0,2026-10-03,,0.5,prawdopodobne
way/848212106,wheelchair,yes,OpenStreetMap,https://www.openstreetmap.org/way/848212106,ODbL 1.0,2026-10-03,,0.5,prawdopodobne
way/848212112,wheelchair,yes,OpenStreetMap,https://www.openstreetmap.org/way/848212112,ODbL 1.0,2026-10-03,,0.5,prawdopodobne
way/848345155,wheelchair,no,OpenStreetMap,https://www.openstreetmap.org/way/848345155,ODbL 1.0,2026-10-03,2026-04-21,0.8,potwierdzone
way/848345155,level,0;1;3,OpenStreetMap,https://www.openstreetmap.org/way/848345155,ODbL 1.0,2026-10-03,2026-04-21,0.8,potwierdzone
way/848428285,wheelchair,no,OpenStreetMap,https://www.openstreetmap.org/way/848428285,ODbL 1.0,2026-10-03,2023-09-15,0.66,prawdopodobne
way/848428285,level,2,OpenStreetMap,https://www.openstreetmap.org/way/848428285,ODbL 1.0,2026-10-03,2023-09-15,0.66,prawdopodobne
way/907767030,lit,no,OpenStreetMap,https://www.openstreetmap.org/way/907767030,ODbL 1.0,2026-10-03,,0.5,prawdopodobne
way/954234535,wheelchair,yes,OpenStreetMap,https://www.openstreetmap.org/way/954234535,ODbL 1.0,2026-10-03,,0.5,prawdopodobne
way/954234535,changing_table,yes,OpenStreetMap,https://www.openstreetmap.org/way/954234535,ODbL 1.0,2026-10-03,,0.5,prawdopodobne
way/1013618099,lit,yes,OpenStreetMap,https://www.openstreetmap.org/way/1013618099,ODbL 1.0,2026-10-03,,0.5,prawdopodobne
way/1039863609,wheelchair,yes,OpenStreetMap,https://www.openstreetmap.org/way/1039863609,ODbL 1.0,2026-10-03,,0.5,prawdopodobne
way/1042023157,wheelchair,yes,OpenStreetMap,https://www.openstreetmap.org/way/1042023157,ODbL 1.0,2026-10-03,,0.5,prawdopodobne
way/1042023157,toilets:wheelchair,yes,OpenStreetMap,https://www.openstreetmap.org/way/1042023157,ODbL 1.0,2026-10-03,,0.5,prawdopodobne
way/1101846270,level,7,OpenStreetMap,https://www.openstreetmap.org/way/1101846270,ODbL 1.0,2026-10-03,,0.5,prawdopodobne
way/1202088334,level,-1,OpenStreetMap,https://www.openstreetmap.org/way/1202088334,ODbL 1.0,2026-10-03,,0.5,prawdopodobne
way/1202089810,level,-1,OpenStreetMap,https://www.openstreetmap.org/way/1202089810,ODbL 1.0,2026-10-03,,0.5,prawdopodobne
way/1202089811,level,-1,OpenStreetMap,https://www.openstreetmap.org/way/1202089811,ODbL 1.0,2026-10-03,,0.5,prawdopodobne
way/1204627587,bench,yes,OpenStreetMap,https://www.openstreetmap.org/way/1204627587,ODbL 1.0,2026-10-03,,0.5,prawdopodobne
way/1204627587,tactile_paving,yes,OpenStreetMap,https://www.openstreetmap.org/way/1204627587,ODbL 1.0,2026-10-03,,0.5,prawdopodobne
way/1204627587,lit,yes,OpenStreetMap,https://www.openstreetmap.org/way/1204627587,ODbL 1.0,2026-10-03,,0.5,prawdopodobne
way/1204627588,bench,yes,OpenStreetMap,https://www.openstreetmap.org/way/1204627588,ODbL 1.0,2026-10-03,,0.5,prawdopodobne
way/1204627588,tactile_paving,yes,OpenStreetMap,https://www.openstreetmap.org/way/1204627588,ODbL 1.0,2026-10-03,,0.5,prawdopodobne
way/1204627588,lit,yes,OpenStreetMap,https://www.openstreetmap.org/way/1204627588,ODbL 1.0,2026-10-03,,0.5,prawdopodobne
way/1213147908,bench,yes,OpenStreetMap,https://www.openstreetmap.org/way/1213147908,ODbL 1.0,2026-10-03,,0.5,prawdopodobne
way/1213147908,tactile_paving,no,OpenStreetMap,https://www.openstreetmap.org/way/1213147908,ODbL 1.0,2026-10-03,,0.5,prawdopodobne
way/1213147908,lit,yes,OpenStreetMap,https://www.openstreetmap.org/way/1213147908,ODbL 1.0,2026-10-03,,0.5,prawdopodobne
way/1214663589,lit,no,OpenStreetMap,https://www.openstreetmap.org/way/1214663589,ODbL 1.0,2026-10-03,,0.5,prawdopodobne
way/1214663590,lit,no,OpenStreetMap,https://www.openstreetmap.org/way/1214663590,ODbL 1.0,2026-10-03,,0.5,prawdopodobne
way/1214663591,lit,limited,OpenStreetMap,https://www.openstreetmap.org/way/1214663591,ODbL 1.0,2026-10-03,,0.5,prawdopodobne
way/1220575083,bench,no,OpenStreetMap,https://www.openstreetmap.org/way/1220575083,ODbL 1.0,2026-10-03,,0.5,prawdopodobne
way/1239995673,wheelchair,yes,OpenStreetMap,https://www.openstreetmap.org/way/1239995673,ODbL 1.0,2026-10-03,,0.5,prawdopodobne
way/1239995673,bench,yes,OpenStreetMap,https://www.openstreetmap.org/way/1239995673,ODbL 1.0,2026-10-03,,0.5,prawdopodobne
way/1239995673,tactile_paving,no,OpenStreetMap,https://www.openstreetmap.org/way/1239995673,ODbL 1.0,2026-10-03,,0.5,prawdopodobne
way/1239995673,lit,yes,OpenStreetMap,https://www.openstreetmap.org/way/1239995673,ODbL 1.0,2026-10-03,,0.5,prawdopodobne
way/1242081307,wheelchair,yes,OpenStreetMap,https://www.openstreetmap.org/way/1242081307,ODbL 1.0,2026-10-03,2026-08-08,0.8,potwierdzone
way/1242081317,wheelchair,no,OpenStreetMap,https://www.openstreetmap.org/way/1242081317,ODbL 1.0,2026-10-03,,0.5,prawdopodobne
way/1243566357,wheelchair,yes,OpenStreetMap,https://www.openstreetmap.org/way/1243566357,ODbL 1.0,2026-10-03,,0.5,prawdopodobne
way/1271670050,bench,yes,OpenStreetMap,https://www.openstreetmap.org/way/1271670050,ODbL 1.0,2026-10-03,,0.5,prawdopodobne
way/1271670050,tactile_paving,no,OpenStreetMap,https://www.openstreetmap.org/way/1271670050,ODbL 1.0,2026-10-03,,0.5,prawdopodobne
way/1271670050,lit,yes,OpenStreetMap,https://www.openstreetmap.org/way/1271670050,ODbL 1.0,2026-10-03,,0.5,prawdopodobne
way/1271670051,bench,yes,OpenStreetMap,https://www.openstreetmap.org/way/1271670051,ODbL 1.0,2026-10-03,,0.5,prawdopodobne
way/1271670051,tactile_paving,no,OpenStreetMap,https://www.openstreetmap.org/way/1271670051,ODbL 1.0,2026-10-03,,0.5,prawdopodobne
way/1271670051,lit,yes,OpenStreetMap,https://www.openstreetmap.org/way/1271670051,ODbL 1.0,2026-10-03,,0.5,prawdopodobne
way/1271670052,bench,yes,OpenStreetMap,https://www.openstreetmap.org/way/1271670052,ODbL 1.0,2026-10-03,,0.5,prawdopodobne
way/1271670052,tactile_paving,no,OpenStreetMap,https://www.openstreetmap.org/way/1271670052,ODbL 1.0,2026-10-03,,0.5,prawdopodobne
way/1271670052,lit,yes,OpenStreetMap,https://www.openstreetmap.org/way/1271670052,ODbL 1.0,2026-10-03,,0.5,prawdopodobne
way/1271670053,bench,yes,OpenStreetMap,https://www.openstreetmap.org/way/1271670053,ODbL 1.0,2026-10-03,,0.5,prawdopodobne
way/1271670053,tactile_paving,no,OpenStreetMap,https://www.openstreetmap.org/way/1271670053,ODbL 1.0,2026-10-03,,0.5,prawdopodobne
way/1271670053,lit,yes,OpenStreetMap,https://www.openstreetmap.org/way/1271670053,ODbL 1.0,2026-10-03,,0.5,prawdopodobne
way/1271670054,bench,yes,OpenStreetMap,https://www.openstreetmap.org/way/1271670054,ODbL 1.0,2026-10-03,,0.5,prawdopodobne
way/1271670054,tactile_paving,no,OpenStreetMap,https://www.openstreetmap.org/way/1271670054,ODbL 1.0,2026-10-03,,0.5,prawdopodobne
way/1271670054,lit,yes,OpenStreetMap,https://www.openstreetmap.org/way/1271670054,ODbL 1.0,2026-10-03,,0.5,prawdopodobne
way/1271670055,bench,yes,OpenStreetMap,https://www.openstreetmap.org/way/1271670055,ODbL 1.0,2026-10-03,,0.5,prawdopodobne
way/1271670055,tactile_paving,no,OpenStreetMap,https://www.openstreetmap.org/way/1271670055,ODbL 1.0,2026-10-03,,0.5,prawdopodobne
way/1271670055,lit,yes,OpenStreetMap,https://www.openstreetmap.org/way/1271670055,ODbL 1.0,2026-10-03,,0.5,prawdopodobne
way/1271670056,bench,yes,OpenStreetMap,https://www.openstreetmap.org/way/1271670056,ODbL 1.0,2026-10-03,,0.5,prawdopodobne
way/1271670056,lit,yes,OpenStreetMap,https://www.openstreetmap.org/way/1271670056,ODbL 1.0,2026-10-03,,0.5,prawdopodobne
way/1271670057,bench,yes,OpenStreetMap,https://www.openstreetmap.org/way/1271670057,ODbL 1.0,2026-10-03,,0.5,prawdopodobne
way/1271670057,tactile_paving,no,OpenStreetMap,https://www.openstreetmap.org/way/1271670057,ODbL 1.0,2026-10-03,,0.5,prawdopodobne
way/1271670057,lit,yes,OpenStreetMap,https://www.openstreetmap.org/way/1271670057,ODbL 1.0,2026-10-03,,0.5,prawdopodobne
way/1284375894,wheelchair,yes,OpenStreetMap,https://www.openstreetmap.org/way/1284375894,ODbL 1.0,2026-10-03,,0.5,prawdopodobne
way/1313952014,lit,yes,OpenStreetMap,https://www.openstreetmap.org/way/1313952014,ODbL 1.0,2026-10-03,,0.5,prawdopodobne
way/1313952016,lit,yes,OpenStreetMap,https://www.openstreetmap.org/way/1313952016,ODbL 1.0,2026-10-03,,0.5,prawdopodobne
way/1313952018,lit,yes,OpenStreetMap,https://www.openstreetmap.org/way/1313952018,ODbL 1.0,2026-10-03,,0.5,prawdopodobne
way/1313952019,lit,yes,OpenStreetMap,https://www.openstreetmap.org/way/1313952019,ODbL 1.0,2026-10-03,,0.5,prawdopodobne
way/1323950754,wheelchair,limited,OpenStreetMap,https://www.openstreetmap.org/way/1323950754,ODbL 1.0,2026-10-03,,0.5,prawdopodobne
way/1323950754,lit,yes,OpenStreetMap,https://www.openstreetmap.org/way/1323950754,ODbL 1.0,2026-10-03,,0.5,prawdopodobne
way/1323950757,wheelchair,yes,OpenStreetMap,https://www.openstreetmap.org/way/1323950757,ODbL 1.0,2026-10-03,,0.5,prawdopodobne
way/1323950757,lit,no,OpenStreetMap,https://www.openstreetmap.org/way/1323950757,ODbL 1.0,2026-10-03,,0.5,prawdopodobne
way/1334317116,wheelchair,yes,OpenStreetMap,https://www.openstreetmap.org/way/1334317116,ODbL 1.0,2026-10-03,,0.5,prawdopodobne
way/1364523622,lit,yes,OpenStreetMap,https://www.openstreetmap.org/way/1364523622,ODbL 1.0,2026-10-03,,0.5,prawdopodobne
way/1389265943,lit,yes,OpenStreetMap,https://www.openstreetmap.org/way/1389265943,ODbL 1.0,2026-10-03,,0.5,prawdopodobne
way/1414077773,lit,yes,OpenStreetMap,https://www.openstreetmap.org/way/1414077773,ODbL 1.0,2026-10-03,,0.5,prawdopodobne
way/1414077774,lit,yes,OpenStreetMap,https://www.openstreetmap.org/way/1414077774,ODbL 1.0,2026-10-03,,0.5,prawdopodobne
way/1414077775,lit,yes,OpenStreetMap,https://www.openstreetmap.org/way/1414077775,ODbL 1.0,2026-10-03,,0.5,prawdopodobne
way/1414077778,lit,yes,OpenStreetMap,https://www.openstreetmap.org/way/1414077778,ODbL 1.0,2026-10-03,,0.5,prawdopodobne
way/1414077779,lit,yes,OpenStreetMap,https://www.openstreetmap.org/way/1414077779,ODbL 1.0,2026-10-03,,0.5,prawdopodobne
way/1433524720,wheelchair,designated,OpenStreetMap,https://www.openstreetmap.org/way/1433524720,ODbL 1.0,2026-10-03,,0.5,prawdopodobne
way/1433524720,level,-1;0,OpenStreetMap,https://www.openstreetmap.org/way/1433524720,ODbL 1.0,2026-10-03,,0.5,prawdopodobne
way/1452563102,wheelchair,limited,OpenStreetMap,https://www.openstreetmap.org/way/1452563102,ODbL 1.0,2026-10-03,2025-06-27,0.8,potwierdzone
way/1452910695,wheelchair,yes,OpenStreetMap,https://www.openstreetmap.org/way/1452910695,ODbL 1.0,2026-10-03,,0.5,prawdopodobne
way/1458778501,wheelchair,limited,OpenStreetMap,https://www.openstreetmap.org/way/1458778501,ODbL 1.0,2026-10-03,,0.5,prawdopodobne
way/1466812991,level,0,OpenStreetMap,https://www.openstreetmap.org/way/1466812991,ODbL 1.0,2026-10-03,,0.5,prawdopodobne
way/1466812992,level,0,OpenStreetMap,https://www.openstreetmap.org/way/1466812992,ODbL 1.0,2026-10-03,,0.5,prawdopodobne
way/1466812993,level,0,OpenStreetMap,https://www.openstreetmap.org/way/1466812993,ODbL 1.0,2026-10-03,,0.5,prawdopodobne
way/1466812994,level,0,OpenStreetMap,https://www.openstreetmap.org/way/1466812994,ODbL 1.0,2026-10-03,,0.5,prawdopodobne
way/1466812995,level,0,OpenStreetMap,https://www.openstreetmap.org/way/1466812995,ODbL 1.0,2026-10-03,,0.5,prawdopodobne
way/1466812996,level,0,OpenStreetMap,https://www.openstreetmap.org/way/1466812996,ODbL 1.0,2026-10-03,,0.5,prawdopodobne
way/1466812997,level,0,OpenStreetMap,https://www.openstreetmap.org/way/1466812997,ODbL 1.0,2026-10-03,,0.5,prawdopodobne
way/1466812998,level,0,OpenStreetMap,https://www.openstreetmap.org/way/1466812998,ODbL 1.0,2026-10-03,,0.5,prawdopodobne
way/1466812999,level,0,OpenStreetMap,https://www.openstreetmap.org/way/1466812999,ODbL 1.0,2026-10-03,,0.5,prawdopodobne
way/1466813000,level,0,OpenStreetMap,https://www.openstreetmap.org/way/1466813000,ODbL 1.0,2026-10-03,,0.5,prawdopodobne
way/1466813002,level,0,OpenStreetMap,https://www.openstreetmap.org/way/1466813002,ODbL 1.0,2026-10-03,,0.5,prawdopodobne
way/1466813003,level,0,OpenStreetMap,https://www.openstreetmap.org/way/1466813003,ODbL 1.0,2026-10-03,,0.5,prawdopodobne
way/1466813004,level,0,OpenStreetMap,https://www.openstreetmap.org/way/1466813004,ODbL 1.0,2026-10-03,,0.5,prawdopodobne
way/1466813005,level,0,OpenStreetMap,https://www.openstreetmap.org/way/1466813005,ODbL 1.0,2026-10-03,,0.5,prawdopodobne
way/1466813006,level,0,OpenStreetMap,https://www.openstreetmap.org/way/1466813006,ODbL 1.0,2026-10-03,,0.5,prawdopodobne
way/1466813007,level,0,OpenStreetMap,https://www.openstreetmap.org/way/1466813007,ODbL 1.0,2026-10-03,,0.5,prawdopodobne
way/1466813008,level,0,OpenStreetMap,https://www.openstreetmap.org/way/1466813008,ODbL 1.0,2026-10-03,,0.5,prawdopodobne
way/1467084399,level,0,OpenStreetMap,https://www.openstreetmap.org/way/1467084399,ODbL 1.0,2026-10-03,,0.5,prawdopodobne
way/1467084400,level,0,OpenStreetMap,https://www.openstreetmap.org/way/1467084400,ODbL 1.0,2026-10-03,,0.5,prawdopodobne
way/1467084401,level,0,OpenStreetMap,https://www.openstreetmap.org/way/1467084401,ODbL 1.0,2026-10-03,,0.5,prawdopodobne
way/1467084402,level,0,OpenStreetMap,https://www.openstreetmap.org/way/1467084402,ODbL 1.0,2026-10-03,,0.5,prawdopodobne
way/1467084403,level,0,OpenStreetMap,https://www.openstreetmap.org/way/1467084403,ODbL 1.0,2026-10-03,,0.5,prawdopodobne
way/1467084408,level,0,OpenStreetMap,https://www.openstreetmap.org/way/1467084408,ODbL 1.0,2026-10-03,,0.5,prawdopodobne
way/1467084409,level,0,OpenStreetMap,https://www.openstreetmap.org/way/1467084409,ODbL 1.0,2026-10-03,,0.5,prawdopodobne
way/1467084410,level,0,OpenStreetMap,https://www.openstreetmap.org/way/1467084410,ODbL 1.0,2026-10-03,,0.5,prawdopodobne
way/1467084411,level,0,OpenStreetMap,https://www.openstreetmap.org/way/1467084411,ODbL 1.0,2026-10-03,,0.5,prawdopodobne
way/1467084412,level,0,OpenStreetMap,https://www.openstreetmap.org/way/1467084412,ODbL 1.0,2026-10-03,,0.5,prawdopodobne
way/1467084413,level,0,OpenStreetMap,https://www.openstreetmap.org/way/1467084413,ODbL 1.0,2026-10-03,,0.5,prawdopodobne
way/1467084414,level,0,OpenStreetMap,https://www.openstreetmap.org/way/1467084414,ODbL 1.0,2026-10-03,,0.5,prawdopodobne
way/1467089661,level,0,OpenStreetMap,https://www.openstreetmap.org/way/1467089661,ODbL 1.0,2026-10-03,,0.5,prawdopodobne
way/1467089662,level,0,OpenStreetMap,https://www.openstreetmap.org/way/1467089662,ODbL 1.0,2026-10-03,,0.5,prawdopodobne
way/1467089663,level,0,OpenStreetMap,https://www.openstreetmap.org/way/1467089663,ODbL 1.0,2026-10-03,,0.5,prawdopodobne
way/1467089664,level,0,OpenStreetMap,https://www.openstreetmap.org/way/1467089664,ODbL 1.0,2026-10-03,,0.5,prawdopodobne
way/1467089665,level,0,OpenStreetMap,https://www.openstreetmap.org/way/1467089665,ODbL 1.0,2026-10-03,,0.5,prawdopodobne
way/1467089666,level,0,OpenStreetMap,https://www.openstreetmap.org/way/1467089666,ODbL 1.0,2026-10-03,,0.5,prawdopodobne
way/1467089667,level,0,OpenStreetMap,https://www.openstreetmap.org/way/1467089667,ODbL 1.0,2026-10-03,,0.5,prawdopodobne
way/1467089668,level,0,OpenStreetMap,https://www.openstreetmap.org/way/1467089668,ODbL 1.0,2026-10-03,,0.5,prawdopodobne
way/1467089669,level,0,OpenStreetMap,https://www.openstreetmap.org/way/1467089669,ODbL 1.0,2026-10-03,,0.5,prawdopodobne
way/1467089670,level,0,OpenStreetMap,https://www.openstreetmap.org/way/1467089670,ODbL 1.0,2026-10-03,,0.5,prawdopodobne
way/1467089671,level,0,OpenStreetMap,https://www.openstreetmap.org/way/1467089671,ODbL 1.0,2026-10-03,,0.5,prawdopodobne
way/1467089672,level,0,OpenStreetMap,https://www.openstreetmap.org/way/1467089672,ODbL 1.0,2026-10-03,,0.5,prawdopodobne
way/1467089673,level,0,OpenStreetMap,https://www.openstreetmap.org/way/1467089673,ODbL 1.0,2026-10-03,,0.5,prawdopodobne
way/1467089674,level,0,OpenStreetMap,https://www.openstreetmap.org/way/1467089674,ODbL 1.0,2026-10-03,,0.5,prawdopodobne
way/1467089675,level,0,OpenStreetMap,https://www.openstreetmap.org/way/1467089675,ODbL 1.0,2026-10-03,,0.5,prawdopodobne
way/1467089676,level,0,OpenStreetMap,https://www.openstreetmap.org/way/1467089676,ODbL 1.0,2026-10-03,,0.5,prawdopodobne
way/1467089677,level,0,OpenStreetMap,https://www.openstreetmap.org/way/1467089677,ODbL 1.0,2026-10-03,,0.5,prawdopodobne
way/1467089678,level,0,OpenStreetMap,https://www.openstreetmap.org/way/1467089678,ODbL 1.0,2026-10-03,,0.5,prawdopodobne
way/1467089679,level,0,OpenStreetMap,https://www.openstreetmap.org/way/1467089679,ODbL 1.0,2026-10-03,,0.5,prawdopodobne
way/1467089680,level,0,OpenStreetMap,https://www.openstreetmap.org/way/1467089680,ODbL 1.0,2026-10-03,,0.5,prawdopodobne
way/1467089681,level,0,OpenStreetMap,https://www.openstreetmap.org/way/1467089681,ODbL 1.0,2026-10-03,,0.5,prawdopodobne
way/1467089682,level,0,OpenStreetMap,https://www.openstreetmap.org/way/1467089682,ODbL 1.0,2026-10-03,,0.5,prawdopodobne
way/1467089683,level,0,OpenStreetMap,https://www.openstreetmap.org/way/1467089683,ODbL 1.0,2026-10-03,,0.5,prawdopodobne
way/1467089684,level,0,OpenStreetMap,https://www.openstreetmap.org/way/1467089684,ODbL 1.0,2026-10-03,,0.5,prawdopodobne
way/1467089685,level,0,OpenStreetMap,https://www.openstreetmap.org/way/1467089685,ODbL 1.0,2026-10-03,,0.5,prawdopodobne
way/1499622113,level,0,OpenStreetMap,https://www.openstreetmap.org/way/1499622113,ODbL 1.0,2026-10-03,,0.5,prawdopodobne
way/1501371751,level,0,OpenStreetMap,https://www.openstreetmap.org/way/1501371751,ODbL 1.0,2026-10-03,,0.5,prawdopodobne
way/1515551605,bench,yes,OpenStreetMap,https://www.openstreetmap.org/way/1515551605,ODbL 1.0,2026-10-03,,0.5,prawdopodobne
way/1529241186,wheelchair,no,OpenStreetMap,https://www.openstreetmap.org/way/1529241186,ODbL 1.0,2026-10-03,,0.5,prawdopodobne
way/1551794529,wheelchair,yes,OpenStreetMap,https://www.openstreetmap.org/way/1551794529,ODbL 1.0,2026-10-03,,0.5,prawdopodobne
way/1552349740,lit,yes,OpenStreetMap,https://www.openstreetmap.org/way/1552349740,ODbL 1.0,2026-10-03,,0.5,prawdopodobne
way/1552983226,lit,no,OpenStreetMap,https://www.openstreetmap.org/way/1552983226,ODbL 1.0,2026-10-03,,0.5,prawdopodobne
way/1552983227,lit,no,OpenStreetMap,https://www.openstreetmap.org/way/1552983227,ODbL 1.0,2026-10-03,,0.5,prawdopodobne
way/1552983242,wheelchair,yes,OpenStreetMap,https://www.openstreetmap.org/way/1552983242,ODbL 1.0,2026-10-03,,0.5,prawdopodobne
way/1553209645,wheelchair,yes,OpenStreetMap,https://www.openstreetmap.org/way/1553209645,ODbL 1.0,2026-10-03,,0.5,prawdopodobne
way/1555340111,wheelchair,yes,OpenStreetMap,https://www.openstreetmap.org/way/1555340111,ODbL 1.0,2026-10-03,2026-09-05,0.8,potwierdzone
